2025-09-07 21:13:19,483 - INFO - 🚀 Starting CodeT5 environment setup...
2025-09-07 21:13:19,483 - INFO - Step 1: Installing dependencies...
2025-09-07 21:13:19,483 - INFO - 📦 Installing CodeT5 dependencies...
2025-09-07 21:13:19,483 - INFO - Installing transformers==4.35.0
2025-09-07 21:13:25,996 - INFO - ✅ transformers installed successfully
2025-09-07 21:13:25,996 - INFO - Installing torch==2.1.0
2025-09-07 21:13:26,331 - WARNING - ⚠️ torch installation failed: ERROR: Could not find a version that satisfies the requirement torch==2.1.0 (from versions: 2.2.0, 2.2.1, 2.2.2, 2.3.0, 2.3.1, 2.4.0, 2.4.1, 2.5.0, 2.5.1, 2.6.0, 2.7.0, 2.7.1, 2.8.0)
ERROR: No matching distribution found for torch==2.1.0

2025-09-07 21:13:26,332 - INFO - Installing datasets==2.14.0
2025-09-07 21:13:33,592 - INFO - ✅ datasets installed successfully
2025-09-07 21:13:33,592 - INFO - Installing accelerate==0.24.0
2025-09-07 21:13:44,964 - INFO - ✅ accelerate installed successfully
2025-09-07 21:13:44,964 - INFO - Installing evaluate==0.4.0
2025-09-07 21:13:45,914 - INFO - ✅ evaluate installed successfully
2025-09-07 21:13:45,914 - INFO - Installing wandb==0.16.0
2025-09-07 21:13:47,853 - INFO - ✅ wandb installed successfully
2025-09-07 21:13:47,853 - INFO - Installing numpy==1.24.0
2025-09-07 21:13:51,204 - WARNING - ⚠️ numpy installation failed:   error: subprocess-exited-with-error
  
  × Getting requirements to build wheel did not run successfully.
  │ exit code: 1
  ╰─> [33 lines of output]
      Traceback (most recent call last):
        File "/Users/bakr/miniforge3/lib/python3.12/site-packages/pip/_vendor/pyproject_hooks/_in_process/_in_process.py", line 389, in <module>
          main()
        File "/Users/bakr/miniforge3/lib/python3.12/site-packages/pip/_vendor/pyproject_hooks/_in_process/_in_process.py", line 373, in main
          json_out["return_val"] = hook(**hook_input["kwargs"])
                                   ^^^^^^^^^^^^^^^^^^^^^^^^^^^^
        File "/Users/bakr/miniforge3/lib/python3.12/site-packages/pip/_vendor/pyproject_hooks/_in_process/_in_process.py", line 137, in get_requires_for_build_wheel
          backend = _build_backend()
                    ^^^^^^^^^^^^^^^^
        File "/Users/bakr/miniforge3/lib/python3.12/site-packages/pip/_vendor/pyproject_hooks/_in_process/_in_process.py", line 70, in _build_backend
          obj = import_module(mod_path)
                ^^^^^^^^^^^^^^^^^^^^^^^
        File "/Users/bakr/miniforge3/lib/python3.12/importlib/__init__.py", line 90, in import_module
          return _bootstrap._gcd_import(name[level:], package, level)
                 ^^^^^^^^^^^^^^^^^^^^^^^^^^^^^^^^^^^^^^^^^^^^^^^^^^^^
        File "<frozen importlib._bootstrap>", line 1387, in _gcd_import
        File "<frozen importlib._bootstrap>", line 1360, in _find_and_load
        File "<frozen importlib._bootstrap>", line 1310, in _find_and_load_unlocked
        File "<frozen importlib._bootstrap>", line 488, in _call_with_frames_removed
        File "<frozen importlib._bootstrap>", line 1387, in _gcd_import
        File "<frozen importlib._bootstrap>", line 1360, in _find_and_load
        File "<frozen importlib._bootstrap>", line 1331, in _find_and_load_unlocked
        File "<frozen importlib._bootstrap>", line 935, in _load_unlocked
        File "<frozen importlib._bootstrap_external>", line 999, in exec_module
        File "<frozen importlib._bootstrap>", line 488, in _call_with_frames_removed
        File "/private/var/folders/ql/btm7z5tx32ddpsky8z3bz4_r0000gn/T/pip-build-env-t4sv9wb9/overlay/lib/python3.12/site-packages/setuptools/__init__.py", line 16, in <module>
          import setuptools.version
        File "/private/var/folders/ql/btm7z5tx32ddpsky8z3bz4_r0000gn/T/pip-build-env-t4sv9wb9/overlay/lib/python3.12/site-packages/setuptools/version.py", line 1, in <module>
          import pkg_resources
        File "/private/var/folders/ql/btm7z5tx32ddpsky8z3bz4_r0000gn/T/pip-build-env-t4sv9wb9/overlay/lib/python3.12/site-packages/pkg_resources/__init__.py", line 2172, in <module>
          register_finder(pkgutil.ImpImporter, find_on_path)
                          ^^^^^^^^^^^^^^^^^^^
      AttributeError: module 'pkgutil' has no attribute 'ImpImporter'. Did you mean: 'zipimporter'?
      [end of output]
  
  note: This error originates from a subprocess, and is likely not a problem with pip.
error: subprocess-exited-with-error

× Getting requirements to build wheel did not run successfully.
│ exit code: 1
╰─> See above for output.

note: This error originates from a subprocess, and is likely not a problem with pip.

2025-09-07 21:13:51,205 - INFO - Installing pandas==2.0.0
2025-09-07 21:16:05,227 - INFO - ✅ pandas installed successfully
2025-09-07 21:16:05,228 - INFO - Installing scikit-learn==1.3.0
2025-09-07 21:18:23,814 - INFO - ✅ scikit-learn installed successfully
2025-09-07 21:18:23,814 - INFO - Installing tqdm==4.66.0
2025-09-07 21:18:24,482 - INFO - ✅ tqdm installed successfully
2025-09-07 21:18:24,482 - INFO - Installing matplotlib==3.7.0
2025-09-07 21:18:43,238 - WARNING - ⚠️ matplotlib installation failed:   error: subprocess-exited-with-error
  
  × Building wheel for matplotlib (pyproject.toml) did not run successfully.
  │ exit code: 1
  ╰─> [972 lines of output]
      /private/var/folders/ql/btm7z5tx32ddpsky8z3bz4_r0000gn/T/pip-build-env-ic_j8k8p/overlay/lib/python3.12/site-packages/setuptools/dist.py:804: SetuptoolsDeprecationWarning: The namespace_packages parameter is deprecated.
      !!
      
              ********************************************************************************
              Please replace its usage with implicit namespaces (PEP 420).
      
              See https://setuptools.pypa.io/en/latest/references/keywords.html#keyword-namespace-packages for details.
              ********************************************************************************
      
      !!
        ep.load()(self, ep.name, value)
      toml section missing PosixPath('pyproject.toml') does not contain a tool.setuptools_scm section
      /private/var/folders/ql/btm7z5tx32ddpsky8z3bz4_r0000gn/T/pip-build-env-ic_j8k8p/overlay/lib/python3.12/site-packages/setuptools_scm/git.py:427: UserWarning: git archive did not support describe output
        warnings.warn("git archive did not support describe output")
      /private/var/folders/ql/btm7z5tx32ddpsky8z3bz4_r0000gn/T/pip-build-env-ic_j8k8p/overlay/lib/python3.12/site-packages/setuptools_scm/git.py:445: UserWarning: unprocessed git archival found (no export subst applied)
        warnings.warn("unprocessed git archival found (no export subst applied)")
      toml section missing PosixPath('pyproject.toml') does not contain a tool.setuptools_scm section
      /private/var/folders/ql/btm7z5tx32ddpsky8z3bz4_r0000gn/T/pip-build-env-ic_j8k8p/overlay/lib/python3.12/site-packages/setuptools/dist.py:759: SetuptoolsDeprecationWarning: License classifiers are deprecated.
      !!
      
              ********************************************************************************
              Please consider removing the following classifiers in favor of a SPDX license expression:
      
              License :: OSI Approved :: Python Software Foundation License
      
              See https://packaging.python.org/en/latest/guides/writing-pyproject-toml/#license for details.
              ********************************************************************************
      
      !!
        self._finalize_license_expression()
      
      Edit mplsetup.cfg to change the build options; suppress output with --quiet.
      
      BUILDING MATPLOTLIB
            python: yes [3.12.11 | packaged by conda-forge | (main, Jun  4 2025,
                        14:38:53) [Clang 18.1.8 ]]
          platform: yes [darwin]
             tests: no  [skipping due to configuration]
            macosx: yes [installing]
      
      running bdist_wheel
      running build
      running build_py
      creating build/lib.macosx-11.0-arm64-cpython-312
      copying lib/pylab.py -> build/lib.macosx-11.0-arm64-cpython-312
      creating build/lib.macosx-11.0-arm64-cpython-312/mpl_toolkits
      copying lib/mpl_toolkits/__init__.py -> build/lib.macosx-11.0-arm64-cpython-312/mpl_toolkits
      creating build/lib.macosx-11.0-arm64-cpython-312/matplotlib
      copying lib/matplotlib/_tight_layout.py -> build/lib.macosx-11.0-arm64-cpython-312/matplotlib
      copying lib/matplotlib/hatch.py -> build/lib.macosx-11.0-arm64-cpython-312/matplotlib
      copying lib/matplotlib/transforms.py -> build/lib.macosx-11.0-arm64-cpython-312/matplotlib
      copying lib/matplotlib/legend_handler.py -> build/lib.macosx-11.0-arm64-cpython-312/matplotlib
      copying lib/matplotlib/axis.py -> build/lib.macosx-11.0-arm64-cpython-312/matplotlib
      copying lib/matplotlib/_tight_bbox.py -> build/lib.macosx-11.0-arm64-cpython-312/matplotlib
      copying lib/matplotlib/textpath.py -> build/lib.macosx-11.0-arm64-cpython-312/matplotlib
      copying lib/matplotlib/quiver.py -> build/lib.macosx-11.0-arm64-cpython-312/matplotlib
      copying lib/matplotlib/backend_bases.py -> build/lib.macosx-11.0-arm64-cpython-312/matplotlib
      copying lib/matplotlib/units.py -> build/lib.macosx-11.0-arm64-cpython-312/matplotlib
      copying lib/matplotlib/pylab.py -> build/lib.macosx-11.0-arm64-cpython-312/matplotlib
      copying lib/matplotlib/colorbar.py -> build/lib.macosx-11.0-arm64-cpython-312/matplotlib
      copying lib/matplotlib/_version.py -> build/lib.macosx-11.0-arm64-cpython-312/matplotlib
      copying lib/matplotlib/_cm.py -> build/lib.macosx-11.0-arm64-cpython-312/matplotlib
      copying lib/matplotlib/backend_managers.py -> build/lib.macosx-11.0-arm64-cpython-312/matplotlib
      copying lib/matplotlib/mathtext.py -> build/lib.macosx-11.0-arm64-cpython-312/matplotlib
      copying lib/matplotlib/_fontconfig_pattern.py -> build/lib.macosx-11.0-arm64-cpython-312/matplotlib
      copying lib/matplotlib/font_manager.py -> build/lib.macosx-11.0-arm64-cpython-312/matplotlib
      copying lib/matplotlib/bezier.py -> build/lib.macosx-11.0-arm64-cpython-312/matplotlib
      copying lib/matplotlib/_afm.py -> build/lib.macosx-11.0-arm64-cpython-312/matplotlib
      copying lib/matplotlib/cm.py -> build/lib.macosx-11.0-arm64-cpython-312/matplotlib
      copying lib/matplotlib/legend.py -> build/lib.macosx-11.0-arm64-cpython-312/matplotlib
      copying lib/matplotlib/figure.py -> build/lib.macosx-11.0-arm64-cpython-312/matplotlib
      copying lib/matplotlib/__init__.py -> build/lib.macosx-11.0-arm64-cpython-312/matplotlib
      copying lib/matplotlib/_mathtext.py -> build/lib.macosx-11.0-arm64-cpython-312/matplotlib
      copying lib/matplotlib/_enums.py -> build/lib.macosx-11.0-arm64-cpython-312/matplotlib
      copying lib/matplotlib/offsetbox.py -> build/lib.macosx-11.0-arm64-cpython-312/matplotlib
      copying lib/matplotlib/tight_bbox.py -> build/lib.macosx-11.0-arm64-cpython-312/matplotlib
      copying lib/matplotlib/container.py -> build/lib.macosx-11.0-arm64-cpython-312/matplotlib
      copying lib/matplotlib/gridspec.py -> build/lib.macosx-11.0-arm64-cpython-312/matplotlib
      copying lib/matplotlib/lines.py -> build/lib.macosx-11.0-arm64-cpython-312/matplotlib
      copying lib/matplotlib/widgets.py -> build/lib.macosx-11.0-arm64-cpython-312/matplotlib
      copying lib/matplotlib/dviread.py -> build/lib.macosx-11.0-arm64-cpython-312/matplotlib
      copying lib/matplotlib/animation.py -> build/lib.macosx-11.0-arm64-cpython-312/matplotlib
      copying lib/matplotlib/type1font.py -> build/lib.macosx-11.0-arm64-cpython-312/matplotlib
      copying lib/matplotlib/_mathtext_data.py -> build/lib.macosx-11.0-arm64-cpython-312/matplotlib
      copying lib/matplotlib/artist.py -> build/lib.macosx-11.0-arm64-cpython-312/matplotlib
      copying lib/matplotlib/backend_tools.py -> build/lib.macosx-11.0-arm64-cpython-312/matplotlib
      copying lib/matplotlib/docstring.py -> build/lib.macosx-11.0-arm64-cpython-312/matplotlib
      copying lib/matplotlib/_internal_utils.py -> build/lib.macosx-11.0-arm64-cpython-312/matplotlib
      copying lib/matplotlib/_color_data.py -> build/lib.macosx-11.0-arm64-cpython-312/matplotlib
      copying lib/matplotlib/texmanager.py -> build/lib.macosx-11.0-arm64-cpython-312/matplotlib
      copying lib/matplotlib/afm.py -> build/lib.macosx-11.0-arm64-cpython-312/matplotlib
      copying lib/matplotlib/patches.py -> build/lib.macosx-11.0-arm64-cpython-312/matplotlib
      copying lib/matplotlib/stackplot.py -> build/lib.macosx-11.0-arm64-cpython-312/matplotlib
      copying lib/matplotlib/collections.py -> build/lib.macosx-11.0-arm64-cpython-312/matplotlib
      copying lib/matplotlib/spines.py -> build/lib.macosx-11.0-arm64-cpython-312/matplotlib
      copying lib/matplotlib/_text_helpers.py -> build/lib.macosx-11.0-arm64-cpython-312/matplotlib
      copying lib/matplotlib/text.py -> build/lib.macosx-11.0-arm64-cpython-312/matplotlib
      copying lib/matplotlib/markers.py -> build/lib.macosx-11.0-arm64-cpython-312/matplotlib
      copying lib/matplotlib/mlab.py -> build/lib.macosx-11.0-arm64-cpython-312/matplotlib
      copying lib/matplotlib/layout_engine.py -> build/lib.macosx-11.0-arm64-cpython-312/matplotlib
      copying lib/matplotlib/_blocking_input.py -> build/lib.macosx-11.0-arm64-cpython-312/matplotlib
      copying lib/matplotlib/fontconfig_pattern.py -> build/lib.macosx-11.0-arm64-cpython-312/matplotlib
      copying lib/matplotlib/_pylab_helpers.py -> build/lib.macosx-11.0-arm64-cpython-312/matplotlib
      copying lib/matplotlib/tight_layout.py -> build/lib.macosx-11.0-arm64-cpython-312/matplotlib
      copying lib/matplotlib/_cm_listed.py -> build/lib.macosx-11.0-arm64-cpython-312/matplotlib
      copying lib/matplotlib/dates.py -> build/lib.macosx-11.0-arm64-cpython-312/matplotlib
      copying lib/matplotlib/table.py -> build/lib.macosx-11.0-arm64-cpython-312/matplotlib
      copying lib/matplotlib/_animation_data.py -> build/lib.macosx-11.0-arm64-cpython-312/matplotlib
      copying lib/matplotlib/pyplot.py -> build/lib.macosx-11.0-arm64-cpython-312/matplotlib
      copying lib/matplotlib/_type1font.py -> build/lib.macosx-11.0-arm64-cpython-312/matplotlib
      copying lib/matplotlib/rcsetup.py -> build/lib.macosx-11.0-arm64-cpython-312/matplotlib
      copying lib/matplotlib/ticker.py -> build/lib.macosx-11.0-arm64-cpython-312/matplotlib
      copying lib/matplotlib/_docstring.py -> build/lib.macosx-11.0-arm64-cpython-312/matplotlib
      copying lib/matplotlib/path.py -> build/lib.macosx-11.0-arm64-cpython-312/matplotlib
      copying lib/matplotlib/_layoutgrid.py -> build/lib.macosx-11.0-arm64-cpython-312/matplotlib
      copying lib/matplotlib/contour.py -> build/lib.macosx-11.0-arm64-cpython-312/matplotlib
      copying lib/matplotlib/image.py -> build/lib.macosx-11.0-arm64-cpython-312/matplotlib
      copying lib/matplotlib/scale.py -> build/lib.macosx-11.0-arm64-cpython-312/matplotlib
      copying lib/matplotlib/category.py -> build/lib.macosx-11.0-arm64-cpython-312/matplotlib
      copying lib/matplotlib/_constrained_layout.py -> build/lib.macosx-11.0-arm64-cpython-312/matplotlib
      copying lib/matplotlib/sankey.py -> build/lib.macosx-11.0-arm64-cpython-312/matplotlib
      copying lib/matplotlib/patheffects.py -> build/lib.macosx-11.0-arm64-cpython-312/matplotlib
      copying lib/matplotlib/streamplot.py -> build/lib.macosx-11.0-arm64-cpython-312/matplotlib
      copying lib/matplotlib/colors.py -> build/lib.macosx-11.0-arm64-cpython-312/matplotlib
      creating build/lib.macosx-11.0-arm64-cpython-312/mpl_toolkits/axes_grid1
      copying lib/mpl_toolkits/axes_grid1/inset_locator.py -> build/lib.macosx-11.0-arm64-cpython-312/mpl_toolkits/axes_grid1
      copying lib/mpl_toolkits/axes_grid1/axes_grid.py -> build/lib.macosx-11.0-arm64-cpython-312/mpl_toolkits/axes_grid1
      copying lib/mpl_toolkits/axes_grid1/parasite_axes.py -> build/lib.macosx-11.0-arm64-cpython-312/mpl_toolkits/axes_grid1
      copying lib/mpl_toolkits/axes_grid1/anchored_artists.py -> build/lib.macosx-11.0-arm64-cpython-312/mpl_toolkits/axes_grid1
      copying lib/mpl_toolkits/axes_grid1/__init__.py -> build/lib.macosx-11.0-arm64-cpython-312/mpl_toolkits/axes_grid1
      copying lib/mpl_toolkits/axes_grid1/axes_size.py -> build/lib.macosx-11.0-arm64-cpython-312/mpl_toolkits/axes_grid1
      copying lib/mpl_toolkits/axes_grid1/mpl_axes.py -> build/lib.macosx-11.0-arm64-cpython-312/mpl_toolkits/axes_grid1
      copying lib/mpl_toolkits/axes_grid1/axes_rgb.py -> build/lib.macosx-11.0-arm64-cpython-312/mpl_toolkits/axes_grid1
      copying lib/mpl_toolkits/axes_grid1/axes_divider.py -> build/lib.macosx-11.0-arm64-cpython-312/mpl_toolkits/axes_grid1
      creating build/lib.macosx-11.0-arm64-cpython-312/mpl_toolkits/mplot3d
      copying lib/mpl_toolkits/mplot3d/proj3d.py -> build/lib.macosx-11.0-arm64-cpython-312/mpl_toolkits/mplot3d
      copying lib/mpl_toolkits/mplot3d/__init__.py -> build/lib.macosx-11.0-arm64-cpython-312/mpl_toolkits/mplot3d
      copying lib/mpl_toolkits/mplot3d/axes3d.py -> build/lib.macosx-11.0-arm64-cpython-312/mpl_toolkits/mplot3d
      copying lib/mpl_toolkits/mplot3d/axis3d.py -> build/lib.macosx-11.0-arm64-cpython-312/mpl_toolkits/mplot3d
      copying lib/mpl_toolkits/mplot3d/art3d.py -> build/lib.macosx-11.0-arm64-cpython-312/mpl_toolkits/mplot3d
      creating build/lib.macosx-11.0-arm64-cpython-312/mpl_toolkits/axisartist
      copying lib/mpl_toolkits/axisartist/axislines.py -> build/lib.macosx-11.0-arm64-cpython-312/mpl_toolkits/axisartist
      copying lib/mpl_toolkits/axisartist/axes_grid.py -> build/lib.macosx-11.0-arm64-cpython-312/mpl_toolkits/axisartist
      copying lib/mpl_toolkits/axisartist/grid_finder.py -> build/lib.macosx-11.0-arm64-cpython-312/mpl_toolkits/axisartist
      copying lib/mpl_toolkits/axisartist/parasite_axes.py -> build/lib.macosx-11.0-arm64-cpython-312/mpl_toolkits/axisartist
      copying lib/mpl_toolkits/axisartist/axis_artist.py -> build/lib.macosx-11.0-arm64-cpython-312/mpl_toolkits/axisartist
      copying lib/mpl_toolkits/axisartist/axisline_style.py -> build/lib.macosx-11.0-arm64-cpython-312/mpl_toolkits/axisartist
      copying lib/mpl_toolkits/axisartist/__init__.py -> build/lib.macosx-11.0-arm64-cpython-312/mpl_toolkits/axisartist
      copying lib/mpl_toolkits/axisartist/angle_helper.py -> build/lib.macosx-11.0-arm64-cpython-312/mpl_toolkits/axisartist
      copying lib/mpl_toolkits/axisartist/grid_helper_curvelinear.py -> build/lib.macosx-11.0-arm64-cpython-312/mpl_toolkits/axisartist
      copying lib/mpl_toolkits/axisartist/floating_axes.py -> build/lib.macosx-11.0-arm64-cpython-312/mpl_toolkits/axisartist
      copying lib/mpl_toolkits/axisartist/axes_rgb.py -> build/lib.macosx-11.0-arm64-cpython-312/mpl_toolkits/axisartist
      copying lib/mpl_toolkits/axisartist/axes_divider.py -> build/lib.macosx-11.0-arm64-cpython-312/mpl_toolkits/axisartist
      creating build/lib.macosx-11.0-arm64-cpython-312/mpl_toolkits/axes_grid1/tests
      copying lib/mpl_toolkits/axes_grid1/tests/conftest.py -> build/lib.macosx-11.0-arm64-cpython-312/mpl_toolkits/axes_grid1/tests
      copying lib/mpl_toolkits/axes_grid1/tests/__init__.py -> build/lib.macosx-11.0-arm64-cpython-312/mpl_toolkits/axes_grid1/tests
      copying lib/mpl_toolkits/axes_grid1/tests/test_axes_grid1.py -> build/lib.macosx-11.0-arm64-cpython-312/mpl_toolkits/axes_grid1/tests
      creating build/lib.macosx-11.0-arm64-cpython-312/mpl_toolkits/mplot3d/tests
      copying lib/mpl_toolkits/mplot3d/tests/test_art3d.py -> build/lib.macosx-11.0-arm64-cpython-312/mpl_toolkits/mplot3d/tests
      copying lib/mpl_toolkits/mplot3d/tests/conftest.py -> build/lib.macosx-11.0-arm64-cpython-312/mpl_toolkits/mplot3d/tests
      copying lib/mpl_toolkits/mplot3d/tests/__init__.py -> build/lib.macosx-11.0-arm64-cpython-312/mpl_toolkits/mplot3d/tests
      copying lib/mpl_toolkits/mplot3d/tests/test_legend3d.py -> build/lib.macosx-11.0-arm64-cpython-312/mpl_toolkits/mplot3d/tests
      copying lib/mpl_toolkits/mplot3d/tests/test_axes3d.py -> build/lib.macosx-11.0-arm64-cpython-312/mpl_toolkits/mplot3d/tests
      creating build/lib.macosx-11.0-arm64-cpython-312/mpl_toolkits/axisartist/tests
      copying lib/mpl_toolkits/axisartist/tests/test_axis_artist.py -> build/lib.macosx-11.0-arm64-cpython-312/mpl_toolkits/axisartist/tests
      copying lib/mpl_toolkits/axisartist/tests/conftest.py -> build/lib.macosx-11.0-arm64-cpython-312/mpl_toolkits/axisartist/tests
      copying lib/mpl_toolkits/axisartist/tests/test_grid_finder.py -> build/lib.macosx-11.0-arm64-cpython-312/mpl_toolkits/axisartist/tests
      copying lib/mpl_toolkits/axisartist/tests/__init__.py -> build/lib.macosx-11.0-arm64-cpython-312/mpl_toolkits/axisartist/tests
      copying lib/mpl_toolkits/axisartist/tests/test_angle_helper.py -> build/lib.macosx-11.0-arm64-cpython-312/mpl_toolkits/axisartist/tests
      copying lib/mpl_toolkits/axisartist/tests/test_axislines.py -> build/lib.macosx-11.0-arm64-cpython-312/mpl_toolkits/axisartist/tests
      copying lib/mpl_toolkits/axisartist/tests/test_grid_helper_curvelinear.py -> build/lib.macosx-11.0-arm64-cpython-312/mpl_toolkits/axisartist/tests
      copying lib/mpl_toolkits/axisartist/tests/test_floating_axes.py -> build/lib.macosx-11.0-arm64-cpython-312/mpl_toolkits/axisartist/tests
      creating build/lib.macosx-11.0-arm64-cpython-312/matplotlib/tri
      copying lib/matplotlib/tri/_tripcolor.py -> build/lib.macosx-11.0-arm64-cpython-312/matplotlib/tri
      copying lib/matplotlib/tri/_trifinder.py -> build/lib.macosx-11.0-arm64-cpython-312/matplotlib/tri
      copying lib/matplotlib/tri/_triangulation.py -> build/lib.macosx-11.0-arm64-cpython-312/matplotlib/tri
      copying lib/matplotlib/tri/trirefine.py -> build/lib.macosx-11.0-arm64-cpython-312/matplotlib/tri
      copying lib/matplotlib/tri/tripcolor.py -> build/lib.macosx-11.0-arm64-cpython-312/matplotlib/tri
      copying lib/matplotlib/tri/trifinder.py -> build/lib.macosx-11.0-arm64-cpython-312/matplotlib/tri
      copying lib/matplotlib/tri/__init__.py -> build/lib.macosx-11.0-arm64-cpython-312/matplotlib/tri
      copying lib/matplotlib/tri/_trirefine.py -> build/lib.macosx-11.0-arm64-cpython-312/matplotlib/tri
      copying lib/matplotlib/tri/triplot.py -> build/lib.macosx-11.0-arm64-cpython-312/matplotlib/tri
      copying lib/matplotlib/tri/_triplot.py -> build/lib.macosx-11.0-arm64-cpython-312/matplotlib/tri
      copying lib/matplotlib/tri/_tritools.py -> build/lib.macosx-11.0-arm64-cpython-312/matplotlib/tri
      copying lib/matplotlib/tri/tritools.py -> build/lib.macosx-11.0-arm64-cpython-312/matplotlib/tri
      copying lib/matplotlib/tri/tricontour.py -> build/lib.macosx-11.0-arm64-cpython-312/matplotlib/tri
      copying lib/matplotlib/tri/_triinterpolate.py -> build/lib.macosx-11.0-arm64-cpython-312/matplotlib/tri
      copying lib/matplotlib/tri/_tricontour.py -> build/lib.macosx-11.0-arm64-cpython-312/matplotlib/tri
      copying lib/matplotlib/tri/triangulation.py -> build/lib.macosx-11.0-arm64-cpython-312/matplotlib/tri
      copying lib/matplotlib/tri/triinterpolate.py -> build/lib.macosx-11.0-arm64-cpython-312/matplotlib/tri
      creating build/lib.macosx-11.0-arm64-cpython-312/matplotlib/axes
      copying lib/matplotlib/axes/_axes.py -> build/lib.macosx-11.0-arm64-cpython-312/matplotlib/axes
      copying lib/matplotlib/axes/_base.py -> build/lib.macosx-11.0-arm64-cpython-312/matplotlib/axes
      copying lib/matplotlib/axes/__init__.py -> build/lib.macosx-11.0-arm64-cpython-312/matplotlib/axes
      copying lib/matplotlib/axes/_secondary_axes.py -> build/lib.macosx-11.0-arm64-cpython-312/matplotlib/axes
      creating build/lib.macosx-11.0-arm64-cpython-312/matplotlib/sphinxext
      copying lib/matplotlib/sphinxext/__init__.py -> build/lib.macosx-11.0-arm64-cpython-312/matplotlib/sphinxext
      copying lib/matplotlib/sphinxext/mathmpl.py -> build/lib.macosx-11.0-arm64-cpython-312/matplotlib/sphinxext
      copying lib/matplotlib/sphinxext/plot_directive.py -> build/lib.macosx-11.0-arm64-cpython-312/matplotlib/sphinxext
      creating build/lib.macosx-11.0-arm64-cpython-312/matplotlib/cbook
      copying lib/matplotlib/cbook/__init__.py -> build/lib.macosx-11.0-arm64-cpython-312/matplotlib/cbook
      creating build/lib.macosx-11.0-arm64-cpython-312/matplotlib/backends
      copying lib/matplotlib/backends/_backend_gtk.py -> build/lib.macosx-11.0-arm64-cpython-312/matplotlib/backends
      copying lib/matplotlib/backends/backend_template.py -> build/lib.macosx-11.0-arm64-cpython-312/matplotlib/backends
      copying lib/matplotlib/backends/backend_qtcairo.py -> build/lib.macosx-11.0-arm64-cpython-312/matplotlib/backends
      copying lib/matplotlib/backends/backend_qt.py -> build/lib.macosx-11.0-arm64-cpython-312/matplotlib/backends
      copying lib/matplotlib/backends/backend_gtk3cairo.py -> build/lib.macosx-11.0-arm64-cpython-312/matplotlib/backends
      copying lib/matplotlib/backends/backend_tkagg.py -> build/lib.macosx-11.0-arm64-cpython-312/matplotlib/backends
      copying lib/matplotlib/backends/backend_gtk4agg.py -> build/lib.macosx-11.0-arm64-cpython-312/matplotlib/backends
      copying lib/matplotlib/backends/backend_qt5agg.py -> build/lib.macosx-11.0-arm64-cpython-312/matplotlib/backends
      copying lib/matplotlib/backends/backend_qt5.py -> build/lib.macosx-11.0-arm64-cpython-312/matplotlib/backends
      copying lib/matplotlib/backends/backend_gtk3agg.py -> build/lib.macosx-11.0-arm64-cpython-312/matplotlib/backends
      copying lib/matplotlib/backends/backend_cairo.py -> build/lib.macosx-11.0-arm64-cpython-312/matplotlib/backends
      copying lib/matplotlib/backends/backend_pdf.py -> build/lib.macosx-11.0-arm64-cpython-312/matplotlib/backends
      copying lib/matplotlib/backends/backend_wxagg.py -> build/lib.macosx-11.0-arm64-cpython-312/matplotlib/backends
      copying lib/matplotlib/backends/backend_pgf.py -> build/lib.macosx-11.0-arm64-cpython-312/matplotlib/backends
      copying lib/matplotlib/backends/backend_mixed.py -> build/lib.macosx-11.0-arm64-cpython-312/matplotlib/backends
      copying lib/matplotlib/backends/backend_macosx.py -> build/lib.macosx-11.0-arm64-cpython-312/matplotlib/backends
      copying lib/matplotlib/backends/backend_gtk4.py -> build/lib.macosx-11.0-arm64-cpython-312/matplotlib/backends
      copying lib/matplotlib/backends/__init__.py -> build/lib.macosx-11.0-arm64-cpython-312/matplotlib/backends
      copying lib/matplotlib/backends/backend_tkcairo.py -> build/lib.macosx-11.0-arm64-cpython-312/matplotlib/backends
      copying lib/matplotlib/backends/backend_gtk3.py -> build/lib.macosx-11.0-arm64-cpython-312/matplotlib/backends
      copying lib/matplotlib/backends/backend_wxcairo.py -> build/lib.macosx-11.0-arm64-cpython-312/matplotlib/backends
      copying lib/matplotlib/backends/backend_nbagg.py -> build/lib.macosx-11.0-arm64-cpython-312/matplotlib/backends
      copying lib/matplotlib/backends/backend_webagg_core.py -> build/lib.macosx-11.0-arm64-cpython-312/matplotlib/backends
      copying lib/matplotlib/backends/backend_gtk4cairo.py -> build/lib.macosx-11.0-arm64-cpython-312/matplotlib/backends
      copying lib/matplotlib/backends/backend_wx.py -> build/lib.macosx-11.0-arm64-cpython-312/matplotlib/backends
      copying lib/matplotlib/backends/backend_qt5cairo.py -> build/lib.macosx-11.0-arm64-cpython-312/matplotlib/backends
      copying lib/matplotlib/backends/_backend_tk.py -> build/lib.macosx-11.0-arm64-cpython-312/matplotlib/backends
      copying lib/matplotlib/backends/qt_compat.py -> build/lib.macosx-11.0-arm64-cpython-312/matplotlib/backends
      copying lib/matplotlib/backends/backend_svg.py -> build/lib.macosx-11.0-arm64-cpython-312/matplotlib/backends
      copying lib/matplotlib/backends/_backend_pdf_ps.py -> build/lib.macosx-11.0-arm64-cpython-312/matplotlib/backends
      copying lib/matplotlib/backends/backend_webagg.py -> build/lib.macosx-11.0-arm64-cpython-312/matplotlib/backends
      copying lib/matplotlib/backends/backend_ps.py -> build/lib.macosx-11.0-arm64-cpython-312/matplotlib/backends
      copying lib/matplotlib/backends/backend_qtagg.py -> build/lib.macosx-11.0-arm64-cpython-312/matplotlib/backends
      copying lib/matplotlib/backends/backend_agg.py -> build/lib.macosx-11.0-arm64-cpython-312/matplotlib/backends
      creating build/lib.macosx-11.0-arm64-cpython-312/matplotlib/tests
      copying lib/matplotlib/tests/test_marker.py -> build/lib.macosx-11.0-arm64-cpython-312/matplotlib/tests
      copying lib/matplotlib/tests/test_determinism.py -> build/lib.macosx-11.0-arm64-cpython-312/matplotlib/tests
      copying lib/matplotlib/tests/test_backend_tk.py -> build/lib.macosx-11.0-arm64-cpython-312/matplotlib/tests
      copying lib/matplotlib/tests/test_skew.py -> build/lib.macosx-11.0-arm64-cpython-312/matplotlib/tests
      copying lib/matplotlib/tests/test_cycles.py -> build/lib.macosx-11.0-arm64-cpython-312/matplotlib/tests
      copying lib/matplotlib/tests/test_artist.py -> build/lib.macosx-11.0-arm64-cpython-312/matplotlib/tests
      copying lib/matplotlib/tests/test_backend_webagg.py -> build/lib.macosx-11.0-arm64-cpython-312/matplotlib/tests
      copying lib/matplotlib/tests/test_backend_pdf.py -> build/lib.macosx-11.0-arm64-cpython-312/matplotlib/tests
      copying lib/matplotlib/tests/test_lines.py -> build/lib.macosx-11.0-arm64-cpython-312/matplotlib/tests
      copying lib/matplotlib/tests/test_basic.py -> build/lib.macosx-11.0-arm64-cpython-312/matplotlib/tests
      copying lib/matplotlib/tests/test_backend_bases.py -> build/lib.macosx-11.0-arm64-cpython-312/matplotlib/tests
      copying lib/matplotlib/tests/test_ft2font.py -> build/lib.macosx-11.0-arm64-cpython-312/matplotlib/tests
      copying lib/matplotlib/tests/test_backend_pgf.py -> build/lib.macosx-11.0-arm64-cpython-312/matplotlib/tests
      copying lib/matplotlib/tests/conftest.py -> build/lib.macosx-11.0-arm64-cpython-312/matplotlib/tests
      copying lib/matplotlib/tests/test_simplification.py -> build/lib.macosx-11.0-arm64-cpython-312/matplotlib/tests
      copying lib/matplotlib/tests/test_spines.py -> build/lib.macosx-11.0-arm64-cpython-312/matplotlib/tests
      copying lib/matplotlib/tests/test_mathtext.py -> build/lib.macosx-11.0-arm64-cpython-312/matplotlib/tests
      copying lib/matplotlib/tests/test_arrow_patches.py -> build/lib.macosx-11.0-arm64-cpython-312/matplotlib/tests
      copying lib/matplotlib/tests/test_streamplot.py -> build/lib.macosx-11.0-arm64-cpython-312/matplotlib/tests
      copying lib/matplotlib/tests/test_tightlayout.py -> build/lib.macosx-11.0-arm64-cpython-312/matplotlib/tests
      copying lib/matplotlib/tests/test_backend_ps.py -> build/lib.macosx-11.0-arm64-cpython-312/matplotlib/tests
      copying lib/matplotlib/tests/test_type1font.py -> build/lib.macosx-11.0-arm64-cpython-312/matplotlib/tests
      copying lib/matplotlib/tests/test_animation.py -> build/lib.macosx-11.0-arm64-cpython-312/matplotlib/tests
      copying lib/matplotlib/tests/test_container.py -> build/lib.macosx-11.0-arm64-cpython-312/matplotlib/tests
      copying lib/matplotlib/tests/test_pickle.py -> build/lib.macosx-11.0-arm64-cpython-312/matplotlib/tests
      copying lib/matplotlib/tests/test_dates.py -> build/lib.macosx-11.0-arm64-cpython-312/matplotlib/tests
      copying lib/matplotlib/tests/test_table.py -> build/lib.macosx-11.0-arm64-cpython-312/matplotlib/tests
      copying lib/matplotlib/tests/test_backend_gtk3.py -> build/lib.macosx-11.0-arm64-cpython-312/matplotlib/tests
      copying lib/matplotlib/tests/test_texmanager.py -> build/lib.macosx-11.0-arm64-cpython-312/matplotlib/tests
      copying lib/matplotlib/tests/test_pyplot.py -> build/lib.macosx-11.0-arm64-cpython-312/matplotlib/tests
      copying lib/matplotlib/tests/test_backends_interactive.py -> build/lib.macosx-11.0-arm64-cpython-312/matplotlib/tests
      copying lib/matplotlib/tests/test_textpath.py -> build/lib.macosx-11.0-arm64-cpython-312/matplotlib/tests
      copying lib/matplotlib/tests/test_subplots.py -> build/lib.macosx-11.0-arm64-cpython-312/matplotlib/tests
      copying lib/matplotlib/tests/test_getattr.py -> build/lib.macosx-11.0-arm64-cpython-312/matplotlib/tests
      copying lib/matplotlib/tests/test_ticker.py -> build/lib.macosx-11.0-arm64-cpython-312/matplotlib/tests
      copying lib/matplotlib/tests/test_image.py -> build/lib.macosx-11.0-arm64-cpython-312/matplotlib/tests
      copying lib/matplotlib/tests/test_fontconfig_pattern.py -> build/lib.macosx-11.0-arm64-cpython-312/matplotlib/tests
      copying lib/matplotlib/tests/test_scale.py -> build/lib.macosx-11.0-arm64-cpython-312/matplotlib/tests
      copying lib/matplotlib/tests/__init__.py -> build/lib.macosx-11.0-arm64-cpython-312/matplotlib/tests
      copying lib/matplotlib/tests/test_sankey.py -> build/lib.macosx-11.0-arm64-cpython-312/matplotlib/tests
      copying lib/matplotlib/tests/test_colorbar.py -> build/lib.macosx-11.0-arm64-cpython-312/matplotlib/tests
      copying lib/matplotlib/tests/test_colors.py -> build/lib.macosx-11.0-arm64-cpython-312/matplotlib/tests
      copying lib/matplotlib/tests/test_usetex.py -> build/lib.macosx-11.0-arm64-cpython-312/matplotlib/tests
      copying lib/matplotlib/tests/test_backend_cairo.py -> build/lib.macosx-11.0-arm64-cpython-312/matplotlib/tests
      copying lib/matplotlib/tests/test_mlab.py -> build/lib.macosx-11.0-arm64-cpython-312/matplotlib/tests
      copying lib/matplotlib/tests/test_font_manager.py -> build/lib.macosx-11.0-arm64-cpython-312/matplotlib/tests
      copying lib/matplotlib/tests/test_polar.py -> build/lib.macosx-11.0-arm64-cpython-312/matplotlib/tests
      copying lib/matplotlib/tests/test_agg.py -> build/lib.macosx-11.0-arm64-cpython-312/matplotlib/tests
      copying lib/matplotlib/tests/test_quiver.py -> build/lib.macosx-11.0-arm64-cpython-312/matplotlib/tests
      copying lib/matplotlib/tests/test_text.py -> build/lib.macosx-11.0-arm64-cpython-312/matplotlib/tests
      copying lib/matplotlib/tests/test_units.py -> build/lib.macosx-11.0-arm64-cpython-312/matplotlib/tests
      copying lib/matplotlib/tests/test_dviread.py -> build/lib.macosx-11.0-arm64-cpython-312/matplotlib/tests
      copying lib/matplotlib/tests/test_widgets.py -> build/lib.macosx-11.0-arm64-cpython-312/matplotlib/tests
      copying lib/matplotlib/tests/test_preprocess_data.py -> build/lib.macosx-11.0-arm64-cpython-312/matplotlib/tests
      copying lib/matplotlib/tests/test_constrainedlayout.py -> build/lib.macosx-11.0-arm64-cpython-312/matplotlib/tests
      copying lib/matplotlib/tests/test_backend_nbagg.py -> build/lib.macosx-11.0-arm64-cpython-312/matplotlib/tests
      copying lib/matplotlib/tests/test_backend_macosx.py -> build/lib.macosx-11.0-arm64-cpython-312/matplotlib/tests
      copying lib/matplotlib/tests/test_patheffects.py -> build/lib.macosx-11.0-arm64-cpython-312/matplotlib/tests
      copying lib/matplotlib/tests/test_patches.py -> build/lib.macosx-11.0-arm64-cpython-312/matplotlib/tests
      copying lib/matplotlib/tests/test_rcparams.py -> build/lib.macosx-11.0-arm64-cpython-312/matplotlib/tests
      copying lib/matplotlib/tests/test_backend_tools.py -> build/lib.macosx-11.0-arm64-cpython-312/matplotlib/tests
      copying lib/matplotlib/tests/test_agg_filter.py -> build/lib.macosx-11.0-arm64-cpython-312/matplotlib/tests
      copying lib/matplotlib/tests/test_style.py -> build/lib.macosx-11.0-arm64-cpython-312/matplotlib/tests
      copying lib/matplotlib/tests/test_category.py -> build/lib.macosx-11.0-arm64-cpython-312/matplotlib/tests
      copying lib/matplotlib/tests/test_offsetbox.py -> build/lib.macosx-11.0-arm64-cpython-312/matplotlib/tests
      copying lib/matplotlib/tests/test_contour.py -> build/lib.macosx-11.0-arm64-cpython-312/matplotlib/tests
      copying lib/matplotlib/tests/test_triangulation.py -> build/lib.macosx-11.0-arm64-cpython-312/matplotlib/tests
      copying lib/matplotlib/tests/test_backend_template.py -> build/lib.macosx-11.0-arm64-cpython-312/matplotlib/tests
      copying lib/matplotlib/tests/test_bbox_tight.py -> build/lib.macosx-11.0-arm64-cpython-312/matplotlib/tests
      copying lib/matplotlib/tests/test_png.py -> build/lib.macosx-11.0-arm64-cpython-312/matplotlib/tests
      copying lib/matplotlib/tests/test_transforms.py -> build/lib.macosx-11.0-arm64-cpython-312/matplotlib/tests
      copying lib/matplotlib/tests/test_cbook.py -> build/lib.macosx-11.0-arm64-cpython-312/matplotlib/tests
      copying lib/matplotlib/tests/test_api.py -> build/lib.macosx-11.0-arm64-cpython-312/matplotlib/tests
      copying lib/matplotlib/tests/test_backend_qt.py -> build/lib.macosx-11.0-arm64-cpython-312/matplotlib/tests
      copying lib/matplotlib/tests/test_gridspec.py -> build/lib.macosx-11.0-arm64-cpython-312/matplotlib/tests
      copying lib/matplotlib/tests/test_afm.py -> build/lib.macosx-11.0-arm64-cpython-312/matplotlib/tests
      copying lib/matplotlib/tests/test_path.py -> build/lib.macosx-11.0-arm64-cpython-312/matplotlib/tests
      copying lib/matplotlib/tests/test_collections.py -> build/lib.macosx-11.0-arm64-cpython-312/matplotlib/tests
      copying lib/matplotlib/tests/test_axes.py -> build/lib.macosx-11.0-arm64-cpython-312/matplotlib/tests
      copying lib/matplotlib/tests/test_figure.py -> build/lib.macosx-11.0-arm64-cpython-312/matplotlib/tests
      copying lib/matplotlib/tests/test_legend.py -> build/lib.macosx-11.0-arm64-cpython-312/matplotlib/tests
      copying lib/matplotlib/tests/test_doc.py -> build/lib.macosx-11.0-arm64-cpython-312/matplotlib/tests
      copying lib/matplotlib/tests/test_sphinxext.py -> build/lib.macosx-11.0-arm64-cpython-312/matplotlib/tests
      copying lib/matplotlib/tests/test_matplotlib.py -> build/lib.macosx-11.0-arm64-cpython-312/matplotlib/tests
      copying lib/matplotlib/tests/test_compare_images.py -> build/lib.macosx-11.0-arm64-cpython-312/matplotlib/tests
      copying lib/matplotlib/tests/test_ttconv.py -> build/lib.macosx-11.0-arm64-cpython-312/matplotlib/tests
      copying lib/matplotlib/tests/test_backend_svg.py -> build/lib.macosx-11.0-arm64-cpython-312/matplotlib/tests
      copying lib/matplotlib/tests/test_testing.py -> build/lib.macosx-11.0-arm64-cpython-312/matplotlib/tests
      creating build/lib.macosx-11.0-arm64-cpython-312/matplotlib/_api
      copying lib/matplotlib/_api/deprecation.py -> build/lib.macosx-11.0-arm64-cpython-312/matplotlib/_api
      copying lib/matplotlib/_api/__init__.py -> build/lib.macosx-11.0-arm64-cpython-312/matplotlib/_api
      creating build/lib.macosx-11.0-arm64-cpython-312/matplotlib/style
      copying lib/matplotlib/style/__init__.py -> build/lib.macosx-11.0-arm64-cpython-312/matplotlib/style
      copying lib/matplotlib/style/core.py -> build/lib.macosx-11.0-arm64-cpython-312/matplotlib/style
      creating build/lib.macosx-11.0-arm64-cpython-312/matplotlib/projections
      copying lib/matplotlib/projections/geo.py -> build/lib.macosx-11.0-arm64-cpython-312/matplotlib/projections
      copying lib/matplotlib/projections/polar.py -> build/lib.macosx-11.0-arm64-cpython-312/matplotlib/projections
      copying lib/matplotlib/projections/__init__.py -> build/lib.macosx-11.0-arm64-cpython-312/matplotlib/projections
      creating build/lib.macosx-11.0-arm64-cpython-312/matplotlib/testing
      copying lib/matplotlib/testing/conftest.py -> build/lib.macosx-11.0-arm64-cpython-312/matplotlib/testing
      copying lib/matplotlib/testing/__init__.py -> build/lib.macosx-11.0-arm64-cpython-312/matplotlib/testing
      copying lib/matplotlib/testing/widgets.py -> build/lib.macosx-11.0-arm64-cpython-312/matplotlib/testing
      copying lib/matplotlib/testing/exceptions.py -> build/lib.macosx-11.0-arm64-cpython-312/matplotlib/testing
      copying lib/matplotlib/testing/_markers.py -> build/lib.macosx-11.0-arm64-cpython-312/matplotlib/testing
      copying lib/matplotlib/testing/compare.py -> build/lib.macosx-11.0-arm64-cpython-312/matplotlib/testing
      copying lib/matplotlib/testing/decorators.py -> build/lib.macosx-11.0-arm64-cpython-312/matplotlib/testing
      creating build/lib.macosx-11.0-arm64-cpython-312/matplotlib/backends/qt_editor
      copying lib/matplotlib/backends/qt_editor/_formlayout.py -> build/lib.macosx-11.0-arm64-cpython-312/matplotlib/backends/qt_editor
      copying lib/matplotlib/backends/qt_editor/__init__.py -> build/lib.macosx-11.0-arm64-cpython-312/matplotlib/backends/qt_editor
      copying lib/matplotlib/backends/qt_editor/figureoptions.py -> build/lib.macosx-11.0-arm64-cpython-312/matplotlib/backends/qt_editor
      creating build/lib.macosx-11.0-arm64-cpython-312/matplotlib/testing/jpl_units
      copying lib/matplotlib/testing/jpl_units/UnitDblFormatter.py -> build/lib.macosx-11.0-arm64-cpython-312/matplotlib/testing/jpl_units
      copying lib/matplotlib/testing/jpl_units/UnitDbl.py -> build/lib.macosx-11.0-arm64-cpython-312/matplotlib/testing/jpl_units
      copying lib/matplotlib/testing/jpl_units/EpochConverter.py -> build/lib.macosx-11.0-arm64-cpython-312/matplotlib/testing/jpl_units
      copying lib/matplotlib/testing/jpl_units/Duration.py -> build/lib.macosx-11.0-arm64-cpython-312/matplotlib/testing/jpl_units
      copying lib/matplotlib/testing/jpl_units/__init__.py -> build/lib.macosx-11.0-arm64-cpython-312/matplotlib/testing/jpl_units
      copying lib/matplotlib/testing/jpl_units/UnitDblConverter.py -> build/lib.macosx-11.0-arm64-cpython-312/matplotlib/testing/jpl_units
      copying lib/matplotlib/testing/jpl_units/Epoch.py -> build/lib.macosx-11.0-arm64-cpython-312/matplotlib/testing/jpl_units
      copying lib/matplotlib/testing/jpl_units/StrConverter.py -> build/lib.macosx-11.0-arm64-cpython-312/matplotlib/testing/jpl_units
      creating build/lib.macosx-11.0-arm64-cpython-312/matplotlib/mpl-data/stylelib
      copying lib/matplotlib/mpl-data/stylelib/seaborn-v0_8-talk.mplstyle -> build/lib.macosx-11.0-arm64-cpython-312/matplotlib/mpl-data/stylelib
      creating build/lib.macosx-11.0-arm64-cpython-312/matplotlib/backends/web_backend
      copying lib/matplotlib/backends/web_backend/all_figures.html -> build/lib.macosx-11.0-arm64-cpython-312/matplotlib/backends/web_backend
      creating build/lib.macosx-11.0-arm64-cpython-312/matplotlib/mpl-data/fonts/ttf
      copying lib/matplotlib/mpl-data/fonts/ttf/STIXNonUni.ttf -> build/lib.macosx-11.0-arm64-cpython-312/matplotlib/mpl-data/fonts/ttf
      creating build/lib.macosx-11.0-arm64-cpython-312/matplotlib/mpl-data/sample_data
      copying lib/matplotlib/mpl-data/sample_data/msft.csv -> build/lib.macosx-11.0-arm64-cpython-312/matplotlib/mpl-data/sample_data
      copying lib/matplotlib/mpl-data/fonts/ttf/DejaVuSerif-Bold.ttf -> build/lib.macosx-11.0-arm64-cpython-312/matplotlib/mpl-data/fonts/ttf
      creating build/lib.macosx-11.0-arm64-cpython-312/matplotlib/mpl-data/fonts/afm
      copying lib/matplotlib/mpl-data/fonts/afm/phvro8a.afm -> build/lib.macosx-11.0-arm64-cpython-312/matplotlib/mpl-data/fonts/afm
      copying lib/matplotlib/mpl-data/fonts/afm/pbkl8a.afm -> build/lib.macosx-11.0-arm64-cpython-312/matplotlib/mpl-data/fonts/afm
      copying lib/matplotlib/mpl-data/stylelib/grayscale.mplstyle -> build/lib.macosx-11.0-arm64-cpython-312/matplotlib/mpl-data/stylelib
      copying lib/matplotlib/mpl-data/stylelib/ggplot.mplstyle -> build/lib.macosx-11.0-arm64-cpython-312/matplotlib/mpl-data/stylelib
      copying lib/matplotlib/mpl-data/fonts/ttf/DejaVuSerif-Italic.ttf -> build/lib.macosx-11.0-arm64-cpython-312/matplotlib/mpl-data/fonts/ttf
      creating build/lib.macosx-11.0-arm64-cpython-312/matplotlib/mpl-data/fonts/pdfcorefonts
      copying lib/matplotlib/mpl-data/fonts/pdfcorefonts/Helvetica-Bold.afm -> build/lib.macosx-11.0-arm64-cpython-312/matplotlib/mpl-data/fonts/pdfcorefonts
      copying lib/matplotlib/mpl-data/fonts/ttf/STIXSizThreeSymReg.ttf -> build/lib.macosx-11.0-arm64-cpython-312/matplotlib/mpl-data/fonts/ttf
      creating build/lib.macosx-11.0-arm64-cpython-312/matplotlib/mpl-data/images
      copying lib/matplotlib/mpl-data/images/matplotlib.svg -> build/lib.macosx-11.0-arm64-cpython-312/matplotlib/mpl-data/images
      copying lib/matplotlib/mpl-data/fonts/ttf/LICENSE_STIX -> build/lib.macosx-11.0-arm64-cpython-312/matplotlib/mpl-data/fonts/ttf
      copying lib/matplotlib/mpl-data/fonts/afm/pplri8a.afm -> build/lib.macosx-11.0-arm64-cpython-312/matplotlib/mpl-data/fonts/afm
      copying lib/matplotlib/mpl-data/fonts/ttf/STIXNonUniBol.ttf -> build/lib.macosx-11.0-arm64-cpython-312/matplotlib/mpl-data/fonts/ttf
      copying lib/matplotlib/mpl-data/matplotlibrc -> build/lib.macosx-11.0-arm64-cpython-312/matplotlib/mpl-data
      copying lib/matplotlib/mpl-data/fonts/pdfcorefonts/Times-BoldItalic.afm -> build/lib.macosx-11.0-arm64-cpython-312/matplotlib/mpl-data/fonts/pdfcorefonts
      copying lib/matplotlib/mpl-data/fonts/ttf/STIXSizOneSymReg.ttf -> build/lib.macosx-11.0-arm64-cpython-312/matplotlib/mpl-data/fonts/ttf
      copying lib/matplotlib/mpl-data/fonts/ttf/STIXSizTwoSymReg.ttf -> build/lib.macosx-11.0-arm64-cpython-312/matplotlib/mpl-data/fonts/ttf
      copying lib/matplotlib/mpl-data/fonts/ttf/STIXGeneralBol.ttf -> build/lib.macosx-11.0-arm64-cpython-312/matplotlib/mpl-data/fonts/ttf
      copying lib/matplotlib/mpl-data/images/filesave.pdf -> build/lib.macosx-11.0-arm64-cpython-312/matplotlib/mpl-data/images
      copying lib/matplotlib/backends/web_backend/single_figure.html -> build/lib.macosx-11.0-arm64-cpython-312/matplotlib/backends/web_backend
      copying lib/matplotlib/mpl-data/fonts/ttf/DejaVuSansDisplay.ttf -> build/lib.macosx-11.0-arm64-cpython-312/matplotlib/mpl-data/fonts/ttf
      copying lib/matplotlib/mpl-data/sample_data/embedding_in_wx3.xrc -> build/lib.macosx-11.0-arm64-cpython-312/matplotlib/mpl-data/sample_data
      copying lib/matplotlib/mpl-data/fonts/pdfcorefonts/Symbol.afm -> build/lib.macosx-11.0-arm64-cpython-312/matplotlib/mpl-data/fonts/pdfcorefonts
      copying lib/matplotlib/mpl-data/stylelib/seaborn-v0_8-bright.mplstyle -> build/lib.macosx-11.0-arm64-cpython-312/matplotlib/mpl-data/stylelib
      copying lib/matplotlib/mpl-data/fonts/afm/pcrbo8a.afm -> build/lib.macosx-11.0-arm64-cpython-312/matplotlib/mpl-data/fonts/afm
      copying lib/matplotlib/mpl-data/stylelib/fast.mplstyle -> build/lib.macosx-11.0-arm64-cpython-312/matplotlib/mpl-data/stylelib
      copying lib/matplotlib/mpl-data/stylelib/_classic_test_patch.mplstyle -> build/lib.macosx-11.0-arm64-cpython-312/matplotlib/mpl-data/stylelib
      copying lib/matplotlib/mpl-data/fonts/afm/pagko8a.afm -> build/lib.macosx-11.0-arm64-cpython-312/matplotlib/mpl-data/fonts/afm
      copying lib/matplotlib/mpl-data/sample_data/topobathy.npz -> build/lib.macosx-11.0-arm64-cpython-312/matplotlib/mpl-data/sample_data
      copying lib/matplotlib/mpl-data/stylelib/seaborn-v0_8-deep.mplstyle -> build/lib.macosx-11.0-arm64-cpython-312/matplotlib/mpl-data/stylelib
      creating build/lib.macosx-11.0-arm64-cpython-312/matplotlib/backends/web_backend/js
      copying lib/matplotlib/backends/web_backend/js/mpl_tornado.js -> build/lib.macosx-11.0-arm64-cpython-312/matplotlib/backends/web_backend/js
      copying lib/matplotlib/mpl-data/fonts/ttf/DejaVuSansMono.ttf -> build/lib.macosx-11.0-arm64-cpython-312/matplotlib/mpl-data/fonts/ttf
      copying lib/matplotlib/mpl-data/fonts/ttf/DejaVuSansMono-Bold.ttf -> build/lib.macosx-11.0-arm64-cpython-312/matplotlib/mpl-data/fonts/ttf
      copying lib/matplotlib/mpl-data/images/filesave_large.png -> build/lib.macosx-11.0-arm64-cpython-312/matplotlib/mpl-data/images
      copying lib/matplotlib/mpl-data/stylelib/seaborn-v0_8.mplstyle -> build/lib.macosx-11.0-arm64-cpython-312/matplotlib/mpl-data/stylelib
      copying lib/matplotlib/mpl-data/fonts/pdfcorefonts/Helvetica.afm -> build/lib.macosx-11.0-arm64-cpython-312/matplotlib/mpl-data/fonts/pdfcorefonts
      copying lib/matplotlib/mpl-data/stylelib/seaborn-v0_8-dark.mplstyle -> build/lib.macosx-11.0-arm64-cpython-312/matplotlib/mpl-data/stylelib
      copying lib/matplotlib/mpl-data/stylelib/seaborn-v0_8-notebook.mplstyle -> build/lib.macosx-11.0-arm64-cpython-312/matplotlib/mpl-data/stylelib
      copying lib/matplotlib/mpl-data/fonts/afm/pncr8a.afm -> build/lib.macosx-11.0-arm64-cpython-312/matplotlib/mpl-data/fonts/afm
      copying lib/matplotlib/mpl-data/fonts/ttf/STIXNonUniIta.ttf -> build/lib.macosx-11.0-arm64-cpython-312/matplotlib/mpl-data/fonts/ttf
      copying lib/matplotlib/mpl-data/images/help.png -> build/lib.macosx-11.0-arm64-cpython-312/matplotlib/mpl-data/images
      copying lib/matplotlib/mpl-data/fonts/afm/pplbi8a.afm -> build/lib.macosx-11.0-arm64-cpython-312/matplotlib/mpl-data/fonts/afm
      copying lib/matplotlib/mpl-data/fonts/afm/pbkdi8a.afm -> build/lib.macosx-11.0-arm64-cpython-312/matplotlib/mpl-data/fonts/afm
      copying lib/matplotlib/mpl-data/fonts/afm/pncb8a.afm -> build/lib.macosx-11.0-arm64-cpython-312/matplotlib/mpl-data/fonts/afm
      copying lib/matplotlib/mpl-data/fonts/ttf/STIXSizFiveSymReg.ttf -> build/lib.macosx-11.0-arm64-cpython-312/matplotlib/mpl-data/fonts/ttf
      copying lib/matplotlib/mpl-data/fonts/ttf/cmex10.ttf -> build/lib.macosx-11.0-arm64-cpython-312/matplotlib/mpl-data/fonts/ttf
      copying lib/matplotlib/mpl-data/fonts/ttf/cmss10.ttf -> build/lib.macosx-11.0-arm64-cpython-312/matplotlib/mpl-data/fonts/ttf
      copying lib/matplotlib/mpl-data/fonts/afm/pncbi8a.afm -> build/lib.macosx-11.0-arm64-cpython-312/matplotlib/mpl-data/fonts/afm
      copying lib/matplotlib/backends/web_backend/nbagg_uat.ipynb -> build/lib.macosx-11.0-arm64-cpython-312/matplotlib/backends/web_backend
      creating build/lib.macosx-11.0-arm64-cpython-312/matplotlib/mpl-data/plot_directive
      copying lib/matplotlib/mpl-data/plot_directive/plot_directive.css -> build/lib.macosx-11.0-arm64-cpython-312/matplotlib/mpl-data/plot_directive
      copying lib/matplotlib/mpl-data/fonts/afm/pagk8a.afm -> build/lib.macosx-11.0-arm64-cpython-312/matplotlib/mpl-data/fonts/afm
      copying lib/matplotlib/backends/web_backend/.prettierignore -> build/lib.macosx-11.0-arm64-cpython-312/matplotlib/backends/web_backend
      copying lib/matplotlib/mpl-data/images/move-symbolic.svg -> build/lib.macosx-11.0-arm64-cpython-312/matplotlib/mpl-data/images
      copying lib/matplotlib/mpl-data/images/home-symbolic.svg -> build/lib.macosx-11.0-arm64-cpython-312/matplotlib/mpl-data/images
      copying lib/matplotlib/mpl-data/stylelib/_mpl-gallery-nogrid.mplstyle -> build/lib.macosx-11.0-arm64-cpython-312/matplotlib/mpl-data/stylelib
      copying lib/matplotlib/mpl-data/sample_data/Stocks.csv -> build/lib.macosx-11.0-arm64-cpython-312/matplotlib/mpl-data/sample_data
      copying lib/matplotlib/mpl-data/images/zoom_to_rect.svg -> build/lib.macosx-11.0-arm64-cpython-312/matplotlib/mpl-data/images
      copying lib/matplotlib/mpl-data/images/matplotlib.png -> build/lib.macosx-11.0-arm64-cpython-312/matplotlib/mpl-data/images
      copying lib/matplotlib/mpl-data/fonts/ttf/STIXSizThreeSymBol.ttf -> build/lib.macosx-11.0-arm64-cpython-312/matplotlib/mpl-data/fonts/ttf
      copying lib/matplotlib/mpl-data/fonts/afm/ptmri8a.afm -> build/lib.macosx-11.0-arm64-cpython-312/matplotlib/mpl-data/fonts/afm
      copying lib/matplotlib/mpl-data/fonts/ttf/DejaVuSans-BoldOblique.ttf -> build/lib.macosx-11.0-arm64-cpython-312/matplotlib/mpl-data/fonts/ttf
      copying lib/matplotlib/mpl-data/fonts/afm/pplb8a.afm -> build/lib.macosx-11.0-arm64-cpython-312/matplotlib/mpl-data/fonts/afm
      copying lib/matplotlib/mpl-data/fonts/ttf/DejaVuSansMono-Oblique.ttf -> build/lib.macosx-11.0-arm64-cpython-312/matplotlib/mpl-data/fonts/ttf
      copying lib/matplotlib/backends/web_backend/.prettierrc -> build/lib.macosx-11.0-arm64-cpython-312/matplotlib/backends/web_backend
      copying lib/matplotlib/mpl-data/images/zoom_to_rect-symbolic.svg -> build/lib.macosx-11.0-arm64-cpython-312/matplotlib/mpl-data/images
      copying lib/matplotlib/mpl-data/stylelib/seaborn-v0_8-pastel.mplstyle -> build/lib.macosx-11.0-arm64-cpython-312/matplotlib/mpl-data/stylelib
      copying lib/matplotlib/mpl-data/fonts/pdfcorefonts/Times-Roman.afm -> build/lib.macosx-11.0-arm64-cpython-312/matplotlib/mpl-data/fonts/pdfcorefonts
      copying lib/matplotlib/mpl-data/fonts/afm/ptmbi8a.afm -> build/lib.macosx-11.0-arm64-cpython-312/matplotlib/mpl-data/fonts/afm
      copying lib/matplotlib/mpl-data/sample_data/percent_bachelors_degrees_women_usa.csv -> build/lib.macosx-11.0-arm64-cpython-312/matplotlib/mpl-data/sample_data
      copying lib/matplotlib/mpl-data/images/forward_large.png -> build/lib.macosx-11.0-arm64-cpython-312/matplotlib/mpl-data/images
      copying lib/matplotlib/mpl-data/sample_data/jacksboro_fault_dem.npz -> build/lib.macosx-11.0-arm64-cpython-312/matplotlib/mpl-data/sample_data
      copying lib/matplotlib/mpl-data/stylelib/seaborn-v0_8-poster.mplstyle -> build/lib.macosx-11.0-arm64-cpython-312/matplotlib/mpl-data/stylelib
      copying lib/matplotlib/mpl-data/fonts/afm/pbkli8a.afm -> build/lib.macosx-11.0-arm64-cpython-312/matplotlib/mpl-data/fonts/afm
      copying lib/matplotlib/mpl-data/fonts/afm/cmsy10.afm -> build/lib.macosx-11.0-arm64-cpython-312/matplotlib/mpl-data/fonts/afm
      copying lib/matplotlib/mpl-data/fonts/ttf/DejaVuSans-Bold.ttf -> build/lib.macosx-11.0-arm64-cpython-312/matplotlib/mpl-data/fonts/ttf
      copying lib/matplotlib/mpl-data/images/back.png -> build/lib.macosx-11.0-arm64-cpython-312/matplotlib/mpl-data/images
      copying lib/matplotlib/mpl-data/kpsewhich.lua -> build/lib.macosx-11.0-arm64-cpython-312/matplotlib/mpl-data
      copying lib/matplotlib/mpl-data/sample_data/Minduka_Present_Blue_Pack.png -> build/lib.macosx-11.0-arm64-cpython-312/matplotlib/mpl-data/sample_data
      copying lib/matplotlib/mpl-data/fonts/afm/phvb8a.afm -> build/lib.macosx-11.0-arm64-cpython-312/matplotlib/mpl-data/fonts/afm
      copying lib/matplotlib/mpl-data/sample_data/eeg.dat -> build/lib.macosx-11.0-arm64-cpython-312/matplotlib/mpl-data/sample_data
      copying lib/matplotlib/mpl-data/sample_data/logo2.png -> build/lib.macosx-11.0-arm64-cpython-312/matplotlib/mpl-data/sample_data
      copying lib/matplotlib/backends/web_backend/js/nbagg_mpl.js -> build/lib.macosx-11.0-arm64-cpython-312/matplotlib/backends/web_backend/js
      copying lib/matplotlib/mpl-data/images/home.pdf -> build/lib.macosx-11.0-arm64-cpython-312/matplotlib/mpl-data/images
      copying lib/matplotlib/mpl-data/stylelib/seaborn-v0_8-ticks.mplstyle -> build/lib.macosx-11.0-arm64-cpython-312/matplotlib/mpl-data/stylelib
      copying lib/matplotlib/mpl-data/images/move.png -> build/lib.macosx-11.0-arm64-cpython-312/matplotlib/mpl-data/images
      copying lib/matplotlib/mpl-data/images/help.svg -> build/lib.macosx-11.0-arm64-cpython-312/matplotlib/mpl-data/images
      copying lib/matplotlib/mpl-data/fonts/afm/pncri8a.afm -> build/lib.macosx-11.0-arm64-cpython-312/matplotlib/mpl-data/fonts/afm
      copying lib/matplotlib/mpl-data/fonts/afm/psyr.afm -> build/lib.macosx-11.0-arm64-cpython-312/matplotlib/mpl-data/fonts/afm
      copying lib/matplotlib/mpl-data/fonts/afm/phvro8an.afm -> build/lib.macosx-11.0-arm64-cpython-312/matplotlib/mpl-data/fonts/afm
      copying lib/matplotlib/mpl-data/fonts/afm/phvr8a.afm -> build/lib.macosx-11.0-arm64-cpython-312/matplotlib/mpl-data/fonts/afm
      copying lib/matplotlib/mpl-data/fonts/afm/pcrro8a.afm -> build/lib.macosx-11.0-arm64-cpython-312/matplotlib/mpl-data/fonts/afm
      copying lib/matplotlib/mpl-data/fonts/ttf/cmtt10.ttf -> build/lib.macosx-11.0-arm64-cpython-312/matplotlib/mpl-data/fonts/ttf
      copying lib/matplotlib/mpl-data/fonts/afm/putbi8a.afm -> build/lib.macosx-11.0-arm64-cpython-312/matplotlib/mpl-data/fonts/afm
      copying lib/matplotlib/mpl-data/fonts/pdfcorefonts/Times-Bold.afm -> build/lib.macosx-11.0-arm64-cpython-312/matplotlib/mpl-data/fonts/pdfcorefonts
      copying lib/matplotlib/mpl-data/images/subplots.svg -> build/lib.macosx-11.0-arm64-cpython-312/matplotlib/mpl-data/images
      copying lib/matplotlib/mpl-data/fonts/afm/phvb8an.afm -> build/lib.macosx-11.0-arm64-cpython-312/matplotlib/mpl-data/fonts/afm
      copying lib/matplotlib/backends/web_backend/ipython_inline_figure.html -> build/lib.macosx-11.0-arm64-cpython-312/matplotlib/backends/web_backend
      copying lib/matplotlib/mpl-data/stylelib/seaborn-v0_8-white.mplstyle -> build/lib.macosx-11.0-arm64-cpython-312/matplotlib/mpl-data/stylelib
      copying lib/matplotlib/mpl-data/images/zoom_to_rect.pdf -> build/lib.macosx-11.0-arm64-cpython-312/matplotlib/mpl-data/images
      copying lib/matplotlib/mpl-data/stylelib/seaborn-v0_8-dark-palette.mplstyle -> build/lib.macosx-11.0-arm64-cpython-312/matplotlib/mpl-data/stylelib
      copying lib/matplotlib/mpl-data/fonts/afm/cmtt10.afm -> build/lib.macosx-11.0-arm64-cpython-312/matplotlib/mpl-data/fonts/afm
      copying lib/matplotlib/mpl-data/images/matplotlib_large.png -> build/lib.macosx-11.0-arm64-cpython-312/matplotlib/mpl-data/images
      copying lib/matplotlib/mpl-data/images/filesave.svg -> build/lib.macosx-11.0-arm64-cpython-312/matplotlib/mpl-data/images
      copying lib/matplotlib/mpl-data/images/subplots_large.png -> build/lib.macosx-11.0-arm64-cpython-312/matplotlib/mpl-data/images
      copying lib/matplotlib/mpl-data/fonts/ttf/cmmi10.ttf -> build/lib.macosx-11.0-arm64-cpython-312/matplotlib/mpl-data/fonts/ttf
      copying lib/matplotlib/mpl-data/images/home_large.png -> build/lib.macosx-11.0-arm64-cpython-312/matplotlib/mpl-data/images
      copying lib/matplotlib/mpl-data/images/home.png -> build/lib.macosx-11.0-arm64-cpython-312/matplotlib/mpl-data/images
      copying lib/matplotlib/backends/web_backend/.eslintrc.js -> build/lib.macosx-11.0-arm64-cpython-312/matplotlib/backends/web_backend
      copying lib/matplotlib/mpl-data/fonts/ttf/STIXSizFourSymReg.ttf -> build/lib.macosx-11.0-arm64-cpython-312/matplotlib/mpl-data/fonts/ttf
      copying lib/matplotlib/mpl-data/sample_data/s1045.ima.gz -> build/lib.macosx-11.0-arm64-cpython-312/matplotlib/mpl-data/sample_data
      copying lib/matplotlib/mpl-data/images/back.pdf -> build/lib.macosx-11.0-arm64-cpython-312/matplotlib/mpl-data/images
      copying lib/matplotlib/mpl-data/stylelib/classic.mplstyle -> build/lib.macosx-11.0-arm64-cpython-312/matplotlib/mpl-data/stylelib
      copying lib/matplotlib/mpl-data/fonts/afm/cmr10.afm -> build/lib.macosx-11.0-arm64-cpython-312/matplotlib/mpl-data/fonts/afm
      copying lib/matplotlib/mpl-data/images/subplots.png -> build/lib.macosx-11.0-arm64-cpython-312/matplotlib/mpl-data/images
      copying lib/matplotlib/mpl-data/images/subplots-symbolic.svg -> build/lib.macosx-11.0-arm64-cpython-312/matplotlib/mpl-data/images
      copying lib/matplotlib/mpl-data/fonts/pdfcorefonts/Courier-BoldOblique.afm -> build/lib.macosx-11.0-arm64-cpython-312/matplotlib/mpl-data/fonts/pdfcorefonts
      copying lib/matplotlib/mpl-data/fonts/ttf/STIXNonUniBolIta.ttf -> build/lib.macosx-11.0-arm64-cpython-312/matplotlib/mpl-data/fonts/ttf
      copying lib/matplotlib/mpl-data/images/forward.pdf -> build/lib.macosx-11.0-arm64-cpython-312/matplotlib/mpl-data/images
      copying lib/matplotlib/mpl-data/fonts/afm/putri8a.afm -> build/lib.macosx-11.0-arm64-cpython-312/matplotlib/mpl-data/fonts/afm
      creating build/lib.macosx-11.0-arm64-cpython-312/matplotlib/backends/web_backend/css
      copying lib/matplotlib/backends/web_backend/css/boilerplate.css -> build/lib.macosx-11.0-arm64-cpython-312/matplotlib/backends/web_backend/css
      copying lib/matplotlib/mpl-data/images/help_large.png -> build/lib.macosx-11.0-arm64-cpython-312/matplotlib/mpl-data/images
      copying lib/matplotlib/mpl-data/sample_data/data_x_x2_x3.csv -> build/lib.macosx-11.0-arm64-cpython-312/matplotlib/mpl-data/sample_data
      copying lib/matplotlib/mpl-data/images/forward.png -> build/lib.macosx-11.0-arm64-cpython-312/matplotlib/mpl-data/images
      copying lib/matplotlib/mpl-data/fonts/pdfcorefonts/Courier-Bold.afm -> build/lib.macosx-11.0-arm64-cpython-312/matplotlib/mpl-data/fonts/pdfcorefonts
      copying lib/matplotlib/mpl-data/fonts/ttf/DejaVuSerifDisplay.ttf -> build/lib.macosx-11.0-arm64-cpython-312/matplotlib/mpl-data/fonts/ttf
      copying lib/matplotlib/mpl-data/stylelib/seaborn-v0_8-muted.mplstyle -> build/lib.macosx-11.0-arm64-cpython-312/matplotlib/mpl-data/stylelib
      copying lib/matplotlib/mpl-data/fonts/ttf/DejaVuSerif.ttf -> build/lib.macosx-11.0-arm64-cpython-312/matplotlib/mpl-data/fonts/ttf
      copying lib/matplotlib/mpl-data/images/zoom_to_rect_large.png -> build/lib.macosx-11.0-arm64-cpython-312/matplotlib/mpl-data/images
      copying lib/matplotlib/mpl-data/images/forward.svg -> build/lib.macosx-11.0-arm64-cpython-312/matplotlib/mpl-data/images
      copying lib/matplotlib/mpl-data/images/forward-symbolic.svg -> build/lib.macosx-11.0-arm64-cpython-312/matplotlib/mpl-data/images
      copying lib/matplotlib/mpl-data/fonts/afm/ptmb8a.afm -> build/lib.macosx-11.0-arm64-cpython-312/matplotlib/mpl-data/fonts/afm
      copying lib/matplotlib/mpl-data/images/subplots.pdf -> build/lib.macosx-11.0-arm64-cpython-312/matplotlib/mpl-data/images
      copying lib/matplotlib/mpl-data/stylelib/seaborn-v0_8-whitegrid.mplstyle -> build/lib.macosx-11.0-arm64-cpython-312/matplotlib/mpl-data/stylelib
      copying lib/matplotlib/mpl-data/images/qt4_editor_options.pdf -> build/lib.macosx-11.0-arm64-cpython-312/matplotlib/mpl-data/images
      copying lib/matplotlib/mpl-data/fonts/afm/pplr8a.afm -> build/lib.macosx-11.0-arm64-cpython-312/matplotlib/mpl-data/fonts/afm
      copying lib/matplotlib/backends/web_backend/package.json -> build/lib.macosx-11.0-arm64-cpython-312/matplotlib/backends/web_backend
      copying lib/matplotlib/backends/web_backend/css/page.css -> build/lib.macosx-11.0-arm64-cpython-312/matplotlib/backends/web_backend/css
      copying lib/matplotlib/mpl-data/fonts/afm/cmmi10.afm -> build/lib.macosx-11.0-arm64-cpython-312/matplotlib/mpl-data/fonts/afm
      copying lib/matplotlib/mpl-data/fonts/afm/cmex10.afm -> build/lib.macosx-11.0-arm64-cpython-312/matplotlib/mpl-data/fonts/afm
      copying lib/matplotlib/mpl-data/fonts/afm/putb8a.afm -> build/lib.macosx-11.0-arm64-cpython-312/matplotlib/mpl-data/fonts/afm
      copying lib/matplotlib/mpl-data/fonts/pdfcorefonts/Courier.afm -> build/lib.macosx-11.0-arm64-cpython-312/matplotlib/mpl-data/fonts/pdfcorefonts
      copying lib/matplotlib/mpl-data/fonts/ttf/STIXGeneral.ttf -> build/lib.macosx-11.0-arm64-cpython-312/matplotlib/mpl-data/fonts/ttf
      copying lib/matplotlib/mpl-data/fonts/afm/phvbo8a.afm -> build/lib.macosx-11.0-arm64-cpython-312/matplotlib/mpl-data/fonts/afm
      copying lib/matplotlib/backends/web_backend/js/mpl.js -> build/lib.macosx-11.0-arm64-cpython-312/matplotlib/backends/web_backend/js
      copying lib/matplotlib/mpl-data/images/move_large.png -> build/lib.macosx-11.0-arm64-cpython-312/matplotlib/mpl-data/images
      copying lib/matplotlib/mpl-data/fonts/afm/pbkd8a.afm -> build/lib.macosx-11.0-arm64-cpython-312/matplotlib/mpl-data/fonts/afm
      copying lib/matplotlib/mpl-data/fonts/afm/phvbo8an.afm -> build/lib.macosx-11.0-arm64-cpython-312/matplotlib/mpl-data/fonts/afm
      copying lib/matplotlib/mpl-data/fonts/afm/pagdo8a.afm -> build/lib.macosx-11.0-arm64-cpython-312/matplotlib/mpl-data/fonts/afm
      copying lib/matplotlib/mpl-data/fonts/afm/ptmr8a.afm -> build/lib.macosx-11.0-arm64-cpython-312/matplotlib/mpl-data/fonts/afm
      copying lib/matplotlib/mpl-data/fonts/ttf/DejaVuSans.ttf -> build/lib.macosx-11.0-arm64-cpython-312/matplotlib/mpl-data/fonts/ttf
      copying lib/matplotlib/mpl-data/fonts/ttf/DejaVuSansMono-BoldOblique.ttf -> build/lib.macosx-11.0-arm64-cpython-312/matplotlib/mpl-data/fonts/ttf
      copying lib/matplotlib/mpl-data/fonts/afm/pzcmi8a.afm -> build/lib.macosx-11.0-arm64-cpython-312/matplotlib/mpl-data/fonts/afm
      copying lib/matplotlib/mpl-data/fonts/pdfcorefonts/Helvetica-BoldOblique.afm -> build/lib.macosx-11.0-arm64-cpython-312/matplotlib/mpl-data/fonts/pdfcorefonts
      copying lib/matplotlib/mpl-data/images/home.svg -> build/lib.macosx-11.0-arm64-cpython-312/matplotlib/mpl-data/images
      creating build/lib.macosx-11.0-arm64-cpython-312/matplotlib/mpl-data/sample_data/axes_grid
      copying lib/matplotlib/mpl-data/sample_data/axes_grid/bivariate_normal.npy -> build/lib.macosx-11.0-arm64-cpython-312/matplotlib/mpl-data/sample_data/axes_grid
      copying lib/matplotlib/mpl-data/fonts/ttf/DejaVuSans-Oblique.ttf -> build/lib.macosx-11.0-arm64-cpython-312/matplotlib/mpl-data/fonts/ttf
      copying lib/matplotlib/mpl-data/images/back_large.png -> build/lib.macosx-11.0-arm64-cpython-312/matplotlib/mpl-data/images
      copying lib/matplotlib/mpl-data/fonts/afm/pagd8a.afm -> build/lib.macosx-11.0-arm64-cpython-312/matplotlib/mpl-data/fonts/afm
      copying lib/matplotlib/mpl-data/images/help.pdf -> build/lib.macosx-11.0-arm64-cpython-312/matplotlib/mpl-data/images
      copying lib/matplotlib/mpl-data/images/move.pdf -> build/lib.macosx-11.0-arm64-cpython-312/matplotlib/mpl-data/images
      copying lib/matplotlib/mpl-data/fonts/ttf/cmb10.ttf -> build/lib.macosx-11.0-arm64-cpython-312/matplotlib/mpl-data/fonts/ttf
      copying lib/matplotlib/mpl-data/fonts/ttf/STIXSizOneSymBol.ttf -> build/lib.macosx-11.0-arm64-cpython-312/matplotlib/mpl-data/fonts/ttf
      copying lib/matplotlib/mpl-data/images/zoom_to_rect.png -> build/lib.macosx-11.0-arm64-cpython-312/matplotlib/mpl-data/images
      copying lib/matplotlib/mpl-data/fonts/pdfcorefonts/ZapfDingbats.afm -> build/lib.macosx-11.0-arm64-cpython-312/matplotlib/mpl-data/fonts/pdfcorefonts
      copying lib/matplotlib/mpl-data/fonts/ttf/STIXSizFourSymBol.ttf -> build/lib.macosx-11.0-arm64-cpython-312/matplotlib/mpl-data/fonts/ttf
      copying lib/matplotlib/mpl-data/fonts/afm/phvlo8a.afm -> build/lib.macosx-11.0-arm64-cpython-312/matplotlib/mpl-data/fonts/afm
      copying lib/matplotlib/mpl-data/images/filesave.png -> build/lib.macosx-11.0-arm64-cpython-312/matplotlib/mpl-data/images
      copying lib/matplotlib/mpl-data/images/hand.pdf -> build/lib.macosx-11.0-arm64-cpython-312/matplotlib/mpl-data/images
      copying lib/matplotlib/mpl-data/sample_data/grace_hopper.jpg -> build/lib.macosx-11.0-arm64-cpython-312/matplotlib/mpl-data/sample_data
      copying lib/matplotlib/mpl-data/fonts/pdfcorefonts/Times-Italic.afm -> build/lib.macosx-11.0-arm64-cpython-312/matplotlib/mpl-data/fonts/pdfcorefonts
      copying lib/matplotlib/mpl-data/images/move.svg -> build/lib.macosx-11.0-arm64-cpython-312/matplotlib/mpl-data/images
      copying lib/matplotlib/mpl-data/images/back.svg -> build/lib.macosx-11.0-arm64-cpython-312/matplotlib/mpl-data/images
      copying lib/matplotlib/mpl-data/images/qt4_editor_options.svg -> build/lib.macosx-11.0-arm64-cpython-312/matplotlib/mpl-data/images
      copying lib/matplotlib/mpl-data/fonts/pdfcorefonts/Courier-Oblique.afm -> build/lib.macosx-11.0-arm64-cpython-312/matplotlib/mpl-data/fonts/pdfcorefonts
      copying lib/matplotlib/mpl-data/stylelib/bmh.mplstyle -> build/lib.macosx-11.0-arm64-cpython-312/matplotlib/mpl-data/stylelib
      copying lib/matplotlib/mpl-data/stylelib/seaborn-v0_8-paper.mplstyle -> build/lib.macosx-11.0-arm64-cpython-312/matplotlib/mpl-data/stylelib
      copying lib/matplotlib/backends/web_backend/css/mpl.css -> build/lib.macosx-11.0-arm64-cpython-312/matplotlib/backends/web_backend/css
      copying lib/matplotlib/mpl-data/stylelib/fivethirtyeight.mplstyle -> build/lib.macosx-11.0-arm64-cpython-312/matplotlib/mpl-data/stylelib
      copying lib/matplotlib/mpl-data/stylelib/_mpl-gallery.mplstyle -> build/lib.macosx-11.0-arm64-cpython-312/matplotlib/mpl-data/stylelib
      copying lib/matplotlib/mpl-data/stylelib/seaborn-v0_8-darkgrid.mplstyle -> build/lib.macosx-11.0-arm64-cpython-312/matplotlib/mpl-data/stylelib
      copying lib/matplotlib/mpl-data/images/hand.png -> build/lib.macosx-11.0-arm64-cpython-312/matplotlib/mpl-data/images
      copying lib/matplotlib/mpl-data/fonts/afm/phvl8a.afm -> build/lib.macosx-11.0-arm64-cpython-312/matplotlib/mpl-data/fonts/afm
      copying lib/matplotlib/mpl-data/stylelib/seaborn-v0_8-colorblind.mplstyle -> build/lib.macosx-11.0-arm64-cpython-312/matplotlib/mpl-data/stylelib
      copying lib/matplotlib/mpl-data/stylelib/dark_background.mplstyle -> build/lib.macosx-11.0-arm64-cpython-312/matplotlib/mpl-data/stylelib
      copying lib/matplotlib/mpl-data/images/qt4_editor_options_large.png -> build/lib.macosx-11.0-arm64-cpython-312/matplotlib/mpl-data/images
      copying lib/matplotlib/mpl-data/images/back-symbolic.svg -> build/lib.macosx-11.0-arm64-cpython-312/matplotlib/mpl-data/images
      copying lib/matplotlib/mpl-data/fonts/ttf/STIXGeneralItalic.ttf -> build/lib.macosx-11.0-arm64-cpython-312/matplotlib/mpl-data/fonts/ttf
      copying lib/matplotlib/mpl-data/sample_data/README.txt -> build/lib.macosx-11.0-arm64-cpython-312/matplotlib/mpl-data/sample_data
      copying lib/matplotlib/mpl-data/stylelib/Solarize_Light2.mplstyle -> build/lib.macosx-11.0-arm64-cpython-312/matplotlib/mpl-data/stylelib
      copying lib/matplotlib/mpl-data/fonts/pdfcorefonts/readme.txt -> build/lib.macosx-11.0-arm64-cpython-312/matplotlib/mpl-data/fonts/pdfcorefonts
      copying lib/matplotlib/mpl-data/fonts/ttf/DejaVuSerif-BoldItalic.ttf -> build/lib.macosx-11.0-arm64-cpython-312/matplotlib/mpl-data/fonts/ttf
      copying lib/matplotlib/mpl-data/sample_data/membrane.dat -> build/lib.macosx-11.0-arm64-cpython-312/matplotlib/mpl-data/sample_data
      copying lib/matplotlib/mpl-data/images/filesave-symbolic.svg -> build/lib.macosx-11.0-arm64-cpython-312/matplotlib/mpl-data/images
      copying lib/matplotlib/mpl-data/images/qt4_editor_options.png -> build/lib.macosx-11.0-arm64-cpython-312/matplotlib/mpl-data/images
      copying lib/matplotlib/mpl-data/fonts/ttf/cmr10.ttf -> build/lib.macosx-11.0-arm64-cpython-312/matplotlib/mpl-data/fonts/ttf
      copying lib/matplotlib/mpl-data/fonts/ttf/cmsy10.ttf -> build/lib.macosx-11.0-arm64-cpython-312/matplotlib/mpl-data/fonts/ttf
      copying lib/matplotlib/mpl-data/fonts/afm/pzdr.afm -> build/lib.macosx-11.0-arm64-cpython-312/matplotlib/mpl-data/fonts/afm
      copying lib/matplotlib/mpl-data/stylelib/tableau-colorblind10.mplstyle -> build/lib.macosx-11.0-arm64-cpython-312/matplotlib/mpl-data/stylelib
      copying lib/matplotlib/mpl-data/fonts/afm/putr8a.afm -> build/lib.macosx-11.0-arm64-cpython-312/matplotlib/mpl-data/fonts/afm
      copying lib/matplotlib/mpl-data/sample_data/goog.npz -> build/lib.macosx-11.0-arm64-cpython-312/matplotlib/mpl-data/sample_data
      copying lib/matplotlib/mpl-data/fonts/ttf/STIXSizTwoSymBol.ttf -> build/lib.macosx-11.0-arm64-cpython-312/matplotlib/mpl-data/fonts/ttf
      copying lib/matplotlib/mpl-data/fonts/afm/pcrb8a.afm -> build/lib.macosx-11.0-arm64-cpython-312/matplotlib/mpl-data/fonts/afm
      copying lib/matplotlib/backends/web_backend/css/fbm.css -> build/lib.macosx-11.0-arm64-cpython-312/matplotlib/backends/web_backend/css
      copying lib/matplotlib/mpl-data/fonts/afm/pcrr8a.afm -> build/lib.macosx-11.0-arm64-cpython-312/matplotlib/mpl-data/fonts/afm
      copying lib/matplotlib/mpl-data/fonts/ttf/STIXGeneralBolIta.ttf -> build/lib.macosx-11.0-arm64-cpython-312/matplotlib/mpl-data/fonts/ttf
      copying lib/matplotlib/mpl-data/images/help-symbolic.svg -> build/lib.macosx-11.0-arm64-cpython-312/matplotlib/mpl-data/images
      copying lib/matplotlib/mpl-data/images/matplotlib.pdf -> build/lib.macosx-11.0-arm64-cpython-312/matplotlib/mpl-data/images
      copying lib/matplotlib/mpl-data/fonts/ttf/LICENSE_DEJAVU -> build/lib.macosx-11.0-arm64-cpython-312/matplotlib/mpl-data/fonts/ttf
      copying lib/matplotlib/mpl-data/images/hand.svg -> build/lib.macosx-11.0-arm64-cpython-312/matplotlib/mpl-data/images
      copying lib/matplotlib/mpl-data/fonts/afm/phvr8an.afm -> build/lib.macosx-11.0-arm64-cpython-312/matplotlib/mpl-data/fonts/afm
      copying lib/matplotlib/mpl-data/fonts/pdfcorefonts/Helvetica-Oblique.afm -> build/lib.macosx-11.0-arm64-cpython-312/matplotlib/mpl-data/fonts/pdfcorefonts
      running build_ext
      creating var/folders/ql/btm7z5tx32ddpsky8z3bz4_r0000gn/T
      clang++ -fno-strict-overflow -Wsign-compare -Wunreachable-code -DNDEBUG -O2 -Wall -fPIC -O2 -isystem /Users/bakr/miniforge3/include -arch arm64 -fPIC -O2 -isystem /Users/bakr/miniforge3/include -arch arm64 -I/Users/bakr/miniforge3/include/python3.12 -c /var/folders/ql/btm7z5tx32ddpsky8z3bz4_r0000gn/T/tmpz989i_fi.cpp -o var/folders/ql/btm7z5tx32ddpsky8z3bz4_r0000gn/T/tmpz989i_fi.o -fvisibility=hidden
      clang++ -fno-strict-overflow -Wsign-compare -Wunreachable-code -DNDEBUG -O2 -Wall -fPIC -O2 -isystem /Users/bakr/miniforge3/include -arch arm64 -fPIC -O2 -isystem /Users/bakr/miniforge3/include -arch arm64 -I/Users/bakr/miniforge3/include/python3.12 -c /var/folders/ql/btm7z5tx32ddpsky8z3bz4_r0000gn/T/tmp63909lg8.cpp -o var/folders/ql/btm7z5tx32ddpsky8z3bz4_r0000gn/T/tmp63909lg8.o -fvisibility-inlines-hidden
      clang++ -fno-strict-overflow -Wsign-compare -Wunreachable-code -DNDEBUG -O2 -Wall -fPIC -O2 -isystem /Users/bakr/miniforge3/include -arch arm64 -fPIC -O2 -isystem /Users/bakr/miniforge3/include -arch arm64 -I/Users/bakr/miniforge3/include/python3.12 -c /var/folders/ql/btm7z5tx32ddpsky8z3bz4_r0000gn/T/tmpk7kzirph.cpp -o var/folders/ql/btm7z5tx32ddpsky8z3bz4_r0000gn/T/tmpk7kzirph.o -flto
      
      FreeType build system -- automatic system detection
      
      The following settings are used:
      
        platform                    unix
        compiler                    clang
        configuration directory     ./builds/unix
        configuration rules         ./builds/unix/unix.mk
      
      If this does not correspond to your system or settings please remove the file
      `config.mk' from this directory then read the INSTALL file for help.
      
      Otherwise, simply type `/Library/Developer/CommandLineTools/usr/bin/make' again to build the library,
      or `/Library/Developer/CommandLineTools/usr/bin/make refdoc' to build the API reference (this needs python >= 2.6).
      
      Generating modules list in ./objs/ftmodule.h...
      * module: truetype  (Windows/Mac font files with extension *.ttf or *.ttc)
      * module: type1     (Postscript font files with extension *.pfa or *.pfb)
      * module: cff       (OpenType fonts with extension *.otf)
      * module: cid       (Postscript CID-keyed fonts, no known extension)
      * module: pfr       (PFR/TrueDoc font files with extension *.pfr)
      * module: type42    (Type 42 font files with no known extension)
      * module: winfnt    (Windows bitmap fonts with extension *.fnt or *.fon)
      * module: pcf       (pcf bitmap fonts)
      * module: bdf       (bdf bitmap fonts)
      * module: sfnt      (helper module for TrueType & OpenType formats)
      * module: autofit   (automatic hinting module)
      * module: pshinter  (Postscript hinter module)
      * module: raster    (monochrome bitmap renderer)
      * module: smooth    (anti-aliased bitmap renderer)
      * module: smooth    (anti-aliased bitmap renderer for LCDs)
      * module: smooth    (anti-aliased bitmap renderer for vertical LCDs)
      * module: psaux     (Postscript Type 1 & Type 2 helper module)
      * module: psnames   (Postscript & Unicode Glyph name handling)
      done.
      cd builds/unix; \
                  ./configure  '--with-zlib=no' '--with-bzip2=no' '--with-png=no' '--with-harfbuzz=no' '--enable-static' '--disable-shared' '--host=aarch64-apple-darwin20.0.0'
      checking build system type... arm-apple-darwin24.6.0
      checking host system type... aarch64-apple-darwin20.0.0
      checking for aarch64-apple-darwin20.0.0-gcc... clang
      checking whether the C compiler works... yes
      checking for C compiler default output file name... a.out
      checking for suffix of executables...
      checking whether we are cross compiling... no
      checking for suffix of object files... o
      checking whether we are using the GNU C compiler... yes
      checking whether clang accepts -g... yes
      checking for clang option to accept ISO C89... none needed
      checking how to run the C preprocessor... clang -E
      checking for aarch64-apple-darwin20.0.0-pkg-config... no
      checking for pkg-config... no
      checking how to print strings... printf
      checking for a sed that does not truncate output... /usr/bin/sed
      checking for grep that handles long lines and -e... /usr/bin/grep
      checking for egrep... /usr/bin/grep -E
      checking for fgrep... /usr/bin/grep -F
      checking for ld used by clang... /Library/Developer/CommandLineTools/usr/bin/ld
      checking if the linker (/Library/Developer/CommandLineTools/usr/bin/ld) is GNU ld... no
      checking for BSD- or MS-compatible name lister (nm)... no
      checking for aarch64-apple-darwin20.0.0-dumpbin... no
      checking for aarch64-apple-darwin20.0.0-link... no
      checking for dumpbin... no
      checking for link... link -dump
      checking the name lister (nm) interface... BSD nm
      checking whether ln -s works... yes
      checking the maximum length of command line arguments... 786432
      checking how to convert arm-apple-darwin24.6.0 file names to aarch64-apple-darwin20.0.0 format... func_convert_file_noop
      checking how to convert arm-apple-darwin24.6.0 file names to toolchain format... func_convert_file_noop
      checking for /Library/Developer/CommandLineTools/usr/bin/ld option to reload object files... -r
      checking for aarch64-apple-darwin20.0.0-objdump... no
      checking for objdump... objdump
      checking how to recognize dependent libraries... pass_all
      checking for aarch64-apple-darwin20.0.0-dlltool... no
      checking for dlltool... no
      checking how to associate runtime and link libraries... printf %s\n
      checking for aarch64-apple-darwin20.0.0-ar... no
      checking for ar... ar
      checking for archiver @FILE support... no
      checking for aarch64-apple-darwin20.0.0-strip... no
      checking for strip... strip
      checking for aarch64-apple-darwin20.0.0-ranlib... no
      checking for ranlib... ranlib
      checking for gawk... no
      checking for mawk... no
      checking for nawk... no
      checking for awk... awk
      checking command to parse nm output from clang object... ok
      checking for sysroot... no
      checking for a working dd... /bin/dd
      checking how to truncate binary pipes... /bin/dd bs=4096 count=1
      checking for aarch64-apple-darwin20.0.0-mt... no
      checking for mt... no
      checking if : is a manifest tool... no
      checking for aarch64-apple-darwin20.0.0-dsymutil... no
      checking for dsymutil... dsymutil
      checking for aarch64-apple-darwin20.0.0-nmedit... no
      checking for nmedit... nmedit
      checking for aarch64-apple-darwin20.0.0-lipo... no
      checking for lipo... lipo
      checking for aarch64-apple-darwin20.0.0-otool... no
      checking for otool... otool
      checking for aarch64-apple-darwin20.0.0-otool64... no
      checking for otool64... no
      checking for -single_module linker flag... ld: warning: -single_module is obsolete
      no
      checking for -exported_symbols_list linker flag... yes
      checking for -force_load linker flag... no
      checking for ANSI C header files... yes
      checking for sys/types.h... yes
      checking for sys/stat.h... yes
      checking for stdlib.h... yes
      checking for string.h... yes
      checking for memory.h... yes
      checking for strings.h... yes
      checking for inttypes.h... yes
      checking for stdint.h... yes
      checking for unistd.h... yes
      checking for dlfcn.h... yes
      checking for objdir... .libs
      checking if clang supports -fno-rtti -fno-exceptions... yes
      checking for clang option to produce PIC... -fno-common -DPIC
      checking if clang PIC flag -fno-common -DPIC works... yes
      checking if clang static flag -static works... no
      checking if clang supports -c -o file.o... yes
      checking if clang supports -c -o file.o... (cached) yes
      checking whether the clang linker (/Library/Developer/CommandLineTools/usr/bin/ld) supports shared libraries... yes
      checking dynamic linker characteristics... darwin20.0.0 dyld
      checking how to hardcode library paths into programs... immediate
      checking whether stripping libraries is possible... yes
      checking if libtool supports shared libraries... yes
      checking whether to build shared libraries... no
      checking whether to build static libraries... yes
      checking for a BSD-compatible install... /usr/bin/install -c
      checking for a thread-safe mkdir -p... ./install-sh -c -d
      checking for ANSI C header files... (cached) yes
      checking fcntl.h usability... yes
      checking fcntl.h presence... yes
      checking for fcntl.h... yes
      checking for unistd.h... (cached) yes
      checking for an ANSI C-conforming const... yes
      checking size of int... 4
      checking size of long... 8
      checking whether cpp computation of bit length in ftconfig.in works... yes
      checking for stdlib.h... (cached) yes
      checking for unistd.h... (cached) yes
      checking for sys/param.h... yes
      checking for getpagesize... yes
      checking for working mmap... yes
      checking whether munmap is declared... yes
      checking for munmap's first parameter type... void *
      checking for memcpy... yes
      checking for memmove... yes
      checking gcc compiler flag -pedantic to assure ANSI C works correctly... ok, add it to XX_ANSIFLAGS
      checking gcc compiler flag -ansi to assure ANSI C works correctly... ok, add it to XX_ANSIFLAGS
      checking whether CFLAGS and LDFLAGS share -arch arm64... no, copy to LDFLAGS
      checking whether CFLAGS and LDFLAGS share -arch arm64... yes
      configure: creating ./config.status
      config.status: creating unix-cc.mk
      config.status: creating unix-def.mk
      config.status: creating ftconfig.h
      config.status: executing libtool commands
      configure:
      
      Library configuration:
        external zlib: no
        bzip2:         no
        libpng:        no
        harfbuzz:      no
      
      make: Nothing to be done for `unix'.
      ./builds/unix/libtool --mode=compile clang -pedantic -ansi -I/private/var/folders/ql/btm7z5tx32ddpsky8z3bz4_r0000gn/T/pip-install-nu8wkc3d/matplotlib_a2f54c616a23498ca49a58708fff805d/build/freetype-2.6.1/objs -I./builds/unix -I/private/var/folders/ql/btm7z5tx32ddpsky8z3bz4_r0000gn/T/pip-install-nu8wkc3d/matplotlib_a2f54c616a23498ca49a58708fff805d/build/freetype-2.6.1/include -fvisibility=hidden -flto -c -Wall -fno-strict-overflow -Wsign-compare -Wunreachable-code -DNDEBUG -O2 -Wall -fPIC  -O2  -isystem /Users/bakr/miniforge3/include -arch arm64  -fPIC  -O2  -isystem /Users/bakr/miniforge3/include -arch arm64  -fPIC -DDARWIN_NO_CARBON -DFT_CONFIG_CONFIG_H="<ftconfig.h>" -DFT2_BUILD_LIBRARY -DFT_CONFIG_MODULES_H="<ftmodule.h>"  -o /private/var/folders/ql/btm7z5tx32ddpsky8z3bz4_r0000gn/T/pip-install-nu8wkc3d/matplotlib_a2f54c616a23498ca49a58708fff805d/build/freetype-2.6.1/objs/ftsystem.lo builds/unix/ftsystem.c
      libtool: compile:  clang -pedantic -ansi -I/private/var/folders/ql/btm7z5tx32ddpsky8z3bz4_r0000gn/T/pip-install-nu8wkc3d/matplotlib_a2f54c616a23498ca49a58708fff805d/build/freetype-2.6.1/objs -I./builds/unix -I/private/var/folders/ql/btm7z5tx32ddpsky8z3bz4_r0000gn/T/pip-install-nu8wkc3d/matplotlib_a2f54c616a23498ca49a58708fff805d/build/freetype-2.6.1/include -fvisibility=hidden -flto -c -Wall -fno-strict-overflow -Wsign-compare -Wunreachable-code -DNDEBUG -O2 -Wall -fPIC -O2 -isystem /Users/bakr/miniforge3/include -arch arm64 -fPIC -O2 -isystem /Users/bakr/miniforge3/include -arch arm64 -fPIC -DDARWIN_NO_CARBON "-DFT_CONFIG_CONFIG_H=<ftconfig.h>" -DFT2_BUILD_LIBRARY "-DFT_CONFIG_MODULES_H=<ftmodule.h>" builds/unix/ftsystem.c -o /private/var/folders/ql/btm7z5tx32ddpsky8z3bz4_r0000gn/T/pip-install-nu8wkc3d/matplotlib_a2f54c616a23498ca49a58708fff805d/build/freetype-2.6.1/objs/ftsystem.o
      ./builds/unix/libtool --mode=compile clang -pedantic -ansi -I/private/var/folders/ql/btm7z5tx32ddpsky8z3bz4_r0000gn/T/pip-install-nu8wkc3d/matplotlib_a2f54c616a23498ca49a58708fff805d/build/freetype-2.6.1/objs -I./builds/unix -I/private/var/folders/ql/btm7z5tx32ddpsky8z3bz4_r0000gn/T/pip-install-nu8wkc3d/matplotlib_a2f54c616a23498ca49a58708fff805d/build/freetype-2.6.1/include -fvisibility=hidden -flto -c -Wall -fno-strict-overflow -Wsign-compare -Wunreachable-code -DNDEBUG -O2 -Wall -fPIC  -O2  -isystem /Users/bakr/miniforge3/include -arch arm64  -fPIC  -O2  -isystem /Users/bakr/miniforge3/include -arch arm64  -fPIC -DDARWIN_NO_CARBON -DFT_CONFIG_CONFIG_H="<ftconfig.h>" -DFT2_BUILD_LIBRARY -DFT_CONFIG_MODULES_H="<ftmodule.h>"  -o /private/var/folders/ql/btm7z5tx32ddpsky8z3bz4_r0000gn/T/pip-install-nu8wkc3d/matplotlib_a2f54c616a23498ca49a58708fff805d/build/freetype-2.6.1/objs/ftdebug.lo /private/var/folders/ql/btm7z5tx32ddpsky8z3bz4_r0000gn/T/pip-install-nu8wkc3d/matplotlib_a2f54c616a23498ca49a58708fff805d/build/freetype-2.6.1/src/base/ftdebug.c
      libtool: compile:  clang -pedantic -ansi -I/private/var/folders/ql/btm7z5tx32ddpsky8z3bz4_r0000gn/T/pip-install-nu8wkc3d/matplotlib_a2f54c616a23498ca49a58708fff805d/build/freetype-2.6.1/objs -I./builds/unix -I/private/var/folders/ql/btm7z5tx32ddpsky8z3bz4_r0000gn/T/pip-install-nu8wkc3d/matplotlib_a2f54c616a23498ca49a58708fff805d/build/freetype-2.6.1/include -fvisibility=hidden -flto -c -Wall -fno-strict-overflow -Wsign-compare -Wunreachable-code -DNDEBUG -O2 -Wall -fPIC -O2 -isystem /Users/bakr/miniforge3/include -arch arm64 -fPIC -O2 -isystem /Users/bakr/miniforge3/include -arch arm64 -fPIC -DDARWIN_NO_CARBON "-DFT_CONFIG_CONFIG_H=<ftconfig.h>" -DFT2_BUILD_LIBRARY "-DFT_CONFIG_MODULES_H=<ftmodule.h>" /private/var/folders/ql/btm7z5tx32ddpsky8z3bz4_r0000gn/T/pip-install-nu8wkc3d/matplotlib_a2f54c616a23498ca49a58708fff805d/build/freetype-2.6.1/src/base/ftdebug.c -o /private/var/folders/ql/btm7z5tx32ddpsky8z3bz4_r0000gn/T/pip-install-nu8wkc3d/matplotlib_a2f54c616a23498ca49a58708fff805d/build/freetype-2.6.1/objs/ftdebug.o
      ./builds/unix/libtool --mode=compile clang -pedantic -ansi -I/private/var/folders/ql/btm7z5tx32ddpsky8z3bz4_r0000gn/T/pip-install-nu8wkc3d/matplotlib_a2f54c616a23498ca49a58708fff805d/build/freetype-2.6.1/objs -I./builds/unix -I/private/var/folders/ql/btm7z5tx32ddpsky8z3bz4_r0000gn/T/pip-install-nu8wkc3d/matplotlib_a2f54c616a23498ca49a58708fff805d/build/freetype-2.6.1/include -fvisibility=hidden -flto -c -Wall -fno-strict-overflow -Wsign-compare -Wunreachable-code -DNDEBUG -O2 -Wall -fPIC  -O2  -isystem /Users/bakr/miniforge3/include -arch arm64  -fPIC  -O2  -isystem /Users/bakr/miniforge3/include -arch arm64  -fPIC -DDARWIN_NO_CARBON -DFT_CONFIG_CONFIG_H="<ftconfig.h>" -DFT2_BUILD_LIBRARY -DFT_CONFIG_MODULES_H="<ftmodule.h>"  -o /private/var/folders/ql/btm7z5tx32ddpsky8z3bz4_r0000gn/T/pip-install-nu8wkc3d/matplotlib_a2f54c616a23498ca49a58708fff805d/build/freetype-2.6.1/objs/ftinit.lo /private/var/folders/ql/btm7z5tx32ddpsky8z3bz4_r0000gn/T/pip-install-nu8wkc3d/matplotlib_a2f54c616a23498ca49a58708fff805d/build/freetype-2.6.1/src/base/ftinit.c
      libtool: compile:  clang -pedantic -ansi -I/private/var/folders/ql/btm7z5tx32ddpsky8z3bz4_r0000gn/T/pip-install-nu8wkc3d/matplotlib_a2f54c616a23498ca49a58708fff805d/build/freetype-2.6.1/objs -I./builds/unix -I/private/var/folders/ql/btm7z5tx32ddpsky8z3bz4_r0000gn/T/pip-install-nu8wkc3d/matplotlib_a2f54c616a23498ca49a58708fff805d/build/freetype-2.6.1/include -fvisibility=hidden -flto -c -Wall -fno-strict-overflow -Wsign-compare -Wunreachable-code -DNDEBUG -O2 -Wall -fPIC -O2 -isystem /Users/bakr/miniforge3/include -arch arm64 -fPIC -O2 -isystem /Users/bakr/miniforge3/include -arch arm64 -fPIC -DDARWIN_NO_CARBON "-DFT_CONFIG_CONFIG_H=<ftconfig.h>" -DFT2_BUILD_LIBRARY "-DFT_CONFIG_MODULES_H=<ftmodule.h>" /private/var/folders/ql/btm7z5tx32ddpsky8z3bz4_r0000gn/T/pip-install-nu8wkc3d/matplotlib_a2f54c616a23498ca49a58708fff805d/build/freetype-2.6.1/src/base/ftinit.c -o /private/var/folders/ql/btm7z5tx32ddpsky8z3bz4_r0000gn/T/pip-install-nu8wkc3d/matplotlib_a2f54c616a23498ca49a58708fff805d/build/freetype-2.6.1/objs/ftinit.o
      ./builds/unix/libtool --mode=compile clang -pedantic -ansi -I/private/var/folders/ql/btm7z5tx32ddpsky8z3bz4_r0000gn/T/pip-install-nu8wkc3d/matplotlib_a2f54c616a23498ca49a58708fff805d/build/freetype-2.6.1/src/base -I/private/var/folders/ql/btm7z5tx32ddpsky8z3bz4_r0000gn/T/pip-install-nu8wkc3d/matplotlib_a2f54c616a23498ca49a58708fff805d/build/freetype-2.6.1/objs -I./builds/unix -I/private/var/folders/ql/btm7z5tx32ddpsky8z3bz4_r0000gn/T/pip-install-nu8wkc3d/matplotlib_a2f54c616a23498ca49a58708fff805d/build/freetype-2.6.1/include -fvisibility=hidden -flto -c -Wall -fno-strict-overflow -Wsign-compare -Wunreachable-code -DNDEBUG -O2 -Wall -fPIC  -O2  -isystem /Users/bakr/miniforge3/include -arch arm64  -fPIC  -O2  -isystem /Users/bakr/miniforge3/include -arch arm64  -fPIC -DDARWIN_NO_CARBON -DFT_CONFIG_CONFIG_H="<ftconfig.h>" -DFT2_BUILD_LIBRARY -DFT_CONFIG_MODULES_H="<ftmodule.h>"  -o /private/var/folders/ql/btm7z5tx32ddpsky8z3bz4_r0000gn/T/pip-install-nu8wkc3d/matplotlib_a2f54c616a23498ca49a58708fff805d/build/freetype-2.6.1/objs/ftbase.lo /private/var/folders/ql/btm7z5tx32ddpsky8z3bz4_r0000gn/T/pip-install-nu8wkc3d/matplotlib_a2f54c616a23498ca49a58708fff805d/build/freetype-2.6.1/src/base/ftbase.c
      libtool: compile:  clang -pedantic -ansi -I/private/var/folders/ql/btm7z5tx32ddpsky8z3bz4_r0000gn/T/pip-install-nu8wkc3d/matplotlib_a2f54c616a23498ca49a58708fff805d/build/freetype-2.6.1/src/base -I/private/var/folders/ql/btm7z5tx32ddpsky8z3bz4_r0000gn/T/pip-install-nu8wkc3d/matplotlib_a2f54c616a23498ca49a58708fff805d/build/freetype-2.6.1/objs -I./builds/unix -I/private/var/folders/ql/btm7z5tx32ddpsky8z3bz4_r0000gn/T/pip-install-nu8wkc3d/matplotlib_a2f54c616a23498ca49a58708fff805d/build/freetype-2.6.1/include -fvisibility=hidden -flto -c -Wall -fno-strict-overflow -Wsign-compare -Wunreachable-code -DNDEBUG -O2 -Wall -fPIC -O2 -isystem /Users/bakr/miniforge3/include -arch arm64 -fPIC -O2 -isystem /Users/bakr/miniforge3/include -arch arm64 -fPIC -DDARWIN_NO_CARBON "-DFT_CONFIG_CONFIG_H=<ftconfig.h>" -DFT2_BUILD_LIBRARY "-DFT_CONFIG_MODULES_H=<ftmodule.h>" /private/var/folders/ql/btm7z5tx32ddpsky8z3bz4_r0000gn/T/pip-install-nu8wkc3d/matplotlib_a2f54c616a23498ca49a58708fff805d/build/freetype-2.6.1/src/base/ftbase.c -o /private/var/folders/ql/btm7z5tx32ddpsky8z3bz4_r0000gn/T/pip-install-nu8wkc3d/matplotlib_a2f54c616a23498ca49a58708fff805d/build/freetype-2.6.1/objs/ftbase.o
      ./builds/unix/libtool --mode=compile clang -pedantic -ansi -I/private/var/folders/ql/btm7z5tx32ddpsky8z3bz4_r0000gn/T/pip-install-nu8wkc3d/matplotlib_a2f54c616a23498ca49a58708fff805d/build/freetype-2.6.1/src/base -I/private/var/folders/ql/btm7z5tx32ddpsky8z3bz4_r0000gn/T/pip-install-nu8wkc3d/matplotlib_a2f54c616a23498ca49a58708fff805d/build/freetype-2.6.1/objs -I./builds/unix -I/private/var/folders/ql/btm7z5tx32ddpsky8z3bz4_r0000gn/T/pip-install-nu8wkc3d/matplotlib_a2f54c616a23498ca49a58708fff805d/build/freetype-2.6.1/include -fvisibility=hidden -flto -c -Wall -fno-strict-overflow -Wsign-compare -Wunreachable-code -DNDEBUG -O2 -Wall -fPIC  -O2  -isystem /Users/bakr/miniforge3/include -arch arm64  -fPIC  -O2  -isystem /Users/bakr/miniforge3/include -arch arm64  -fPIC -DDARWIN_NO_CARBON -DFT_CONFIG_CONFIG_H="<ftconfig.h>" -DFT2_BUILD_LIBRARY -DFT_CONFIG_MODULES_H="<ftmodule.h>"  -o /private/var/folders/ql/btm7z5tx32ddpsky8z3bz4_r0000gn/T/pip-install-nu8wkc3d/matplotlib_a2f54c616a23498ca49a58708fff805d/build/freetype-2.6.1/objs/ftbbox.lo /private/var/folders/ql/btm7z5tx32ddpsky8z3bz4_r0000gn/T/pip-install-nu8wkc3d/matplotlib_a2f54c616a23498ca49a58708fff805d/build/freetype-2.6.1/src/base/ftbbox.c
      libtool: compile:  clang -pedantic -ansi -I/private/var/folders/ql/btm7z5tx32ddpsky8z3bz4_r0000gn/T/pip-install-nu8wkc3d/matplotlib_a2f54c616a23498ca49a58708fff805d/build/freetype-2.6.1/src/base -I/private/var/folders/ql/btm7z5tx32ddpsky8z3bz4_r0000gn/T/pip-install-nu8wkc3d/matplotlib_a2f54c616a23498ca49a58708fff805d/build/freetype-2.6.1/objs -I./builds/unix -I/private/var/folders/ql/btm7z5tx32ddpsky8z3bz4_r0000gn/T/pip-install-nu8wkc3d/matplotlib_a2f54c616a23498ca49a58708fff805d/build/freetype-2.6.1/include -fvisibility=hidden -flto -c -Wall -fno-strict-overflow -Wsign-compare -Wunreachable-code -DNDEBUG -O2 -Wall -fPIC -O2 -isystem /Users/bakr/miniforge3/include -arch arm64 -fPIC -O2 -isystem /Users/bakr/miniforge3/include -arch arm64 -fPIC -DDARWIN_NO_CARBON "-DFT_CONFIG_CONFIG_H=<ftconfig.h>" -DFT2_BUILD_LIBRARY "-DFT_CONFIG_MODULES_H=<ftmodule.h>" /private/var/folders/ql/btm7z5tx32ddpsky8z3bz4_r0000gn/T/pip-install-nu8wkc3d/matplotlib_a2f54c616a23498ca49a58708fff805d/build/freetype-2.6.1/src/base/ftbbox.c -o /private/var/folders/ql/btm7z5tx32ddpsky8z3bz4_r0000gn/T/pip-install-nu8wkc3d/matplotlib_a2f54c616a23498ca49a58708fff805d/build/freetype-2.6.1/objs/ftbbox.o
      ./builds/unix/libtool --mode=compile clang -pedantic -ansi -I/private/var/folders/ql/btm7z5tx32ddpsky8z3bz4_r0000gn/T/pip-install-nu8wkc3d/matplotlib_a2f54c616a23498ca49a58708fff805d/build/freetype-2.6.1/src/base -I/private/var/folders/ql/btm7z5tx32ddpsky8z3bz4_r0000gn/T/pip-install-nu8wkc3d/matplotlib_a2f54c616a23498ca49a58708fff805d/build/freetype-2.6.1/objs -I./builds/unix -I/private/var/folders/ql/btm7z5tx32ddpsky8z3bz4_r0000gn/T/pip-install-nu8wkc3d/matplotlib_a2f54c616a23498ca49a58708fff805d/build/freetype-2.6.1/include -fvisibility=hidden -flto -c -Wall -fno-strict-overflow -Wsign-compare -Wunreachable-code -DNDEBUG -O2 -Wall -fPIC  -O2  -isystem /Users/bakr/miniforge3/include -arch arm64  -fPIC  -O2  -isystem /Users/bakr/miniforge3/include -arch arm64  -fPIC -DDARWIN_NO_CARBON -DFT_CONFIG_CONFIG_H="<ftconfig.h>" -DFT2_BUILD_LIBRARY -DFT_CONFIG_MODULES_H="<ftmodule.h>"  -o /private/var/folders/ql/btm7z5tx32ddpsky8z3bz4_r0000gn/T/pip-install-nu8wkc3d/matplotlib_a2f54c616a23498ca49a58708fff805d/build/freetype-2.6.1/objs/ftbdf.lo /private/var/folders/ql/btm7z5tx32ddpsky8z3bz4_r0000gn/T/pip-install-nu8wkc3d/matplotlib_a2f54c616a23498ca49a58708fff805d/build/freetype-2.6.1/src/base/ftbdf.c
      libtool: compile:  clang -pedantic -ansi -I/private/var/folders/ql/btm7z5tx32ddpsky8z3bz4_r0000gn/T/pip-install-nu8wkc3d/matplotlib_a2f54c616a23498ca49a58708fff805d/build/freetype-2.6.1/src/base -I/private/var/folders/ql/btm7z5tx32ddpsky8z3bz4_r0000gn/T/pip-install-nu8wkc3d/matplotlib_a2f54c616a23498ca49a58708fff805d/build/freetype-2.6.1/objs -I./builds/unix -I/private/var/folders/ql/btm7z5tx32ddpsky8z3bz4_r0000gn/T/pip-install-nu8wkc3d/matplotlib_a2f54c616a23498ca49a58708fff805d/build/freetype-2.6.1/include -fvisibility=hidden -flto -c -Wall -fno-strict-overflow -Wsign-compare -Wunreachable-code -DNDEBUG -O2 -Wall -fPIC -O2 -isystem /Users/bakr/miniforge3/include -arch arm64 -fPIC -O2 -isystem /Users/bakr/miniforge3/include -arch arm64 -fPIC -DDARWIN_NO_CARBON "-DFT_CONFIG_CONFIG_H=<ftconfig.h>" -DFT2_BUILD_LIBRARY "-DFT_CONFIG_MODULES_H=<ftmodule.h>" /private/var/folders/ql/btm7z5tx32ddpsky8z3bz4_r0000gn/T/pip-install-nu8wkc3d/matplotlib_a2f54c616a23498ca49a58708fff805d/build/freetype-2.6.1/src/base/ftbdf.c -o /private/var/folders/ql/btm7z5tx32ddpsky8z3bz4_r0000gn/T/pip-install-nu8wkc3d/matplotlib_a2f54c616a23498ca49a58708fff805d/build/freetype-2.6.1/objs/ftbdf.o
      ./builds/unix/libtool --mode=compile clang -pedantic -ansi -I/private/var/folders/ql/btm7z5tx32ddpsky8z3bz4_r0000gn/T/pip-install-nu8wkc3d/matplotlib_a2f54c616a23498ca49a58708fff805d/build/freetype-2.6.1/src/base -I/private/var/folders/ql/btm7z5tx32ddpsky8z3bz4_r0000gn/T/pip-install-nu8wkc3d/matplotlib_a2f54c616a23498ca49a58708fff805d/build/freetype-2.6.1/objs -I./builds/unix -I/private/var/folders/ql/btm7z5tx32ddpsky8z3bz4_r0000gn/T/pip-install-nu8wkc3d/matplotlib_a2f54c616a23498ca49a58708fff805d/build/freetype-2.6.1/include -fvisibility=hidden -flto -c -Wall -fno-strict-overflow -Wsign-compare -Wunreachable-code -DNDEBUG -O2 -Wall -fPIC  -O2  -isystem /Users/bakr/miniforge3/include -arch arm64  -fPIC  -O2  -isystem /Users/bakr/miniforge3/include -arch arm64  -fPIC -DDARWIN_NO_CARBON -DFT_CONFIG_CONFIG_H="<ftconfig.h>" -DFT2_BUILD_LIBRARY -DFT_CONFIG_MODULES_H="<ftmodule.h>"  -o /private/var/folders/ql/btm7z5tx32ddpsky8z3bz4_r0000gn/T/pip-install-nu8wkc3d/matplotlib_a2f54c616a23498ca49a58708fff805d/build/freetype-2.6.1/objs/ftbitmap.lo /private/var/folders/ql/btm7z5tx32ddpsky8z3bz4_r0000gn/T/pip-install-nu8wkc3d/matplotlib_a2f54c616a23498ca49a58708fff805d/build/freetype-2.6.1/src/base/ftbitmap.c
      libtool: compile:  clang -pedantic -ansi -I/private/var/folders/ql/btm7z5tx32ddpsky8z3bz4_r0000gn/T/pip-install-nu8wkc3d/matplotlib_a2f54c616a23498ca49a58708fff805d/build/freetype-2.6.1/src/base -I/private/var/folders/ql/btm7z5tx32ddpsky8z3bz4_r0000gn/T/pip-install-nu8wkc3d/matplotlib_a2f54c616a23498ca49a58708fff805d/build/freetype-2.6.1/objs -I./builds/unix -I/private/var/folders/ql/btm7z5tx32ddpsky8z3bz4_r0000gn/T/pip-install-nu8wkc3d/matplotlib_a2f54c616a23498ca49a58708fff805d/build/freetype-2.6.1/include -fvisibility=hidden -flto -c -Wall -fno-strict-overflow -Wsign-compare -Wunreachable-code -DNDEBUG -O2 -Wall -fPIC -O2 -isystem /Users/bakr/miniforge3/include -arch arm64 -fPIC -O2 -isystem /Users/bakr/miniforge3/include -arch arm64 -fPIC -DDARWIN_NO_CARBON "-DFT_CONFIG_CONFIG_H=<ftconfig.h>" -DFT2_BUILD_LIBRARY "-DFT_CONFIG_MODULES_H=<ftmodule.h>" /private/var/folders/ql/btm7z5tx32ddpsky8z3bz4_r0000gn/T/pip-install-nu8wkc3d/matplotlib_a2f54c616a23498ca49a58708fff805d/build/freetype-2.6.1/src/base/ftbitmap.c -o /private/var/folders/ql/btm7z5tx32ddpsky8z3bz4_r0000gn/T/pip-install-nu8wkc3d/matplotlib_a2f54c616a23498ca49a58708fff805d/build/freetype-2.6.1/objs/ftbitmap.o
      ./builds/unix/libtool --mode=compile clang -pedantic -ansi -I/private/var/folders/ql/btm7z5tx32ddpsky8z3bz4_r0000gn/T/pip-install-nu8wkc3d/matplotlib_a2f54c616a23498ca49a58708fff805d/build/freetype-2.6.1/src/base -I/private/var/folders/ql/btm7z5tx32ddpsky8z3bz4_r0000gn/T/pip-install-nu8wkc3d/matplotlib_a2f54c616a23498ca49a58708fff805d/build/freetype-2.6.1/objs -I./builds/unix -I/private/var/folders/ql/btm7z5tx32ddpsky8z3bz4_r0000gn/T/pip-install-nu8wkc3d/matplotlib_a2f54c616a23498ca49a58708fff805d/build/freetype-2.6.1/include -fvisibility=hidden -flto -c -Wall -fno-strict-overflow -Wsign-compare -Wunreachable-code -DNDEBUG -O2 -Wall -fPIC  -O2  -isystem /Users/bakr/miniforge3/include -arch arm64  -fPIC  -O2  -isystem /Users/bakr/miniforge3/include -arch arm64  -fPIC -DDARWIN_NO_CARBON -DFT_CONFIG_CONFIG_H="<ftconfig.h>" -DFT2_BUILD_LIBRARY -DFT_CONFIG_MODULES_H="<ftmodule.h>"  -o /private/var/folders/ql/btm7z5tx32ddpsky8z3bz4_r0000gn/T/pip-install-nu8wkc3d/matplotlib_a2f54c616a23498ca49a58708fff805d/build/freetype-2.6.1/objs/ftcid.lo /private/var/folders/ql/btm7z5tx32ddpsky8z3bz4_r0000gn/T/pip-install-nu8wkc3d/matplotlib_a2f54c616a23498ca49a58708fff805d/build/freetype-2.6.1/src/base/ftcid.c
      libtool: compile:  clang -pedantic -ansi -I/private/var/folders/ql/btm7z5tx32ddpsky8z3bz4_r0000gn/T/pip-install-nu8wkc3d/matplotlib_a2f54c616a23498ca49a58708fff805d/build/freetype-2.6.1/src/base -I/private/var/folders/ql/btm7z5tx32ddpsky8z3bz4_r0000gn/T/pip-install-nu8wkc3d/matplotlib_a2f54c616a23498ca49a58708fff805d/build/freetype-2.6.1/objs -I./builds/unix -I/private/var/folders/ql/btm7z5tx32ddpsky8z3bz4_r0000gn/T/pip-install-nu8wkc3d/matplotlib_a2f54c616a23498ca49a58708fff805d/build/freetype-2.6.1/include -fvisibility=hidden -flto -c -Wall -fno-strict-overflow -Wsign-compare -Wunreachable-code -DNDEBUG -O2 -Wall -fPIC -O2 -isystem /Users/bakr/miniforge3/include -arch arm64 -fPIC -O2 -isystem /Users/bakr/miniforge3/include -arch arm64 -fPIC -DDARWIN_NO_CARBON "-DFT_CONFIG_CONFIG_H=<ftconfig.h>" -DFT2_BUILD_LIBRARY "-DFT_CONFIG_MODULES_H=<ftmodule.h>" /private/var/folders/ql/btm7z5tx32ddpsky8z3bz4_r0000gn/T/pip-install-nu8wkc3d/matplotlib_a2f54c616a23498ca49a58708fff805d/build/freetype-2.6.1/src/base/ftcid.c -o /private/var/folders/ql/btm7z5tx32ddpsky8z3bz4_r0000gn/T/pip-install-nu8wkc3d/matplotlib_a2f54c616a23498ca49a58708fff805d/build/freetype-2.6.1/objs/ftcid.o
      ./builds/unix/libtool --mode=compile clang -pedantic -ansi -I/private/var/folders/ql/btm7z5tx32ddpsky8z3bz4_r0000gn/T/pip-install-nu8wkc3d/matplotlib_a2f54c616a23498ca49a58708fff805d/build/freetype-2.6.1/src/base -I/private/var/folders/ql/btm7z5tx32ddpsky8z3bz4_r0000gn/T/pip-install-nu8wkc3d/matplotlib_a2f54c616a23498ca49a58708fff805d/build/freetype-2.6.1/objs -I./builds/unix -I/private/var/folders/ql/btm7z5tx32ddpsky8z3bz4_r0000gn/T/pip-install-nu8wkc3d/matplotlib_a2f54c616a23498ca49a58708fff805d/build/freetype-2.6.1/include -fvisibility=hidden -flto -c -Wall -fno-strict-overflow -Wsign-compare -Wunreachable-code -DNDEBUG -O2 -Wall -fPIC  -O2  -isystem /Users/bakr/miniforge3/include -arch arm64  -fPIC  -O2  -isystem /Users/bakr/miniforge3/include -arch arm64  -fPIC -DDARWIN_NO_CARBON -DFT_CONFIG_CONFIG_H="<ftconfig.h>" -DFT2_BUILD_LIBRARY -DFT_CONFIG_MODULES_H="<ftmodule.h>"  -o /private/var/folders/ql/btm7z5tx32ddpsky8z3bz4_r0000gn/T/pip-install-nu8wkc3d/matplotlib_a2f54c616a23498ca49a58708fff805d/build/freetype-2.6.1/objs/ftfntfmt.lo /private/var/folders/ql/btm7z5tx32ddpsky8z3bz4_r0000gn/T/pip-install-nu8wkc3d/matplotlib_a2f54c616a23498ca49a58708fff805d/build/freetype-2.6.1/src/base/ftfntfmt.c
      libtool: compile:  clang -pedantic -ansi -I/private/var/folders/ql/btm7z5tx32ddpsky8z3bz4_r0000gn/T/pip-install-nu8wkc3d/matplotlib_a2f54c616a23498ca49a58708fff805d/build/freetype-2.6.1/src/base -I/private/var/folders/ql/btm7z5tx32ddpsky8z3bz4_r0000gn/T/pip-install-nu8wkc3d/matplotlib_a2f54c616a23498ca49a58708fff805d/build/freetype-2.6.1/objs -I./builds/unix -I/private/var/folders/ql/btm7z5tx32ddpsky8z3bz4_r0000gn/T/pip-install-nu8wkc3d/matplotlib_a2f54c616a23498ca49a58708fff805d/build/freetype-2.6.1/include -fvisibility=hidden -flto -c -Wall -fno-strict-overflow -Wsign-compare -Wunreachable-code -DNDEBUG -O2 -Wall -fPIC -O2 -isystem /Users/bakr/miniforge3/include -arch arm64 -fPIC -O2 -isystem /Users/bakr/miniforge3/include -arch arm64 -fPIC -DDARWIN_NO_CARBON "-DFT_CONFIG_CONFIG_H=<ftconfig.h>" -DFT2_BUILD_LIBRARY "-DFT_CONFIG_MODULES_H=<ftmodule.h>" /private/var/folders/ql/btm7z5tx32ddpsky8z3bz4_r0000gn/T/pip-install-nu8wkc3d/matplotlib_a2f54c616a23498ca49a58708fff805d/build/freetype-2.6.1/src/base/ftfntfmt.c -o /private/var/folders/ql/btm7z5tx32ddpsky8z3bz4_r0000gn/T/pip-install-nu8wkc3d/matplotlib_a2f54c616a23498ca49a58708fff805d/build/freetype-2.6.1/objs/ftfntfmt.o
      ./builds/unix/libtool --mode=compile clang -pedantic -ansi -I/private/var/folders/ql/btm7z5tx32ddpsky8z3bz4_r0000gn/T/pip-install-nu8wkc3d/matplotlib_a2f54c616a23498ca49a58708fff805d/build/freetype-2.6.1/src/base -I/private/var/folders/ql/btm7z5tx32ddpsky8z3bz4_r0000gn/T/pip-install-nu8wkc3d/matplotlib_a2f54c616a23498ca49a58708fff805d/build/freetype-2.6.1/objs -I./builds/unix -I/private/var/folders/ql/btm7z5tx32ddpsky8z3bz4_r0000gn/T/pip-install-nu8wkc3d/matplotlib_a2f54c616a23498ca49a58708fff805d/build/freetype-2.6.1/include -fvisibility=hidden -flto -c -Wall -fno-strict-overflow -Wsign-compare -Wunreachable-code -DNDEBUG -O2 -Wall -fPIC  -O2  -isystem /Users/bakr/miniforge3/include -arch arm64  -fPIC  -O2  -isystem /Users/bakr/miniforge3/include -arch arm64  -fPIC -DDARWIN_NO_CARBON -DFT_CONFIG_CONFIG_H="<ftconfig.h>" -DFT2_BUILD_LIBRARY -DFT_CONFIG_MODULES_H="<ftmodule.h>"  -o /private/var/folders/ql/btm7z5tx32ddpsky8z3bz4_r0000gn/T/pip-install-nu8wkc3d/matplotlib_a2f54c616a23498ca49a58708fff805d/build/freetype-2.6.1/objs/ftfstype.lo /private/var/folders/ql/btm7z5tx32ddpsky8z3bz4_r0000gn/T/pip-install-nu8wkc3d/matplotlib_a2f54c616a23498ca49a58708fff805d/build/freetype-2.6.1/src/base/ftfstype.c
      libtool: compile:  clang -pedantic -ansi -I/private/var/folders/ql/btm7z5tx32ddpsky8z3bz4_r0000gn/T/pip-install-nu8wkc3d/matplotlib_a2f54c616a23498ca49a58708fff805d/build/freetype-2.6.1/src/base -I/private/var/folders/ql/btm7z5tx32ddpsky8z3bz4_r0000gn/T/pip-install-nu8wkc3d/matplotlib_a2f54c616a23498ca49a58708fff805d/build/freetype-2.6.1/objs -I./builds/unix -I/private/var/folders/ql/btm7z5tx32ddpsky8z3bz4_r0000gn/T/pip-install-nu8wkc3d/matplotlib_a2f54c616a23498ca49a58708fff805d/build/freetype-2.6.1/include -fvisibility=hidden -flto -c -Wall -fno-strict-overflow -Wsign-compare -Wunreachable-code -DNDEBUG -O2 -Wall -fPIC -O2 -isystem /Users/bakr/miniforge3/include -arch arm64 -fPIC -O2 -isystem /Users/bakr/miniforge3/include -arch arm64 -fPIC -DDARWIN_NO_CARBON "-DFT_CONFIG_CONFIG_H=<ftconfig.h>" -DFT2_BUILD_LIBRARY "-DFT_CONFIG_MODULES_H=<ftmodule.h>" /private/var/folders/ql/btm7z5tx32ddpsky8z3bz4_r0000gn/T/pip-install-nu8wkc3d/matplotlib_a2f54c616a23498ca49a58708fff805d/build/freetype-2.6.1/src/base/ftfstype.c -o /private/var/folders/ql/btm7z5tx32ddpsky8z3bz4_r0000gn/T/pip-install-nu8wkc3d/matplotlib_a2f54c616a23498ca49a58708fff805d/build/freetype-2.6.1/objs/ftfstype.o
      ./builds/unix/libtool --mode=compile clang -pedantic -ansi -I/private/var/folders/ql/btm7z5tx32ddpsky8z3bz4_r0000gn/T/pip-install-nu8wkc3d/matplotlib_a2f54c616a23498ca49a58708fff805d/build/freetype-2.6.1/src/base -I/private/var/folders/ql/btm7z5tx32ddpsky8z3bz4_r0000gn/T/pip-install-nu8wkc3d/matplotlib_a2f54c616a23498ca49a58708fff805d/build/freetype-2.6.1/objs -I./builds/unix -I/private/var/folders/ql/btm7z5tx32ddpsky8z3bz4_r0000gn/T/pip-install-nu8wkc3d/matplotlib_a2f54c616a23498ca49a58708fff805d/build/freetype-2.6.1/include -fvisibility=hidden -flto -c -Wall -fno-strict-overflow -Wsign-compare -Wunreachable-code -DNDEBUG -O2 -Wall -fPIC  -O2  -isystem /Users/bakr/miniforge3/include -arch arm64  -fPIC  -O2  -isystem /Users/bakr/miniforge3/include -arch arm64  -fPIC -DDARWIN_NO_CARBON -DFT_CONFIG_CONFIG_H="<ftconfig.h>" -DFT2_BUILD_LIBRARY -DFT_CONFIG_MODULES_H="<ftmodule.h>"  -o /private/var/folders/ql/btm7z5tx32ddpsky8z3bz4_r0000gn/T/pip-install-nu8wkc3d/matplotlib_a2f54c616a23498ca49a58708fff805d/build/freetype-2.6.1/objs/ftgasp.lo /private/var/folders/ql/btm7z5tx32ddpsky8z3bz4_r0000gn/T/pip-install-nu8wkc3d/matplotlib_a2f54c616a23498ca49a58708fff805d/build/freetype-2.6.1/src/base/ftgasp.c
      libtool: compile:  clang -pedantic -ansi -I/private/var/folders/ql/btm7z5tx32ddpsky8z3bz4_r0000gn/T/pip-install-nu8wkc3d/matplotlib_a2f54c616a23498ca49a58708fff805d/build/freetype-2.6.1/src/base -I/private/var/folders/ql/btm7z5tx32ddpsky8z3bz4_r0000gn/T/pip-install-nu8wkc3d/matplotlib_a2f54c616a23498ca49a58708fff805d/build/freetype-2.6.1/objs -I./builds/unix -I/private/var/folders/ql/btm7z5tx32ddpsky8z3bz4_r0000gn/T/pip-install-nu8wkc3d/matplotlib_a2f54c616a23498ca49a58708fff805d/build/freetype-2.6.1/include -fvisibility=hidden -flto -c -Wall -fno-strict-overflow -Wsign-compare -Wunreachable-code -DNDEBUG -O2 -Wall -fPIC -O2 -isystem /Users/bakr/miniforge3/include -arch arm64 -fPIC -O2 -isystem /Users/bakr/miniforge3/include -arch arm64 -fPIC -DDARWIN_NO_CARBON "-DFT_CONFIG_CONFIG_H=<ftconfig.h>" -DFT2_BUILD_LIBRARY "-DFT_CONFIG_MODULES_H=<ftmodule.h>" /private/var/folders/ql/btm7z5tx32ddpsky8z3bz4_r0000gn/T/pip-install-nu8wkc3d/matplotlib_a2f54c616a23498ca49a58708fff805d/build/freetype-2.6.1/src/base/ftgasp.c -o /private/var/folders/ql/btm7z5tx32ddpsky8z3bz4_r0000gn/T/pip-install-nu8wkc3d/matplotlib_a2f54c616a23498ca49a58708fff805d/build/freetype-2.6.1/objs/ftgasp.o
      ./builds/unix/libtool --mode=compile clang -pedantic -ansi -I/private/var/folders/ql/btm7z5tx32ddpsky8z3bz4_r0000gn/T/pip-install-nu8wkc3d/matplotlib_a2f54c616a23498ca49a58708fff805d/build/freetype-2.6.1/src/base -I/private/var/folders/ql/btm7z5tx32ddpsky8z3bz4_r0000gn/T/pip-install-nu8wkc3d/matplotlib_a2f54c616a23498ca49a58708fff805d/build/freetype-2.6.1/objs -I./builds/unix -I/private/var/folders/ql/btm7z5tx32ddpsky8z3bz4_r0000gn/T/pip-install-nu8wkc3d/matplotlib_a2f54c616a23498ca49a58708fff805d/build/freetype-2.6.1/include -fvisibility=hidden -flto -c -Wall -fno-strict-overflow -Wsign-compare -Wunreachable-code -DNDEBUG -O2 -Wall -fPIC  -O2  -isystem /Users/bakr/miniforge3/include -arch arm64  -fPIC  -O2  -isystem /Users/bakr/miniforge3/include -arch arm64  -fPIC -DDARWIN_NO_CARBON -DFT_CONFIG_CONFIG_H="<ftconfig.h>" -DFT2_BUILD_LIBRARY -DFT_CONFIG_MODULES_H="<ftmodule.h>"  -o /private/var/folders/ql/btm7z5tx32ddpsky8z3bz4_r0000gn/T/pip-install-nu8wkc3d/matplotlib_a2f54c616a23498ca49a58708fff805d/build/freetype-2.6.1/objs/ftglyph.lo /private/var/folders/ql/btm7z5tx32ddpsky8z3bz4_r0000gn/T/pip-install-nu8wkc3d/matplotlib_a2f54c616a23498ca49a58708fff805d/build/freetype-2.6.1/src/base/ftglyph.c
      libtool: compile:  clang -pedantic -ansi -I/private/var/folders/ql/btm7z5tx32ddpsky8z3bz4_r0000gn/T/pip-install-nu8wkc3d/matplotlib_a2f54c616a23498ca49a58708fff805d/build/freetype-2.6.1/src/base -I/private/var/folders/ql/btm7z5tx32ddpsky8z3bz4_r0000gn/T/pip-install-nu8wkc3d/matplotlib_a2f54c616a23498ca49a58708fff805d/build/freetype-2.6.1/objs -I./builds/unix -I/private/var/folders/ql/btm7z5tx32ddpsky8z3bz4_r0000gn/T/pip-install-nu8wkc3d/matplotlib_a2f54c616a23498ca49a58708fff805d/build/freetype-2.6.1/include -fvisibility=hidden -flto -c -Wall -fno-strict-overflow -Wsign-compare -Wunreachable-code -DNDEBUG -O2 -Wall -fPIC -O2 -isystem /Users/bakr/miniforge3/include -arch arm64 -fPIC -O2 -isystem /Users/bakr/miniforge3/include -arch arm64 -fPIC -DDARWIN_NO_CARBON "-DFT_CONFIG_CONFIG_H=<ftconfig.h>" -DFT2_BUILD_LIBRARY "-DFT_CONFIG_MODULES_H=<ftmodule.h>" /private/var/folders/ql/btm7z5tx32ddpsky8z3bz4_r0000gn/T/pip-install-nu8wkc3d/matplotlib_a2f54c616a23498ca49a58708fff805d/build/freetype-2.6.1/src/base/ftglyph.c -o /private/var/folders/ql/btm7z5tx32ddpsky8z3bz4_r0000gn/T/pip-install-nu8wkc3d/matplotlib_a2f54c616a23498ca49a58708fff805d/build/freetype-2.6.1/objs/ftglyph.o
      ./builds/unix/libtool --mode=compile clang -pedantic -ansi -I/private/var/folders/ql/btm7z5tx32ddpsky8z3bz4_r0000gn/T/pip-install-nu8wkc3d/matplotlib_a2f54c616a23498ca49a58708fff805d/build/freetype-2.6.1/src/base -I/private/var/folders/ql/btm7z5tx32ddpsky8z3bz4_r0000gn/T/pip-install-nu8wkc3d/matplotlib_a2f54c616a23498ca49a58708fff805d/build/freetype-2.6.1/objs -I./builds/unix -I/private/var/folders/ql/btm7z5tx32ddpsky8z3bz4_r0000gn/T/pip-install-nu8wkc3d/matplotlib_a2f54c616a23498ca49a58708fff805d/build/freetype-2.6.1/include -fvisibility=hidden -flto -c -Wall -fno-strict-overflow -Wsign-compare -Wunreachable-code -DNDEBUG -O2 -Wall -fPIC  -O2  -isystem /Users/bakr/miniforge3/include -arch arm64  -fPIC  -O2  -isystem /Users/bakr/miniforge3/include -arch arm64  -fPIC -DDARWIN_NO_CARBON -DFT_CONFIG_CONFIG_H="<ftconfig.h>" -DFT2_BUILD_LIBRARY -DFT_CONFIG_MODULES_H="<ftmodule.h>"  -o /private/var/folders/ql/btm7z5tx32ddpsky8z3bz4_r0000gn/T/pip-install-nu8wkc3d/matplotlib_a2f54c616a23498ca49a58708fff805d/build/freetype-2.6.1/objs/ftgxval.lo /private/var/folders/ql/btm7z5tx32ddpsky8z3bz4_r0000gn/T/pip-install-nu8wkc3d/matplotlib_a2f54c616a23498ca49a58708fff805d/build/freetype-2.6.1/src/base/ftgxval.c
      libtool: compile:  clang -pedantic -ansi -I/private/var/folders/ql/btm7z5tx32ddpsky8z3bz4_r0000gn/T/pip-install-nu8wkc3d/matplotlib_a2f54c616a23498ca49a58708fff805d/build/freetype-2.6.1/src/base -I/private/var/folders/ql/btm7z5tx32ddpsky8z3bz4_r0000gn/T/pip-install-nu8wkc3d/matplotlib_a2f54c616a23498ca49a58708fff805d/build/freetype-2.6.1/objs -I./builds/unix -I/private/var/folders/ql/btm7z5tx32ddpsky8z3bz4_r0000gn/T/pip-install-nu8wkc3d/matplotlib_a2f54c616a23498ca49a58708fff805d/build/freetype-2.6.1/include -fvisibility=hidden -flto -c -Wall -fno-strict-overflow -Wsign-compare -Wunreachable-code -DNDEBUG -O2 -Wall -fPIC -O2 -isystem /Users/bakr/miniforge3/include -arch arm64 -fPIC -O2 -isystem /Users/bakr/miniforge3/include -arch arm64 -fPIC -DDARWIN_NO_CARBON "-DFT_CONFIG_CONFIG_H=<ftconfig.h>" -DFT2_BUILD_LIBRARY "-DFT_CONFIG_MODULES_H=<ftmodule.h>" /private/var/folders/ql/btm7z5tx32ddpsky8z3bz4_r0000gn/T/pip-install-nu8wkc3d/matplotlib_a2f54c616a23498ca49a58708fff805d/build/freetype-2.6.1/src/base/ftgxval.c -o /private/var/folders/ql/btm7z5tx32ddpsky8z3bz4_r0000gn/T/pip-install-nu8wkc3d/matplotlib_a2f54c616a23498ca49a58708fff805d/build/freetype-2.6.1/objs/ftgxval.o
      ./builds/unix/libtool --mode=compile clang -pedantic -ansi -I/private/var/folders/ql/btm7z5tx32ddpsky8z3bz4_r0000gn/T/pip-install-nu8wkc3d/matplotlib_a2f54c616a23498ca49a58708fff805d/build/freetype-2.6.1/src/base -I/private/var/folders/ql/btm7z5tx32ddpsky8z3bz4_r0000gn/T/pip-install-nu8wkc3d/matplotlib_a2f54c616a23498ca49a58708fff805d/build/freetype-2.6.1/objs -I./builds/unix -I/private/var/folders/ql/btm7z5tx32ddpsky8z3bz4_r0000gn/T/pip-install-nu8wkc3d/matplotlib_a2f54c616a23498ca49a58708fff805d/build/freetype-2.6.1/include -fvisibility=hidden -flto -c -Wall -fno-strict-overflow -Wsign-compare -Wunreachable-code -DNDEBUG -O2 -Wall -fPIC  -O2  -isystem /Users/bakr/miniforge3/include -arch arm64  -fPIC  -O2  -isystem /Users/bakr/miniforge3/include -arch arm64  -fPIC -DDARWIN_NO_CARBON -DFT_CONFIG_CONFIG_H="<ftconfig.h>" -DFT2_BUILD_LIBRARY -DFT_CONFIG_MODULES_H="<ftmodule.h>"  -o /private/var/folders/ql/btm7z5tx32ddpsky8z3bz4_r0000gn/T/pip-install-nu8wkc3d/matplotlib_a2f54c616a23498ca49a58708fff805d/build/freetype-2.6.1/objs/ftlcdfil.lo /private/var/folders/ql/btm7z5tx32ddpsky8z3bz4_r0000gn/T/pip-install-nu8wkc3d/matplotlib_a2f54c616a23498ca49a58708fff805d/build/freetype-2.6.1/src/base/ftlcdfil.c
      libtool: compile:  clang -pedantic -ansi -I/private/var/folders/ql/btm7z5tx32ddpsky8z3bz4_r0000gn/T/pip-install-nu8wkc3d/matplotlib_a2f54c616a23498ca49a58708fff805d/build/freetype-2.6.1/src/base -I/private/var/folders/ql/btm7z5tx32ddpsky8z3bz4_r0000gn/T/pip-install-nu8wkc3d/matplotlib_a2f54c616a23498ca49a58708fff805d/build/freetype-2.6.1/objs -I./builds/unix -I/private/var/folders/ql/btm7z5tx32ddpsky8z3bz4_r0000gn/T/pip-install-nu8wkc3d/matplotlib_a2f54c616a23498ca49a58708fff805d/build/freetype-2.6.1/include -fvisibility=hidden -flto -c -Wall -fno-strict-overflow -Wsign-compare -Wunreachable-code -DNDEBUG -O2 -Wall -fPIC -O2 -isystem /Users/bakr/miniforge3/include -arch arm64 -fPIC -O2 -isystem /Users/bakr/miniforge3/include -arch arm64 -fPIC -DDARWIN_NO_CARBON "-DFT_CONFIG_CONFIG_H=<ftconfig.h>" -DFT2_BUILD_LIBRARY "-DFT_CONFIG_MODULES_H=<ftmodule.h>" /private/var/folders/ql/btm7z5tx32ddpsky8z3bz4_r0000gn/T/pip-install-nu8wkc3d/matplotlib_a2f54c616a23498ca49a58708fff805d/build/freetype-2.6.1/src/base/ftlcdfil.c -o /private/var/folders/ql/btm7z5tx32ddpsky8z3bz4_r0000gn/T/pip-install-nu8wkc3d/matplotlib_a2f54c616a23498ca49a58708fff805d/build/freetype-2.6.1/objs/ftlcdfil.o
      ./builds/unix/libtool --mode=compile clang -pedantic -ansi -I/private/var/folders/ql/btm7z5tx32ddpsky8z3bz4_r0000gn/T/pip-install-nu8wkc3d/matplotlib_a2f54c616a23498ca49a58708fff805d/build/freetype-2.6.1/src/base -I/private/var/folders/ql/btm7z5tx32ddpsky8z3bz4_r0000gn/T/pip-install-nu8wkc3d/matplotlib_a2f54c616a23498ca49a58708fff805d/build/freetype-2.6.1/objs -I./builds/unix -I/private/var/folders/ql/btm7z5tx32ddpsky8z3bz4_r0000gn/T/pip-install-nu8wkc3d/matplotlib_a2f54c616a23498ca49a58708fff805d/build/freetype-2.6.1/include -fvisibility=hidden -flto -c -Wall -fno-strict-overflow -Wsign-compare -Wunreachable-code -DNDEBUG -O2 -Wall -fPIC  -O2  -isystem /Users/bakr/miniforge3/include -arch arm64  -fPIC  -O2  -isystem /Users/bakr/miniforge3/include -arch arm64  -fPIC -DDARWIN_NO_CARBON -DFT_CONFIG_CONFIG_H="<ftconfig.h>" -DFT2_BUILD_LIBRARY -DFT_CONFIG_MODULES_H="<ftmodule.h>"  -o /private/var/folders/ql/btm7z5tx32ddpsky8z3bz4_r0000gn/T/pip-install-nu8wkc3d/matplotlib_a2f54c616a23498ca49a58708fff805d/build/freetype-2.6.1/objs/ftmm.lo /private/var/folders/ql/btm7z5tx32ddpsky8z3bz4_r0000gn/T/pip-install-nu8wkc3d/matplotlib_a2f54c616a23498ca49a58708fff805d/build/freetype-2.6.1/src/base/ftmm.c
      libtool: compile:  clang -pedantic -ansi -I/private/var/folders/ql/btm7z5tx32ddpsky8z3bz4_r0000gn/T/pip-install-nu8wkc3d/matplotlib_a2f54c616a23498ca49a58708fff805d/build/freetype-2.6.1/src/base -I/private/var/folders/ql/btm7z5tx32ddpsky8z3bz4_r0000gn/T/pip-install-nu8wkc3d/matplotlib_a2f54c616a23498ca49a58708fff805d/build/freetype-2.6.1/objs -I./builds/unix -I/private/var/folders/ql/btm7z5tx32ddpsky8z3bz4_r0000gn/T/pip-install-nu8wkc3d/matplotlib_a2f54c616a23498ca49a58708fff805d/build/freetype-2.6.1/include -fvisibility=hidden -flto -c -Wall -fno-strict-overflow -Wsign-compare -Wunreachable-code -DNDEBUG -O2 -Wall -fPIC -O2 -isystem /Users/bakr/miniforge3/include -arch arm64 -fPIC -O2 -isystem /Users/bakr/miniforge3/include -arch arm64 -fPIC -DDARWIN_NO_CARBON "-DFT_CONFIG_CONFIG_H=<ftconfig.h>" -DFT2_BUILD_LIBRARY "-DFT_CONFIG_MODULES_H=<ftmodule.h>" /private/var/folders/ql/btm7z5tx32ddpsky8z3bz4_r0000gn/T/pip-install-nu8wkc3d/matplotlib_a2f54c616a23498ca49a58708fff805d/build/freetype-2.6.1/src/base/ftmm.c -o /private/var/folders/ql/btm7z5tx32ddpsky8z3bz4_r0000gn/T/pip-install-nu8wkc3d/matplotlib_a2f54c616a23498ca49a58708fff805d/build/freetype-2.6.1/objs/ftmm.o
      ./builds/unix/libtool --mode=compile clang -pedantic -ansi -I/private/var/folders/ql/btm7z5tx32ddpsky8z3bz4_r0000gn/T/pip-install-nu8wkc3d/matplotlib_a2f54c616a23498ca49a58708fff805d/build/freetype-2.6.1/src/base -I/private/var/folders/ql/btm7z5tx32ddpsky8z3bz4_r0000gn/T/pip-install-nu8wkc3d/matplotlib_a2f54c616a23498ca49a58708fff805d/build/freetype-2.6.1/objs -I./builds/unix -I/private/var/folders/ql/btm7z5tx32ddpsky8z3bz4_r0000gn/T/pip-install-nu8wkc3d/matplotlib_a2f54c616a23498ca49a58708fff805d/build/freetype-2.6.1/include -fvisibility=hidden -flto -c -Wall -fno-strict-overflow -Wsign-compare -Wunreachable-code -DNDEBUG -O2 -Wall -fPIC  -O2  -isystem /Users/bakr/miniforge3/include -arch arm64  -fPIC  -O2  -isystem /Users/bakr/miniforge3/include -arch arm64  -fPIC -DDARWIN_NO_CARBON -DFT_CONFIG_CONFIG_H="<ftconfig.h>" -DFT2_BUILD_LIBRARY -DFT_CONFIG_MODULES_H="<ftmodule.h>"  -o /private/var/folders/ql/btm7z5tx32ddpsky8z3bz4_r0000gn/T/pip-install-nu8wkc3d/matplotlib_a2f54c616a23498ca49a58708fff805d/build/freetype-2.6.1/objs/ftotval.lo /private/var/folders/ql/btm7z5tx32ddpsky8z3bz4_r0000gn/T/pip-install-nu8wkc3d/matplotlib_a2f54c616a23498ca49a58708fff805d/build/freetype-2.6.1/src/base/ftotval.c
      libtool: compile:  clang -pedantic -ansi -I/private/var/folders/ql/btm7z5tx32ddpsky8z3bz4_r0000gn/T/pip-install-nu8wkc3d/matplotlib_a2f54c616a23498ca49a58708fff805d/build/freetype-2.6.1/src/base -I/private/var/folders/ql/btm7z5tx32ddpsky8z3bz4_r0000gn/T/pip-install-nu8wkc3d/matplotlib_a2f54c616a23498ca49a58708fff805d/build/freetype-2.6.1/objs -I./builds/unix -I/private/var/folders/ql/btm7z5tx32ddpsky8z3bz4_r0000gn/T/pip-install-nu8wkc3d/matplotlib_a2f54c616a23498ca49a58708fff805d/build/freetype-2.6.1/include -fvisibility=hidden -flto -c -Wall -fno-strict-overflow -Wsign-compare -Wunreachable-code -DNDEBUG -O2 -Wall -fPIC -O2 -isystem /Users/bakr/miniforge3/include -arch arm64 -fPIC -O2 -isystem /Users/bakr/miniforge3/include -arch arm64 -fPIC -DDARWIN_NO_CARBON "-DFT_CONFIG_CONFIG_H=<ftconfig.h>" -DFT2_BUILD_LIBRARY "-DFT_CONFIG_MODULES_H=<ftmodule.h>" /private/var/folders/ql/btm7z5tx32ddpsky8z3bz4_r0000gn/T/pip-install-nu8wkc3d/matplotlib_a2f54c616a23498ca49a58708fff805d/build/freetype-2.6.1/src/base/ftotval.c -o /private/var/folders/ql/btm7z5tx32ddpsky8z3bz4_r0000gn/T/pip-install-nu8wkc3d/matplotlib_a2f54c616a23498ca49a58708fff805d/build/freetype-2.6.1/objs/ftotval.o
      ./builds/unix/libtool --mode=compile clang -pedantic -ansi -I/private/var/folders/ql/btm7z5tx32ddpsky8z3bz4_r0000gn/T/pip-install-nu8wkc3d/matplotlib_a2f54c616a23498ca49a58708fff805d/build/freetype-2.6.1/src/base -I/private/var/folders/ql/btm7z5tx32ddpsky8z3bz4_r0000gn/T/pip-install-nu8wkc3d/matplotlib_a2f54c616a23498ca49a58708fff805d/build/freetype-2.6.1/objs -I./builds/unix -I/private/var/folders/ql/btm7z5tx32ddpsky8z3bz4_r0000gn/T/pip-install-nu8wkc3d/matplotlib_a2f54c616a23498ca49a58708fff805d/build/freetype-2.6.1/include -fvisibility=hidden -flto -c -Wall -fno-strict-overflow -Wsign-compare -Wunreachable-code -DNDEBUG -O2 -Wall -fPIC  -O2  -isystem /Users/bakr/miniforge3/include -arch arm64  -fPIC  -O2  -isystem /Users/bakr/miniforge3/include -arch arm64  -fPIC -DDARWIN_NO_CARBON -DFT_CONFIG_CONFIG_H="<ftconfig.h>" -DFT2_BUILD_LIBRARY -DFT_CONFIG_MODULES_H="<ftmodule.h>"  -o /private/var/folders/ql/btm7z5tx32ddpsky8z3bz4_r0000gn/T/pip-install-nu8wkc3d/matplotlib_a2f54c616a23498ca49a58708fff805d/build/freetype-2.6.1/objs/ftpatent.lo /private/var/folders/ql/btm7z5tx32ddpsky8z3bz4_r0000gn/T/pip-install-nu8wkc3d/matplotlib_a2f54c616a23498ca49a58708fff805d/build/freetype-2.6.1/src/base/ftpatent.c
      libtool: compile:  clang -pedantic -ansi -I/private/var/folders/ql/btm7z5tx32ddpsky8z3bz4_r0000gn/T/pip-install-nu8wkc3d/matplotlib_a2f54c616a23498ca49a58708fff805d/build/freetype-2.6.1/src/base -I/private/var/folders/ql/btm7z5tx32ddpsky8z3bz4_r0000gn/T/pip-install-nu8wkc3d/matplotlib_a2f54c616a23498ca49a58708fff805d/build/freetype-2.6.1/objs -I./builds/unix -I/private/var/folders/ql/btm7z5tx32ddpsky8z3bz4_r0000gn/T/pip-install-nu8wkc3d/matplotlib_a2f54c616a23498ca49a58708fff805d/build/freetype-2.6.1/include -fvisibility=hidden -flto -c -Wall -fno-strict-overflow -Wsign-compare -Wunreachable-code -DNDEBUG -O2 -Wall -fPIC -O2 -isystem /Users/bakr/miniforge3/include -arch arm64 -fPIC -O2 -isystem /Users/bakr/miniforge3/include -arch arm64 -fPIC -DDARWIN_NO_CARBON "-DFT_CONFIG_CONFIG_H=<ftconfig.h>" -DFT2_BUILD_LIBRARY "-DFT_CONFIG_MODULES_H=<ftmodule.h>" /private/var/folders/ql/btm7z5tx32ddpsky8z3bz4_r0000gn/T/pip-install-nu8wkc3d/matplotlib_a2f54c616a23498ca49a58708fff805d/build/freetype-2.6.1/src/base/ftpatent.c -o /private/var/folders/ql/btm7z5tx32ddpsky8z3bz4_r0000gn/T/pip-install-nu8wkc3d/matplotlib_a2f54c616a23498ca49a58708fff805d/build/freetype-2.6.1/objs/ftpatent.o
      ./builds/unix/libtool --mode=compile clang -pedantic -ansi -I/private/var/folders/ql/btm7z5tx32ddpsky8z3bz4_r0000gn/T/pip-install-nu8wkc3d/matplotlib_a2f54c616a23498ca49a58708fff805d/build/freetype-2.6.1/src/base -I/private/var/folders/ql/btm7z5tx32ddpsky8z3bz4_r0000gn/T/pip-install-nu8wkc3d/matplotlib_a2f54c616a23498ca49a58708fff805d/build/freetype-2.6.1/objs -I./builds/unix -I/private/var/folders/ql/btm7z5tx32ddpsky8z3bz4_r0000gn/T/pip-install-nu8wkc3d/matplotlib_a2f54c616a23498ca49a58708fff805d/build/freetype-2.6.1/include -fvisibility=hidden -flto -c -Wall -fno-strict-overflow -Wsign-compare -Wunreachable-code -DNDEBUG -O2 -Wall -fPIC  -O2  -isystem /Users/bakr/miniforge3/include -arch arm64  -fPIC  -O2  -isystem /Users/bakr/miniforge3/include -arch arm64  -fPIC -DDARWIN_NO_CARBON -DFT_CONFIG_CONFIG_H="<ftconfig.h>" -DFT2_BUILD_LIBRARY -DFT_CONFIG_MODULES_H="<ftmodule.h>"  -o /private/var/folders/ql/btm7z5tx32ddpsky8z3bz4_r0000gn/T/pip-install-nu8wkc3d/matplotlib_a2f54c616a23498ca49a58708fff805d/build/freetype-2.6.1/objs/ftpfr.lo /private/var/folders/ql/btm7z5tx32ddpsky8z3bz4_r0000gn/T/pip-install-nu8wkc3d/matplotlib_a2f54c616a23498ca49a58708fff805d/build/freetype-2.6.1/src/base/ftpfr.c
      libtool: compile:  clang -pedantic -ansi -I/private/var/folders/ql/btm7z5tx32ddpsky8z3bz4_r0000gn/T/pip-install-nu8wkc3d/matplotlib_a2f54c616a23498ca49a58708fff805d/build/freetype-2.6.1/src/base -I/private/var/folders/ql/btm7z5tx32ddpsky8z3bz4_r0000gn/T/pip-install-nu8wkc3d/matplotlib_a2f54c616a23498ca49a58708fff805d/build/freetype-2.6.1/objs -I./builds/unix -I/private/var/folders/ql/btm7z5tx32ddpsky8z3bz4_r0000gn/T/pip-install-nu8wkc3d/matplotlib_a2f54c616a23498ca49a58708fff805d/build/freetype-2.6.1/include -fvisibility=hidden -flto -c -Wall -fno-strict-overflow -Wsign-compare -Wunreachable-code -DNDEBUG -O2 -Wall -fPIC -O2 -isystem /Users/bakr/miniforge3/include -arch arm64 -fPIC -O2 -isystem /Users/bakr/miniforge3/include -arch arm64 -fPIC -DDARWIN_NO_CARBON "-DFT_CONFIG_CONFIG_H=<ftconfig.h>" -DFT2_BUILD_LIBRARY "-DFT_CONFIG_MODULES_H=<ftmodule.h>" /private/var/folders/ql/btm7z5tx32ddpsky8z3bz4_r0000gn/T/pip-install-nu8wkc3d/matplotlib_a2f54c616a23498ca49a58708fff805d/build/freetype-2.6.1/src/base/ftpfr.c -o /private/var/folders/ql/btm7z5tx32ddpsky8z3bz4_r0000gn/T/pip-install-nu8wkc3d/matplotlib_a2f54c616a23498ca49a58708fff805d/build/freetype-2.6.1/objs/ftpfr.o
      ./builds/unix/libtool --mode=compile clang -pedantic -ansi -I/private/var/folders/ql/btm7z5tx32ddpsky8z3bz4_r0000gn/T/pip-install-nu8wkc3d/matplotlib_a2f54c616a23498ca49a58708fff805d/build/freetype-2.6.1/src/base -I/private/var/folders/ql/btm7z5tx32ddpsky8z3bz4_r0000gn/T/pip-install-nu8wkc3d/matplotlib_a2f54c616a23498ca49a58708fff805d/build/freetype-2.6.1/objs -I./builds/unix -I/private/var/folders/ql/btm7z5tx32ddpsky8z3bz4_r0000gn/T/pip-install-nu8wkc3d/matplotlib_a2f54c616a23498ca49a58708fff805d/build/freetype-2.6.1/include -fvisibility=hidden -flto -c -Wall -fno-strict-overflow -Wsign-compare -Wunreachable-code -DNDEBUG -O2 -Wall -fPIC  -O2  -isystem /Users/bakr/miniforge3/include -arch arm64  -fPIC  -O2  -isystem /Users/bakr/miniforge3/include -arch arm64  -fPIC -DDARWIN_NO_CARBON -DFT_CONFIG_CONFIG_H="<ftconfig.h>" -DFT2_BUILD_LIBRARY -DFT_CONFIG_MODULES_H="<ftmodule.h>"  -o /private/var/folders/ql/btm7z5tx32ddpsky8z3bz4_r0000gn/T/pip-install-nu8wkc3d/matplotlib_a2f54c616a23498ca49a58708fff805d/build/freetype-2.6.1/objs/ftstroke.lo /private/var/folders/ql/btm7z5tx32ddpsky8z3bz4_r0000gn/T/pip-install-nu8wkc3d/matplotlib_a2f54c616a23498ca49a58708fff805d/build/freetype-2.6.1/src/base/ftstroke.c
      libtool: compile:  clang -pedantic -ansi -I/private/var/folders/ql/btm7z5tx32ddpsky8z3bz4_r0000gn/T/pip-install-nu8wkc3d/matplotlib_a2f54c616a23498ca49a58708fff805d/build/freetype-2.6.1/src/base -I/private/var/folders/ql/btm7z5tx32ddpsky8z3bz4_r0000gn/T/pip-install-nu8wkc3d/matplotlib_a2f54c616a23498ca49a58708fff805d/build/freetype-2.6.1/objs -I./builds/unix -I/private/var/folders/ql/btm7z5tx32ddpsky8z3bz4_r0000gn/T/pip-install-nu8wkc3d/matplotlib_a2f54c616a23498ca49a58708fff805d/build/freetype-2.6.1/include -fvisibility=hidden -flto -c -Wall -fno-strict-overflow -Wsign-compare -Wunreachable-code -DNDEBUG -O2 -Wall -fPIC -O2 -isystem /Users/bakr/miniforge3/include -arch arm64 -fPIC -O2 -isystem /Users/bakr/miniforge3/include -arch arm64 -fPIC -DDARWIN_NO_CARBON "-DFT_CONFIG_CONFIG_H=<ftconfig.h>" -DFT2_BUILD_LIBRARY "-DFT_CONFIG_MODULES_H=<ftmodule.h>" /private/var/folders/ql/btm7z5tx32ddpsky8z3bz4_r0000gn/T/pip-install-nu8wkc3d/matplotlib_a2f54c616a23498ca49a58708fff805d/build/freetype-2.6.1/src/base/ftstroke.c -o /private/var/folders/ql/btm7z5tx32ddpsky8z3bz4_r0000gn/T/pip-install-nu8wkc3d/matplotlib_a2f54c616a23498ca49a58708fff805d/build/freetype-2.6.1/objs/ftstroke.o
      ./builds/unix/libtool --mode=compile clang -pedantic -ansi -I/private/var/folders/ql/btm7z5tx32ddpsky8z3bz4_r0000gn/T/pip-install-nu8wkc3d/matplotlib_a2f54c616a23498ca49a58708fff805d/build/freetype-2.6.1/src/base -I/private/var/folders/ql/btm7z5tx32ddpsky8z3bz4_r0000gn/T/pip-install-nu8wkc3d/matplotlib_a2f54c616a23498ca49a58708fff805d/build/freetype-2.6.1/objs -I./builds/unix -I/private/var/folders/ql/btm7z5tx32ddpsky8z3bz4_r0000gn/T/pip-install-nu8wkc3d/matplotlib_a2f54c616a23498ca49a58708fff805d/build/freetype-2.6.1/include -fvisibility=hidden -flto -c -Wall -fno-strict-overflow -Wsign-compare -Wunreachable-code -DNDEBUG -O2 -Wall -fPIC  -O2  -isystem /Users/bakr/miniforge3/include -arch arm64  -fPIC  -O2  -isystem /Users/bakr/miniforge3/include -arch arm64  -fPIC -DDARWIN_NO_CARBON -DFT_CONFIG_CONFIG_H="<ftconfig.h>" -DFT2_BUILD_LIBRARY -DFT_CONFIG_MODULES_H="<ftmodule.h>"  -o /private/var/folders/ql/btm7z5tx32ddpsky8z3bz4_r0000gn/T/pip-install-nu8wkc3d/matplotlib_a2f54c616a23498ca49a58708fff805d/build/freetype-2.6.1/objs/ftsynth.lo /private/var/folders/ql/btm7z5tx32ddpsky8z3bz4_r0000gn/T/pip-install-nu8wkc3d/matplotlib_a2f54c616a23498ca49a58708fff805d/build/freetype-2.6.1/src/base/ftsynth.c
      libtool: compile:  clang -pedantic -ansi -I/private/var/folders/ql/btm7z5tx32ddpsky8z3bz4_r0000gn/T/pip-install-nu8wkc3d/matplotlib_a2f54c616a23498ca49a58708fff805d/build/freetype-2.6.1/src/base -I/private/var/folders/ql/btm7z5tx32ddpsky8z3bz4_r0000gn/T/pip-install-nu8wkc3d/matplotlib_a2f54c616a23498ca49a58708fff805d/build/freetype-2.6.1/objs -I./builds/unix -I/private/var/folders/ql/btm7z5tx32ddpsky8z3bz4_r0000gn/T/pip-install-nu8wkc3d/matplotlib_a2f54c616a23498ca49a58708fff805d/build/freetype-2.6.1/include -fvisibility=hidden -flto -c -Wall -fno-strict-overflow -Wsign-compare -Wunreachable-code -DNDEBUG -O2 -Wall -fPIC -O2 -isystem /Users/bakr/miniforge3/include -arch arm64 -fPIC -O2 -isystem /Users/bakr/miniforge3/include -arch arm64 -fPIC -DDARWIN_NO_CARBON "-DFT_CONFIG_CONFIG_H=<ftconfig.h>" -DFT2_BUILD_LIBRARY "-DFT_CONFIG_MODULES_H=<ftmodule.h>" /private/var/folders/ql/btm7z5tx32ddpsky8z3bz4_r0000gn/T/pip-install-nu8wkc3d/matplotlib_a2f54c616a23498ca49a58708fff805d/build/freetype-2.6.1/src/base/ftsynth.c -o /private/var/folders/ql/btm7z5tx32ddpsky8z3bz4_r0000gn/T/pip-install-nu8wkc3d/matplotlib_a2f54c616a23498ca49a58708fff805d/build/freetype-2.6.1/objs/ftsynth.o
      ./builds/unix/libtool --mode=compile clang -pedantic -ansi -I/private/var/folders/ql/btm7z5tx32ddpsky8z3bz4_r0000gn/T/pip-install-nu8wkc3d/matplotlib_a2f54c616a23498ca49a58708fff805d/build/freetype-2.6.1/src/base -I/private/var/folders/ql/btm7z5tx32ddpsky8z3bz4_r0000gn/T/pip-install-nu8wkc3d/matplotlib_a2f54c616a23498ca49a58708fff805d/build/freetype-2.6.1/objs -I./builds/unix -I/private/var/folders/ql/btm7z5tx32ddpsky8z3bz4_r0000gn/T/pip-install-nu8wkc3d/matplotlib_a2f54c616a23498ca49a58708fff805d/build/freetype-2.6.1/include -fvisibility=hidden -flto -c -Wall -fno-strict-overflow -Wsign-compare -Wunreachable-code -DNDEBUG -O2 -Wall -fPIC  -O2  -isystem /Users/bakr/miniforge3/include -arch arm64  -fPIC  -O2  -isystem /Users/bakr/miniforge3/include -arch arm64  -fPIC -DDARWIN_NO_CARBON -DFT_CONFIG_CONFIG_H="<ftconfig.h>" -DFT2_BUILD_LIBRARY -DFT_CONFIG_MODULES_H="<ftmodule.h>"  -o /private/var/folders/ql/btm7z5tx32ddpsky8z3bz4_r0000gn/T/pip-install-nu8wkc3d/matplotlib_a2f54c616a23498ca49a58708fff805d/build/freetype-2.6.1/objs/fttype1.lo /private/var/folders/ql/btm7z5tx32ddpsky8z3bz4_r0000gn/T/pip-install-nu8wkc3d/matplotlib_a2f54c616a23498ca49a58708fff805d/build/freetype-2.6.1/src/base/fttype1.c
      libtool: compile:  clang -pedantic -ansi -I/private/var/folders/ql/btm7z5tx32ddpsky8z3bz4_r0000gn/T/pip-install-nu8wkc3d/matplotlib_a2f54c616a23498ca49a58708fff805d/build/freetype-2.6.1/src/base -I/private/var/folders/ql/btm7z5tx32ddpsky8z3bz4_r0000gn/T/pip-install-nu8wkc3d/matplotlib_a2f54c616a23498ca49a58708fff805d/build/freetype-2.6.1/objs -I./builds/unix -I/private/var/folders/ql/btm7z5tx32ddpsky8z3bz4_r0000gn/T/pip-install-nu8wkc3d/matplotlib_a2f54c616a23498ca49a58708fff805d/build/freetype-2.6.1/include -fvisibility=hidden -flto -c -Wall -fno-strict-overflow -Wsign-compare -Wunreachable-code -DNDEBUG -O2 -Wall -fPIC -O2 -isystem /Users/bakr/miniforge3/include -arch arm64 -fPIC -O2 -isystem /Users/bakr/miniforge3/include -arch arm64 -fPIC -DDARWIN_NO_CARBON "-DFT_CONFIG_CONFIG_H=<ftconfig.h>" -DFT2_BUILD_LIBRARY "-DFT_CONFIG_MODULES_H=<ftmodule.h>" /private/var/folders/ql/btm7z5tx32ddpsky8z3bz4_r0000gn/T/pip-install-nu8wkc3d/matplotlib_a2f54c616a23498ca49a58708fff805d/build/freetype-2.6.1/src/base/fttype1.c -o /private/var/folders/ql/btm7z5tx32ddpsky8z3bz4_r0000gn/T/pip-install-nu8wkc3d/matplotlib_a2f54c616a23498ca49a58708fff805d/build/freetype-2.6.1/objs/fttype1.o
      ./builds/unix/libtool --mode=compile clang -pedantic -ansi -I/private/var/folders/ql/btm7z5tx32ddpsky8z3bz4_r0000gn/T/pip-install-nu8wkc3d/matplotlib_a2f54c616a23498ca49a58708fff805d/build/freetype-2.6.1/src/base -I/private/var/folders/ql/btm7z5tx32ddpsky8z3bz4_r0000gn/T/pip-install-nu8wkc3d/matplotlib_a2f54c616a23498ca49a58708fff805d/build/freetype-2.6.1/objs -I./builds/unix -I/private/var/folders/ql/btm7z5tx32ddpsky8z3bz4_r0000gn/T/pip-install-nu8wkc3d/matplotlib_a2f54c616a23498ca49a58708fff805d/build/freetype-2.6.1/include -fvisibility=hidden -flto -c -Wall -fno-strict-overflow -Wsign-compare -Wunreachable-code -DNDEBUG -O2 -Wall -fPIC  -O2  -isystem /Users/bakr/miniforge3/include -arch arm64  -fPIC  -O2  -isystem /Users/bakr/miniforge3/include -arch arm64  -fPIC -DDARWIN_NO_CARBON -DFT_CONFIG_CONFIG_H="<ftconfig.h>" -DFT2_BUILD_LIBRARY -DFT_CONFIG_MODULES_H="<ftmodule.h>"  -o /private/var/folders/ql/btm7z5tx32ddpsky8z3bz4_r0000gn/T/pip-install-nu8wkc3d/matplotlib_a2f54c616a23498ca49a58708fff805d/build/freetype-2.6.1/objs/ftwinfnt.lo /private/var/folders/ql/btm7z5tx32ddpsky8z3bz4_r0000gn/T/pip-install-nu8wkc3d/matplotlib_a2f54c616a23498ca49a58708fff805d/build/freetype-2.6.1/src/base/ftwinfnt.c
      libtool: compile:  clang -pedantic -ansi -I/private/var/folders/ql/btm7z5tx32ddpsky8z3bz4_r0000gn/T/pip-install-nu8wkc3d/matplotlib_a2f54c616a23498ca49a58708fff805d/build/freetype-2.6.1/src/base -I/private/var/folders/ql/btm7z5tx32ddpsky8z3bz4_r0000gn/T/pip-install-nu8wkc3d/matplotlib_a2f54c616a23498ca49a58708fff805d/build/freetype-2.6.1/objs -I./builds/unix -I/private/var/folders/ql/btm7z5tx32ddpsky8z3bz4_r0000gn/T/pip-install-nu8wkc3d/matplotlib_a2f54c616a23498ca49a58708fff805d/build/freetype-2.6.1/include -fvisibility=hidden -flto -c -Wall -fno-strict-overflow -Wsign-compare -Wunreachable-code -DNDEBUG -O2 -Wall -fPIC -O2 -isystem /Users/bakr/miniforge3/include -arch arm64 -fPIC -O2 -isystem /Users/bakr/miniforge3/include -arch arm64 -fPIC -DDARWIN_NO_CARBON "-DFT_CONFIG_CONFIG_H=<ftconfig.h>" -DFT2_BUILD_LIBRARY "-DFT_CONFIG_MODULES_H=<ftmodule.h>" /private/var/folders/ql/btm7z5tx32ddpsky8z3bz4_r0000gn/T/pip-install-nu8wkc3d/matplotlib_a2f54c616a23498ca49a58708fff805d/build/freetype-2.6.1/src/base/ftwinfnt.c -o /private/var/folders/ql/btm7z5tx32ddpsky8z3bz4_r0000gn/T/pip-install-nu8wkc3d/matplotlib_a2f54c616a23498ca49a58708fff805d/build/freetype-2.6.1/objs/ftwinfnt.o
      ./builds/unix/libtool --mode=compile clang -pedantic -ansi -I/private/var/folders/ql/btm7z5tx32ddpsky8z3bz4_r0000gn/T/pip-install-nu8wkc3d/matplotlib_a2f54c616a23498ca49a58708fff805d/build/freetype-2.6.1/src/truetype -I/private/var/folders/ql/btm7z5tx32ddpsky8z3bz4_r0000gn/T/pip-install-nu8wkc3d/matplotlib_a2f54c616a23498ca49a58708fff805d/build/freetype-2.6.1/objs -I./builds/unix -I/private/var/folders/ql/btm7z5tx32ddpsky8z3bz4_r0000gn/T/pip-install-nu8wkc3d/matplotlib_a2f54c616a23498ca49a58708fff805d/build/freetype-2.6.1/include -fvisibility=hidden -flto -c -Wall -fno-strict-overflow -Wsign-compare -Wunreachable-code -DNDEBUG -O2 -Wall -fPIC  -O2  -isystem /Users/bakr/miniforge3/include -arch arm64  -fPIC  -O2  -isystem /Users/bakr/miniforge3/include -arch arm64  -fPIC -DDARWIN_NO_CARBON -DFT_CONFIG_CONFIG_H="<ftconfig.h>" -DFT2_BUILD_LIBRARY -DFT_CONFIG_MODULES_H="<ftmodule.h>"  -o /private/var/folders/ql/btm7z5tx32ddpsky8z3bz4_r0000gn/T/pip-install-nu8wkc3d/matplotlib_a2f54c616a23498ca49a58708fff805d/build/freetype-2.6.1/objs/truetype.lo /private/var/folders/ql/btm7z5tx32ddpsky8z3bz4_r0000gn/T/pip-install-nu8wkc3d/matplotlib_a2f54c616a23498ca49a58708fff805d/build/freetype-2.6.1/src/truetype/truetype.c
      libtool: compile:  clang -pedantic -ansi -I/private/var/folders/ql/btm7z5tx32ddpsky8z3bz4_r0000gn/T/pip-install-nu8wkc3d/matplotlib_a2f54c616a23498ca49a58708fff805d/build/freetype-2.6.1/src/truetype -I/private/var/folders/ql/btm7z5tx32ddpsky8z3bz4_r0000gn/T/pip-install-nu8wkc3d/matplotlib_a2f54c616a23498ca49a58708fff805d/build/freetype-2.6.1/objs -I./builds/unix -I/private/var/folders/ql/btm7z5tx32ddpsky8z3bz4_r0000gn/T/pip-install-nu8wkc3d/matplotlib_a2f54c616a23498ca49a58708fff805d/build/freetype-2.6.1/include -fvisibility=hidden -flto -c -Wall -fno-strict-overflow -Wsign-compare -Wunreachable-code -DNDEBUG -O2 -Wall -fPIC -O2 -isystem /Users/bakr/miniforge3/include -arch arm64 -fPIC -O2 -isystem /Users/bakr/miniforge3/include -arch arm64 -fPIC -DDARWIN_NO_CARBON "-DFT_CONFIG_CONFIG_H=<ftconfig.h>" -DFT2_BUILD_LIBRARY "-DFT_CONFIG_MODULES_H=<ftmodule.h>" /private/var/folders/ql/btm7z5tx32ddpsky8z3bz4_r0000gn/T/pip-install-nu8wkc3d/matplotlib_a2f54c616a23498ca49a58708fff805d/build/freetype-2.6.1/src/truetype/truetype.c -o /private/var/folders/ql/btm7z5tx32ddpsky8z3bz4_r0000gn/T/pip-install-nu8wkc3d/matplotlib_a2f54c616a23498ca49a58708fff805d/build/freetype-2.6.1/objs/truetype.o
      ./builds/unix/libtool --mode=compile clang -pedantic -ansi -I/private/var/folders/ql/btm7z5tx32ddpsky8z3bz4_r0000gn/T/pip-install-nu8wkc3d/matplotlib_a2f54c616a23498ca49a58708fff805d/build/freetype-2.6.1/src/type1 -I/private/var/folders/ql/btm7z5tx32ddpsky8z3bz4_r0000gn/T/pip-install-nu8wkc3d/matplotlib_a2f54c616a23498ca49a58708fff805d/build/freetype-2.6.1/objs -I./builds/unix -I/private/var/folders/ql/btm7z5tx32ddpsky8z3bz4_r0000gn/T/pip-install-nu8wkc3d/matplotlib_a2f54c616a23498ca49a58708fff805d/build/freetype-2.6.1/include -fvisibility=hidden -flto -c -Wall -fno-strict-overflow -Wsign-compare -Wunreachable-code -DNDEBUG -O2 -Wall -fPIC  -O2  -isystem /Users/bakr/miniforge3/include -arch arm64  -fPIC  -O2  -isystem /Users/bakr/miniforge3/include -arch arm64  -fPIC -DDARWIN_NO_CARBON -DFT_CONFIG_CONFIG_H="<ftconfig.h>" -DFT2_BUILD_LIBRARY -DFT_CONFIG_MODULES_H="<ftmodule.h>"  -o /private/var/folders/ql/btm7z5tx32ddpsky8z3bz4_r0000gn/T/pip-install-nu8wkc3d/matplotlib_a2f54c616a23498ca49a58708fff805d/build/freetype-2.6.1/objs/type1.lo /private/var/folders/ql/btm7z5tx32ddpsky8z3bz4_r0000gn/T/pip-install-nu8wkc3d/matplotlib_a2f54c616a23498ca49a58708fff805d/build/freetype-2.6.1/src/type1/type1.c
      libtool: compile:  clang -pedantic -ansi -I/private/var/folders/ql/btm7z5tx32ddpsky8z3bz4_r0000gn/T/pip-install-nu8wkc3d/matplotlib_a2f54c616a23498ca49a58708fff805d/build/freetype-2.6.1/src/type1 -I/private/var/folders/ql/btm7z5tx32ddpsky8z3bz4_r0000gn/T/pip-install-nu8wkc3d/matplotlib_a2f54c616a23498ca49a58708fff805d/build/freetype-2.6.1/objs -I./builds/unix -I/private/var/folders/ql/btm7z5tx32ddpsky8z3bz4_r0000gn/T/pip-install-nu8wkc3d/matplotlib_a2f54c616a23498ca49a58708fff805d/build/freetype-2.6.1/include -fvisibility=hidden -flto -c -Wall -fno-strict-overflow -Wsign-compare -Wunreachable-code -DNDEBUG -O2 -Wall -fPIC -O2 -isystem /Users/bakr/miniforge3/include -arch arm64 -fPIC -O2 -isystem /Users/bakr/miniforge3/include -arch arm64 -fPIC -DDARWIN_NO_CARBON "-DFT_CONFIG_CONFIG_H=<ftconfig.h>" -DFT2_BUILD_LIBRARY "-DFT_CONFIG_MODULES_H=<ftmodule.h>" /private/var/folders/ql/btm7z5tx32ddpsky8z3bz4_r0000gn/T/pip-install-nu8wkc3d/matplotlib_a2f54c616a23498ca49a58708fff805d/build/freetype-2.6.1/src/type1/type1.c -o /private/var/folders/ql/btm7z5tx32ddpsky8z3bz4_r0000gn/T/pip-install-nu8wkc3d/matplotlib_a2f54c616a23498ca49a58708fff805d/build/freetype-2.6.1/objs/type1.o
      ./builds/unix/libtool --mode=compile clang -pedantic -ansi -I/private/var/folders/ql/btm7z5tx32ddpsky8z3bz4_r0000gn/T/pip-install-nu8wkc3d/matplotlib_a2f54c616a23498ca49a58708fff805d/build/freetype-2.6.1/src/cff -I/private/var/folders/ql/btm7z5tx32ddpsky8z3bz4_r0000gn/T/pip-install-nu8wkc3d/matplotlib_a2f54c616a23498ca49a58708fff805d/build/freetype-2.6.1/objs -I./builds/unix -I/private/var/folders/ql/btm7z5tx32ddpsky8z3bz4_r0000gn/T/pip-install-nu8wkc3d/matplotlib_a2f54c616a23498ca49a58708fff805d/build/freetype-2.6.1/include -fvisibility=hidden -flto -c -Wall -fno-strict-overflow -Wsign-compare -Wunreachable-code -DNDEBUG -O2 -Wall -fPIC  -O2  -isystem /Users/bakr/miniforge3/include -arch arm64  -fPIC  -O2  -isystem /Users/bakr/miniforge3/include -arch arm64  -fPIC -DDARWIN_NO_CARBON -DFT_CONFIG_CONFIG_H="<ftconfig.h>" -DFT2_BUILD_LIBRARY -DFT_CONFIG_MODULES_H="<ftmodule.h>"  -o /private/var/folders/ql/btm7z5tx32ddpsky8z3bz4_r0000gn/T/pip-install-nu8wkc3d/matplotlib_a2f54c616a23498ca49a58708fff805d/build/freetype-2.6.1/objs/cff.lo /private/var/folders/ql/btm7z5tx32ddpsky8z3bz4_r0000gn/T/pip-install-nu8wkc3d/matplotlib_a2f54c616a23498ca49a58708fff805d/build/freetype-2.6.1/src/cff/cff.c
      libtool: compile:  clang -pedantic -ansi -I/private/var/folders/ql/btm7z5tx32ddpsky8z3bz4_r0000gn/T/pip-install-nu8wkc3d/matplotlib_a2f54c616a23498ca49a58708fff805d/build/freetype-2.6.1/src/cff -I/private/var/folders/ql/btm7z5tx32ddpsky8z3bz4_r0000gn/T/pip-install-nu8wkc3d/matplotlib_a2f54c616a23498ca49a58708fff805d/build/freetype-2.6.1/objs -I./builds/unix -I/private/var/folders/ql/btm7z5tx32ddpsky8z3bz4_r0000gn/T/pip-install-nu8wkc3d/matplotlib_a2f54c616a23498ca49a58708fff805d/build/freetype-2.6.1/include -fvisibility=hidden -flto -c -Wall -fno-strict-overflow -Wsign-compare -Wunreachable-code -DNDEBUG -O2 -Wall -fPIC -O2 -isystem /Users/bakr/miniforge3/include -arch arm64 -fPIC -O2 -isystem /Users/bakr/miniforge3/include -arch arm64 -fPIC -DDARWIN_NO_CARBON "-DFT_CONFIG_CONFIG_H=<ftconfig.h>" -DFT2_BUILD_LIBRARY "-DFT_CONFIG_MODULES_H=<ftmodule.h>" /private/var/folders/ql/btm7z5tx32ddpsky8z3bz4_r0000gn/T/pip-install-nu8wkc3d/matplotlib_a2f54c616a23498ca49a58708fff805d/build/freetype-2.6.1/src/cff/cff.c -o /private/var/folders/ql/btm7z5tx32ddpsky8z3bz4_r0000gn/T/pip-install-nu8wkc3d/matplotlib_a2f54c616a23498ca49a58708fff805d/build/freetype-2.6.1/objs/cff.o
      ./builds/unix/libtool --mode=compile clang -pedantic -ansi -I/private/var/folders/ql/btm7z5tx32ddpsky8z3bz4_r0000gn/T/pip-install-nu8wkc3d/matplotlib_a2f54c616a23498ca49a58708fff805d/build/freetype-2.6.1/src/cid -I/private/var/folders/ql/btm7z5tx32ddpsky8z3bz4_r0000gn/T/pip-install-nu8wkc3d/matplotlib_a2f54c616a23498ca49a58708fff805d/build/freetype-2.6.1/objs -I./builds/unix -I/private/var/folders/ql/btm7z5tx32ddpsky8z3bz4_r0000gn/T/pip-install-nu8wkc3d/matplotlib_a2f54c616a23498ca49a58708fff805d/build/freetype-2.6.1/include -fvisibility=hidden -flto -c -Wall -fno-strict-overflow -Wsign-compare -Wunreachable-code -DNDEBUG -O2 -Wall -fPIC  -O2  -isystem /Users/bakr/miniforge3/include -arch arm64  -fPIC  -O2  -isystem /Users/bakr/miniforge3/include -arch arm64  -fPIC -DDARWIN_NO_CARBON -DFT_CONFIG_CONFIG_H="<ftconfig.h>" -DFT2_BUILD_LIBRARY -DFT_CONFIG_MODULES_H="<ftmodule.h>"  -o /private/var/folders/ql/btm7z5tx32ddpsky8z3bz4_r0000gn/T/pip-install-nu8wkc3d/matplotlib_a2f54c616a23498ca49a58708fff805d/build/freetype-2.6.1/objs/type1cid.lo /private/var/folders/ql/btm7z5tx32ddpsky8z3bz4_r0000gn/T/pip-install-nu8wkc3d/matplotlib_a2f54c616a23498ca49a58708fff805d/build/freetype-2.6.1/src/cid/type1cid.c
      libtool: compile:  clang -pedantic -ansi -I/private/var/folders/ql/btm7z5tx32ddpsky8z3bz4_r0000gn/T/pip-install-nu8wkc3d/matplotlib_a2f54c616a23498ca49a58708fff805d/build/freetype-2.6.1/src/cid -I/private/var/folders/ql/btm7z5tx32ddpsky8z3bz4_r0000gn/T/pip-install-nu8wkc3d/matplotlib_a2f54c616a23498ca49a58708fff805d/build/freetype-2.6.1/objs -I./builds/unix -I/private/var/folders/ql/btm7z5tx32ddpsky8z3bz4_r0000gn/T/pip-install-nu8wkc3d/matplotlib_a2f54c616a23498ca49a58708fff805d/build/freetype-2.6.1/include -fvisibility=hidden -flto -c -Wall -fno-strict-overflow -Wsign-compare -Wunreachable-code -DNDEBUG -O2 -Wall -fPIC -O2 -isystem /Users/bakr/miniforge3/include -arch arm64 -fPIC -O2 -isystem /Users/bakr/miniforge3/include -arch arm64 -fPIC -DDARWIN_NO_CARBON "-DFT_CONFIG_CONFIG_H=<ftconfig.h>" -DFT2_BUILD_LIBRARY "-DFT_CONFIG_MODULES_H=<ftmodule.h>" /private/var/folders/ql/btm7z5tx32ddpsky8z3bz4_r0000gn/T/pip-install-nu8wkc3d/matplotlib_a2f54c616a23498ca49a58708fff805d/build/freetype-2.6.1/src/cid/type1cid.c -o /private/var/folders/ql/btm7z5tx32ddpsky8z3bz4_r0000gn/T/pip-install-nu8wkc3d/matplotlib_a2f54c616a23498ca49a58708fff805d/build/freetype-2.6.1/objs/type1cid.o
      ./builds/unix/libtool --mode=compile clang -pedantic -ansi -I/private/var/folders/ql/btm7z5tx32ddpsky8z3bz4_r0000gn/T/pip-install-nu8wkc3d/matplotlib_a2f54c616a23498ca49a58708fff805d/build/freetype-2.6.1/src/pfr -I/private/var/folders/ql/btm7z5tx32ddpsky8z3bz4_r0000gn/T/pip-install-nu8wkc3d/matplotlib_a2f54c616a23498ca49a58708fff805d/build/freetype-2.6.1/objs -I./builds/unix -I/private/var/folders/ql/btm7z5tx32ddpsky8z3bz4_r0000gn/T/pip-install-nu8wkc3d/matplotlib_a2f54c616a23498ca49a58708fff805d/build/freetype-2.6.1/include -fvisibility=hidden -flto -c -Wall -fno-strict-overflow -Wsign-compare -Wunreachable-code -DNDEBUG -O2 -Wall -fPIC  -O2  -isystem /Users/bakr/miniforge3/include -arch arm64  -fPIC  -O2  -isystem /Users/bakr/miniforge3/include -arch arm64  -fPIC -DDARWIN_NO_CARBON -DFT_CONFIG_CONFIG_H="<ftconfig.h>" -DFT2_BUILD_LIBRARY -DFT_CONFIG_MODULES_H="<ftmodule.h>"  -o /private/var/folders/ql/btm7z5tx32ddpsky8z3bz4_r0000gn/T/pip-install-nu8wkc3d/matplotlib_a2f54c616a23498ca49a58708fff805d/build/freetype-2.6.1/objs/pfr.lo /private/var/folders/ql/btm7z5tx32ddpsky8z3bz4_r0000gn/T/pip-install-nu8wkc3d/matplotlib_a2f54c616a23498ca49a58708fff805d/build/freetype-2.6.1/src/pfr/pfr.c
      libtool: compile:  clang -pedantic -ansi -I/private/var/folders/ql/btm7z5tx32ddpsky8z3bz4_r0000gn/T/pip-install-nu8wkc3d/matplotlib_a2f54c616a23498ca49a58708fff805d/build/freetype-2.6.1/src/pfr -I/private/var/folders/ql/btm7z5tx32ddpsky8z3bz4_r0000gn/T/pip-install-nu8wkc3d/matplotlib_a2f54c616a23498ca49a58708fff805d/build/freetype-2.6.1/objs -I./builds/unix -I/private/var/folders/ql/btm7z5tx32ddpsky8z3bz4_r0000gn/T/pip-install-nu8wkc3d/matplotlib_a2f54c616a23498ca49a58708fff805d/build/freetype-2.6.1/include -fvisibility=hidden -flto -c -Wall -fno-strict-overflow -Wsign-compare -Wunreachable-code -DNDEBUG -O2 -Wall -fPIC -O2 -isystem /Users/bakr/miniforge3/include -arch arm64 -fPIC -O2 -isystem /Users/bakr/miniforge3/include -arch arm64 -fPIC -DDARWIN_NO_CARBON "-DFT_CONFIG_CONFIG_H=<ftconfig.h>" -DFT2_BUILD_LIBRARY "-DFT_CONFIG_MODULES_H=<ftmodule.h>" /private/var/folders/ql/btm7z5tx32ddpsky8z3bz4_r0000gn/T/pip-install-nu8wkc3d/matplotlib_a2f54c616a23498ca49a58708fff805d/build/freetype-2.6.1/src/pfr/pfr.c -o /private/var/folders/ql/btm7z5tx32ddpsky8z3bz4_r0000gn/T/pip-install-nu8wkc3d/matplotlib_a2f54c616a23498ca49a58708fff805d/build/freetype-2.6.1/objs/pfr.o
      ./builds/unix/libtool --mode=compile clang -pedantic -ansi -I/private/var/folders/ql/btm7z5tx32ddpsky8z3bz4_r0000gn/T/pip-install-nu8wkc3d/matplotlib_a2f54c616a23498ca49a58708fff805d/build/freetype-2.6.1/src/type42 -I/private/var/folders/ql/btm7z5tx32ddpsky8z3bz4_r0000gn/T/pip-install-nu8wkc3d/matplotlib_a2f54c616a23498ca49a58708fff805d/build/freetype-2.6.1/objs -I./builds/unix -I/private/var/folders/ql/btm7z5tx32ddpsky8z3bz4_r0000gn/T/pip-install-nu8wkc3d/matplotlib_a2f54c616a23498ca49a58708fff805d/build/freetype-2.6.1/include -fvisibility=hidden -flto -c -Wall -fno-strict-overflow -Wsign-compare -Wunreachable-code -DNDEBUG -O2 -Wall -fPIC  -O2  -isystem /Users/bakr/miniforge3/include -arch arm64  -fPIC  -O2  -isystem /Users/bakr/miniforge3/include -arch arm64  -fPIC -DDARWIN_NO_CARBON -DFT_CONFIG_CONFIG_H="<ftconfig.h>" -DFT2_BUILD_LIBRARY -DFT_CONFIG_MODULES_H="<ftmodule.h>"  -o /private/var/folders/ql/btm7z5tx32ddpsky8z3bz4_r0000gn/T/pip-install-nu8wkc3d/matplotlib_a2f54c616a23498ca49a58708fff805d/build/freetype-2.6.1/objs/type42.lo /private/var/folders/ql/btm7z5tx32ddpsky8z3bz4_r0000gn/T/pip-install-nu8wkc3d/matplotlib_a2f54c616a23498ca49a58708fff805d/build/freetype-2.6.1/src/type42/type42.c
      libtool: compile:  clang -pedantic -ansi -I/private/var/folders/ql/btm7z5tx32ddpsky8z3bz4_r0000gn/T/pip-install-nu8wkc3d/matplotlib_a2f54c616a23498ca49a58708fff805d/build/freetype-2.6.1/src/type42 -I/private/var/folders/ql/btm7z5tx32ddpsky8z3bz4_r0000gn/T/pip-install-nu8wkc3d/matplotlib_a2f54c616a23498ca49a58708fff805d/build/freetype-2.6.1/objs -I./builds/unix -I/private/var/folders/ql/btm7z5tx32ddpsky8z3bz4_r0000gn/T/pip-install-nu8wkc3d/matplotlib_a2f54c616a23498ca49a58708fff805d/build/freetype-2.6.1/include -fvisibility=hidden -flto -c -Wall -fno-strict-overflow -Wsign-compare -Wunreachable-code -DNDEBUG -O2 -Wall -fPIC -O2 -isystem /Users/bakr/miniforge3/include -arch arm64 -fPIC -O2 -isystem /Users/bakr/miniforge3/include -arch arm64 -fPIC -DDARWIN_NO_CARBON "-DFT_CONFIG_CONFIG_H=<ftconfig.h>" -DFT2_BUILD_LIBRARY "-DFT_CONFIG_MODULES_H=<ftmodule.h>" /private/var/folders/ql/btm7z5tx32ddpsky8z3bz4_r0000gn/T/pip-install-nu8wkc3d/matplotlib_a2f54c616a23498ca49a58708fff805d/build/freetype-2.6.1/src/type42/type42.c -o /private/var/folders/ql/btm7z5tx32ddpsky8z3bz4_r0000gn/T/pip-install-nu8wkc3d/matplotlib_a2f54c616a23498ca49a58708fff805d/build/freetype-2.6.1/objs/type42.o
      ./builds/unix/libtool --mode=compile clang -pedantic -ansi -I/private/var/folders/ql/btm7z5tx32ddpsky8z3bz4_r0000gn/T/pip-install-nu8wkc3d/matplotlib_a2f54c616a23498ca49a58708fff805d/build/freetype-2.6.1/src/winfonts -I/private/var/folders/ql/btm7z5tx32ddpsky8z3bz4_r0000gn/T/pip-install-nu8wkc3d/matplotlib_a2f54c616a23498ca49a58708fff805d/build/freetype-2.6.1/objs -I./builds/unix -I/private/var/folders/ql/btm7z5tx32ddpsky8z3bz4_r0000gn/T/pip-install-nu8wkc3d/matplotlib_a2f54c616a23498ca49a58708fff805d/build/freetype-2.6.1/include -fvisibility=hidden -flto -c -Wall -fno-strict-overflow -Wsign-compare -Wunreachable-code -DNDEBUG -O2 -Wall -fPIC  -O2  -isystem /Users/bakr/miniforge3/include -arch arm64  -fPIC  -O2  -isystem /Users/bakr/miniforge3/include -arch arm64  -fPIC -DDARWIN_NO_CARBON -DFT_CONFIG_CONFIG_H="<ftconfig.h>" -DFT2_BUILD_LIBRARY -DFT_CONFIG_MODULES_H="<ftmodule.h>"  -o /private/var/folders/ql/btm7z5tx32ddpsky8z3bz4_r0000gn/T/pip-install-nu8wkc3d/matplotlib_a2f54c616a23498ca49a58708fff805d/build/freetype-2.6.1/objs/winfnt.lo /private/var/folders/ql/btm7z5tx32ddpsky8z3bz4_r0000gn/T/pip-install-nu8wkc3d/matplotlib_a2f54c616a23498ca49a58708fff805d/build/freetype-2.6.1/src/winfonts/winfnt.c
      libtool: compile:  clang -pedantic -ansi -I/private/var/folders/ql/btm7z5tx32ddpsky8z3bz4_r0000gn/T/pip-install-nu8wkc3d/matplotlib_a2f54c616a23498ca49a58708fff805d/build/freetype-2.6.1/src/winfonts -I/private/var/folders/ql/btm7z5tx32ddpsky8z3bz4_r0000gn/T/pip-install-nu8wkc3d/matplotlib_a2f54c616a23498ca49a58708fff805d/build/freetype-2.6.1/objs -I./builds/unix -I/private/var/folders/ql/btm7z5tx32ddpsky8z3bz4_r0000gn/T/pip-install-nu8wkc3d/matplotlib_a2f54c616a23498ca49a58708fff805d/build/freetype-2.6.1/include -fvisibility=hidden -flto -c -Wall -fno-strict-overflow -Wsign-compare -Wunreachable-code -DNDEBUG -O2 -Wall -fPIC -O2 -isystem /Users/bakr/miniforge3/include -arch arm64 -fPIC -O2 -isystem /Users/bakr/miniforge3/include -arch arm64 -fPIC -DDARWIN_NO_CARBON "-DFT_CONFIG_CONFIG_H=<ftconfig.h>" -DFT2_BUILD_LIBRARY "-DFT_CONFIG_MODULES_H=<ftmodule.h>" /private/var/folders/ql/btm7z5tx32ddpsky8z3bz4_r0000gn/T/pip-install-nu8wkc3d/matplotlib_a2f54c616a23498ca49a58708fff805d/build/freetype-2.6.1/src/winfonts/winfnt.c -o /private/var/folders/ql/btm7z5tx32ddpsky8z3bz4_r0000gn/T/pip-install-nu8wkc3d/matplotlib_a2f54c616a23498ca49a58708fff805d/build/freetype-2.6.1/objs/winfnt.o
      ./builds/unix/libtool --mode=compile clang -pedantic -ansi -I/private/var/folders/ql/btm7z5tx32ddpsky8z3bz4_r0000gn/T/pip-install-nu8wkc3d/matplotlib_a2f54c616a23498ca49a58708fff805d/build/freetype-2.6.1/src/pcf -I/private/var/folders/ql/btm7z5tx32ddpsky8z3bz4_r0000gn/T/pip-install-nu8wkc3d/matplotlib_a2f54c616a23498ca49a58708fff805d/build/freetype-2.6.1/objs -I./builds/unix -I/private/var/folders/ql/btm7z5tx32ddpsky8z3bz4_r0000gn/T/pip-install-nu8wkc3d/matplotlib_a2f54c616a23498ca49a58708fff805d/build/freetype-2.6.1/include -fvisibility=hidden -flto -c -Wall -fno-strict-overflow -Wsign-compare -Wunreachable-code -DNDEBUG -O2 -Wall -fPIC  -O2  -isystem /Users/bakr/miniforge3/include -arch arm64  -fPIC  -O2  -isystem /Users/bakr/miniforge3/include -arch arm64  -fPIC -DDARWIN_NO_CARBON -DFT_CONFIG_CONFIG_H="<ftconfig.h>" -DFT2_BUILD_LIBRARY -DFT_CONFIG_MODULES_H="<ftmodule.h>"  -o /private/var/folders/ql/btm7z5tx32ddpsky8z3bz4_r0000gn/T/pip-install-nu8wkc3d/matplotlib_a2f54c616a23498ca49a58708fff805d/build/freetype-2.6.1/objs/pcf.lo /private/var/folders/ql/btm7z5tx32ddpsky8z3bz4_r0000gn/T/pip-install-nu8wkc3d/matplotlib_a2f54c616a23498ca49a58708fff805d/build/freetype-2.6.1/src/pcf/pcf.c
      libtool: compile:  clang -pedantic -ansi -I/private/var/folders/ql/btm7z5tx32ddpsky8z3bz4_r0000gn/T/pip-install-nu8wkc3d/matplotlib_a2f54c616a23498ca49a58708fff805d/build/freetype-2.6.1/src/pcf -I/private/var/folders/ql/btm7z5tx32ddpsky8z3bz4_r0000gn/T/pip-install-nu8wkc3d/matplotlib_a2f54c616a23498ca49a58708fff805d/build/freetype-2.6.1/objs -I./builds/unix -I/private/var/folders/ql/btm7z5tx32ddpsky8z3bz4_r0000gn/T/pip-install-nu8wkc3d/matplotlib_a2f54c616a23498ca49a58708fff805d/build/freetype-2.6.1/include -fvisibility=hidden -flto -c -Wall -fno-strict-overflow -Wsign-compare -Wunreachable-code -DNDEBUG -O2 -Wall -fPIC -O2 -isystem /Users/bakr/miniforge3/include -arch arm64 -fPIC -O2 -isystem /Users/bakr/miniforge3/include -arch arm64 -fPIC -DDARWIN_NO_CARBON "-DFT_CONFIG_CONFIG_H=<ftconfig.h>" -DFT2_BUILD_LIBRARY "-DFT_CONFIG_MODULES_H=<ftmodule.h>" /private/var/folders/ql/btm7z5tx32ddpsky8z3bz4_r0000gn/T/pip-install-nu8wkc3d/matplotlib_a2f54c616a23498ca49a58708fff805d/build/freetype-2.6.1/src/pcf/pcf.c -o /private/var/folders/ql/btm7z5tx32ddpsky8z3bz4_r0000gn/T/pip-install-nu8wkc3d/matplotlib_a2f54c616a23498ca49a58708fff805d/build/freetype-2.6.1/objs/pcf.o
      ./builds/unix/libtool --mode=compile clang -pedantic -ansi -I/private/var/folders/ql/btm7z5tx32ddpsky8z3bz4_r0000gn/T/pip-install-nu8wkc3d/matplotlib_a2f54c616a23498ca49a58708fff805d/build/freetype-2.6.1/src/bdf -I/private/var/folders/ql/btm7z5tx32ddpsky8z3bz4_r0000gn/T/pip-install-nu8wkc3d/matplotlib_a2f54c616a23498ca49a58708fff805d/build/freetype-2.6.1/objs -I./builds/unix -I/private/var/folders/ql/btm7z5tx32ddpsky8z3bz4_r0000gn/T/pip-install-nu8wkc3d/matplotlib_a2f54c616a23498ca49a58708fff805d/build/freetype-2.6.1/include -fvisibility=hidden -flto -c -Wall -fno-strict-overflow -Wsign-compare -Wunreachable-code -DNDEBUG -O2 -Wall -fPIC  -O2  -isystem /Users/bakr/miniforge3/include -arch arm64  -fPIC  -O2  -isystem /Users/bakr/miniforge3/include -arch arm64  -fPIC -DDARWIN_NO_CARBON -DFT_CONFIG_CONFIG_H="<ftconfig.h>" -DFT2_BUILD_LIBRARY -DFT_CONFIG_MODULES_H="<ftmodule.h>"  -o /private/var/folders/ql/btm7z5tx32ddpsky8z3bz4_r0000gn/T/pip-install-nu8wkc3d/matplotlib_a2f54c616a23498ca49a58708fff805d/build/freetype-2.6.1/objs/bdf.lo /private/var/folders/ql/btm7z5tx32ddpsky8z3bz4_r0000gn/T/pip-install-nu8wkc3d/matplotlib_a2f54c616a23498ca49a58708fff805d/build/freetype-2.6.1/src/bdf/bdf.c
      libtool: compile:  clang -pedantic -ansi -I/private/var/folders/ql/btm7z5tx32ddpsky8z3bz4_r0000gn/T/pip-install-nu8wkc3d/matplotlib_a2f54c616a23498ca49a58708fff805d/build/freetype-2.6.1/src/bdf -I/private/var/folders/ql/btm7z5tx32ddpsky8z3bz4_r0000gn/T/pip-install-nu8wkc3d/matplotlib_a2f54c616a23498ca49a58708fff805d/build/freetype-2.6.1/objs -I./builds/unix -I/private/var/folders/ql/btm7z5tx32ddpsky8z3bz4_r0000gn/T/pip-install-nu8wkc3d/matplotlib_a2f54c616a23498ca49a58708fff805d/build/freetype-2.6.1/include -fvisibility=hidden -flto -c -Wall -fno-strict-overflow -Wsign-compare -Wunreachable-code -DNDEBUG -O2 -Wall -fPIC -O2 -isystem /Users/bakr/miniforge3/include -arch arm64 -fPIC -O2 -isystem /Users/bakr/miniforge3/include -arch arm64 -fPIC -DDARWIN_NO_CARBON "-DFT_CONFIG_CONFIG_H=<ftconfig.h>" -DFT2_BUILD_LIBRARY "-DFT_CONFIG_MODULES_H=<ftmodule.h>" /private/var/folders/ql/btm7z5tx32ddpsky8z3bz4_r0000gn/T/pip-install-nu8wkc3d/matplotlib_a2f54c616a23498ca49a58708fff805d/build/freetype-2.6.1/src/bdf/bdf.c -o /private/var/folders/ql/btm7z5tx32ddpsky8z3bz4_r0000gn/T/pip-install-nu8wkc3d/matplotlib_a2f54c616a23498ca49a58708fff805d/build/freetype-2.6.1/objs/bdf.o
      ./builds/unix/libtool --mode=compile clang -pedantic -ansi -I/private/var/folders/ql/btm7z5tx32ddpsky8z3bz4_r0000gn/T/pip-install-nu8wkc3d/matplotlib_a2f54c616a23498ca49a58708fff805d/build/freetype-2.6.1/src/sfnt -I/private/var/folders/ql/btm7z5tx32ddpsky8z3bz4_r0000gn/T/pip-install-nu8wkc3d/matplotlib_a2f54c616a23498ca49a58708fff805d/build/freetype-2.6.1/objs -I./builds/unix -I/private/var/folders/ql/btm7z5tx32ddpsky8z3bz4_r0000gn/T/pip-install-nu8wkc3d/matplotlib_a2f54c616a23498ca49a58708fff805d/build/freetype-2.6.1/include -fvisibility=hidden -flto -c -Wall -fno-strict-overflow -Wsign-compare -Wunreachable-code -DNDEBUG -O2 -Wall -fPIC  -O2  -isystem /Users/bakr/miniforge3/include -arch arm64  -fPIC  -O2  -isystem /Users/bakr/miniforge3/include -arch arm64  -fPIC -DDARWIN_NO_CARBON -DFT_CONFIG_CONFIG_H="<ftconfig.h>" -DFT2_BUILD_LIBRARY -DFT_CONFIG_MODULES_H="<ftmodule.h>"  -o /private/var/folders/ql/btm7z5tx32ddpsky8z3bz4_r0000gn/T/pip-install-nu8wkc3d/matplotlib_a2f54c616a23498ca49a58708fff805d/build/freetype-2.6.1/objs/sfnt.lo /private/var/folders/ql/btm7z5tx32ddpsky8z3bz4_r0000gn/T/pip-install-nu8wkc3d/matplotlib_a2f54c616a23498ca49a58708fff805d/build/freetype-2.6.1/src/sfnt/sfnt.c
      libtool: compile:  clang -pedantic -ansi -I/private/var/folders/ql/btm7z5tx32ddpsky8z3bz4_r0000gn/T/pip-install-nu8wkc3d/matplotlib_a2f54c616a23498ca49a58708fff805d/build/freetype-2.6.1/src/sfnt -I/private/var/folders/ql/btm7z5tx32ddpsky8z3bz4_r0000gn/T/pip-install-nu8wkc3d/matplotlib_a2f54c616a23498ca49a58708fff805d/build/freetype-2.6.1/objs -I./builds/unix -I/private/var/folders/ql/btm7z5tx32ddpsky8z3bz4_r0000gn/T/pip-install-nu8wkc3d/matplotlib_a2f54c616a23498ca49a58708fff805d/build/freetype-2.6.1/include -fvisibility=hidden -flto -c -Wall -fno-strict-overflow -Wsign-compare -Wunreachable-code -DNDEBUG -O2 -Wall -fPIC -O2 -isystem /Users/bakr/miniforge3/include -arch arm64 -fPIC -O2 -isystem /Users/bakr/miniforge3/include -arch arm64 -fPIC -DDARWIN_NO_CARBON "-DFT_CONFIG_CONFIG_H=<ftconfig.h>" -DFT2_BUILD_LIBRARY "-DFT_CONFIG_MODULES_H=<ftmodule.h>" /private/var/folders/ql/btm7z5tx32ddpsky8z3bz4_r0000gn/T/pip-install-nu8wkc3d/matplotlib_a2f54c616a23498ca49a58708fff805d/build/freetype-2.6.1/src/sfnt/sfnt.c -o /private/var/folders/ql/btm7z5tx32ddpsky8z3bz4_r0000gn/T/pip-install-nu8wkc3d/matplotlib_a2f54c616a23498ca49a58708fff805d/build/freetype-2.6.1/objs/sfnt.o
      ./builds/unix/libtool --mode=compile clang -pedantic -ansi -I/private/var/folders/ql/btm7z5tx32ddpsky8z3bz4_r0000gn/T/pip-install-nu8wkc3d/matplotlib_a2f54c616a23498ca49a58708fff805d/build/freetype-2.6.1/src/autofit -I/private/var/folders/ql/btm7z5tx32ddpsky8z3bz4_r0000gn/T/pip-install-nu8wkc3d/matplotlib_a2f54c616a23498ca49a58708fff805d/build/freetype-2.6.1/objs -I./builds/unix -I/private/var/folders/ql/btm7z5tx32ddpsky8z3bz4_r0000gn/T/pip-install-nu8wkc3d/matplotlib_a2f54c616a23498ca49a58708fff805d/build/freetype-2.6.1/include -fvisibility=hidden -flto -c -Wall -fno-strict-overflow -Wsign-compare -Wunreachable-code -DNDEBUG -O2 -Wall -fPIC  -O2  -isystem /Users/bakr/miniforge3/include -arch arm64  -fPIC  -O2  -isystem /Users/bakr/miniforge3/include -arch arm64  -fPIC -DDARWIN_NO_CARBON -DFT_CONFIG_CONFIG_H="<ftconfig.h>" -DFT2_BUILD_LIBRARY -DFT_CONFIG_MODULES_H="<ftmodule.h>"  -o /private/var/folders/ql/btm7z5tx32ddpsky8z3bz4_r0000gn/T/pip-install-nu8wkc3d/matplotlib_a2f54c616a23498ca49a58708fff805d/build/freetype-2.6.1/objs/autofit.lo /private/var/folders/ql/btm7z5tx32ddpsky8z3bz4_r0000gn/T/pip-install-nu8wkc3d/matplotlib_a2f54c616a23498ca49a58708fff805d/build/freetype-2.6.1/src/autofit/autofit.c
      libtool: compile:  clang -pedantic -ansi -I/private/var/folders/ql/btm7z5tx32ddpsky8z3bz4_r0000gn/T/pip-install-nu8wkc3d/matplotlib_a2f54c616a23498ca49a58708fff805d/build/freetype-2.6.1/src/autofit -I/private/var/folders/ql/btm7z5tx32ddpsky8z3bz4_r0000gn/T/pip-install-nu8wkc3d/matplotlib_a2f54c616a23498ca49a58708fff805d/build/freetype-2.6.1/objs -I./builds/unix -I/private/var/folders/ql/btm7z5tx32ddpsky8z3bz4_r0000gn/T/pip-install-nu8wkc3d/matplotlib_a2f54c616a23498ca49a58708fff805d/build/freetype-2.6.1/include -fvisibility=hidden -flto -c -Wall -fno-strict-overflow -Wsign-compare -Wunreachable-code -DNDEBUG -O2 -Wall -fPIC -O2 -isystem /Users/bakr/miniforge3/include -arch arm64 -fPIC -O2 -isystem /Users/bakr/miniforge3/include -arch arm64 -fPIC -DDARWIN_NO_CARBON "-DFT_CONFIG_CONFIG_H=<ftconfig.h>" -DFT2_BUILD_LIBRARY "-DFT_CONFIG_MODULES_H=<ftmodule.h>" /private/var/folders/ql/btm7z5tx32ddpsky8z3bz4_r0000gn/T/pip-install-nu8wkc3d/matplotlib_a2f54c616a23498ca49a58708fff805d/build/freetype-2.6.1/src/autofit/autofit.c -o /private/var/folders/ql/btm7z5tx32ddpsky8z3bz4_r0000gn/T/pip-install-nu8wkc3d/matplotlib_a2f54c616a23498ca49a58708fff805d/build/freetype-2.6.1/objs/autofit.o
      ./builds/unix/libtool --mode=compile clang -pedantic -ansi -I/private/var/folders/ql/btm7z5tx32ddpsky8z3bz4_r0000gn/T/pip-install-nu8wkc3d/matplotlib_a2f54c616a23498ca49a58708fff805d/build/freetype-2.6.1/src/pshinter -I/private/var/folders/ql/btm7z5tx32ddpsky8z3bz4_r0000gn/T/pip-install-nu8wkc3d/matplotlib_a2f54c616a23498ca49a58708fff805d/build/freetype-2.6.1/objs -I./builds/unix -I/private/var/folders/ql/btm7z5tx32ddpsky8z3bz4_r0000gn/T/pip-install-nu8wkc3d/matplotlib_a2f54c616a23498ca49a58708fff805d/build/freetype-2.6.1/include -fvisibility=hidden -flto -c -Wall -fno-strict-overflow -Wsign-compare -Wunreachable-code -DNDEBUG -O2 -Wall -fPIC  -O2  -isystem /Users/bakr/miniforge3/include -arch arm64  -fPIC  -O2  -isystem /Users/bakr/miniforge3/include -arch arm64  -fPIC -DDARWIN_NO_CARBON -DFT_CONFIG_CONFIG_H="<ftconfig.h>" -DFT2_BUILD_LIBRARY -DFT_CONFIG_MODULES_H="<ftmodule.h>"  -o /private/var/folders/ql/btm7z5tx32ddpsky8z3bz4_r0000gn/T/pip-install-nu8wkc3d/matplotlib_a2f54c616a23498ca49a58708fff805d/build/freetype-2.6.1/objs/pshinter.lo /private/var/folders/ql/btm7z5tx32ddpsky8z3bz4_r0000gn/T/pip-install-nu8wkc3d/matplotlib_a2f54c616a23498ca49a58708fff805d/build/freetype-2.6.1/src/pshinter/pshinter.c
      libtool: compile:  clang -pedantic -ansi -I/private/var/folders/ql/btm7z5tx32ddpsky8z3bz4_r0000gn/T/pip-install-nu8wkc3d/matplotlib_a2f54c616a23498ca49a58708fff805d/build/freetype-2.6.1/src/pshinter -I/private/var/folders/ql/btm7z5tx32ddpsky8z3bz4_r0000gn/T/pip-install-nu8wkc3d/matplotlib_a2f54c616a23498ca49a58708fff805d/build/freetype-2.6.1/objs -I./builds/unix -I/private/var/folders/ql/btm7z5tx32ddpsky8z3bz4_r0000gn/T/pip-install-nu8wkc3d/matplotlib_a2f54c616a23498ca49a58708fff805d/build/freetype-2.6.1/include -fvisibility=hidden -flto -c -Wall -fno-strict-overflow -Wsign-compare -Wunreachable-code -DNDEBUG -O2 -Wall -fPIC -O2 -isystem /Users/bakr/miniforge3/include -arch arm64 -fPIC -O2 -isystem /Users/bakr/miniforge3/include -arch arm64 -fPIC -DDARWIN_NO_CARBON "-DFT_CONFIG_CONFIG_H=<ftconfig.h>" -DFT2_BUILD_LIBRARY "-DFT_CONFIG_MODULES_H=<ftmodule.h>" /private/var/folders/ql/btm7z5tx32ddpsky8z3bz4_r0000gn/T/pip-install-nu8wkc3d/matplotlib_a2f54c616a23498ca49a58708fff805d/build/freetype-2.6.1/src/pshinter/pshinter.c -o /private/var/folders/ql/btm7z5tx32ddpsky8z3bz4_r0000gn/T/pip-install-nu8wkc3d/matplotlib_a2f54c616a23498ca49a58708fff805d/build/freetype-2.6.1/objs/pshinter.o
      ./builds/unix/libtool --mode=compile clang -pedantic -ansi -I/private/var/folders/ql/btm7z5tx32ddpsky8z3bz4_r0000gn/T/pip-install-nu8wkc3d/matplotlib_a2f54c616a23498ca49a58708fff805d/build/freetype-2.6.1/src/raster -I/private/var/folders/ql/btm7z5tx32ddpsky8z3bz4_r0000gn/T/pip-install-nu8wkc3d/matplotlib_a2f54c616a23498ca49a58708fff805d/build/freetype-2.6.1/objs -I./builds/unix -I/private/var/folders/ql/btm7z5tx32ddpsky8z3bz4_r0000gn/T/pip-install-nu8wkc3d/matplotlib_a2f54c616a23498ca49a58708fff805d/build/freetype-2.6.1/include -fvisibility=hidden -flto -c -Wall -fno-strict-overflow -Wsign-compare -Wunreachable-code -DNDEBUG -O2 -Wall -fPIC  -O2  -isystem /Users/bakr/miniforge3/include -arch arm64  -fPIC  -O2  -isystem /Users/bakr/miniforge3/include -arch arm64  -fPIC -DDARWIN_NO_CARBON -DFT_CONFIG_CONFIG_H="<ftconfig.h>" -DFT2_BUILD_LIBRARY -DFT_CONFIG_MODULES_H="<ftmodule.h>"  -o /private/var/folders/ql/btm7z5tx32ddpsky8z3bz4_r0000gn/T/pip-install-nu8wkc3d/matplotlib_a2f54c616a23498ca49a58708fff805d/build/freetype-2.6.1/objs/raster.lo /private/var/folders/ql/btm7z5tx32ddpsky8z3bz4_r0000gn/T/pip-install-nu8wkc3d/matplotlib_a2f54c616a23498ca49a58708fff805d/build/freetype-2.6.1/src/raster/raster.c
      libtool: compile:  clang -pedantic -ansi -I/private/var/folders/ql/btm7z5tx32ddpsky8z3bz4_r0000gn/T/pip-install-nu8wkc3d/matplotlib_a2f54c616a23498ca49a58708fff805d/build/freetype-2.6.1/src/raster -I/private/var/folders/ql/btm7z5tx32ddpsky8z3bz4_r0000gn/T/pip-install-nu8wkc3d/matplotlib_a2f54c616a23498ca49a58708fff805d/build/freetype-2.6.1/objs -I./builds/unix -I/private/var/folders/ql/btm7z5tx32ddpsky8z3bz4_r0000gn/T/pip-install-nu8wkc3d/matplotlib_a2f54c616a23498ca49a58708fff805d/build/freetype-2.6.1/include -fvisibility=hidden -flto -c -Wall -fno-strict-overflow -Wsign-compare -Wunreachable-code -DNDEBUG -O2 -Wall -fPIC -O2 -isystem /Users/bakr/miniforge3/include -arch arm64 -fPIC -O2 -isystem /Users/bakr/miniforge3/include -arch arm64 -fPIC -DDARWIN_NO_CARBON "-DFT_CONFIG_CONFIG_H=<ftconfig.h>" -DFT2_BUILD_LIBRARY "-DFT_CONFIG_MODULES_H=<ftmodule.h>" /private/var/folders/ql/btm7z5tx32ddpsky8z3bz4_r0000gn/T/pip-install-nu8wkc3d/matplotlib_a2f54c616a23498ca49a58708fff805d/build/freetype-2.6.1/src/raster/raster.c -o /private/var/folders/ql/btm7z5tx32ddpsky8z3bz4_r0000gn/T/pip-install-nu8wkc3d/matplotlib_a2f54c616a23498ca49a58708fff805d/build/freetype-2.6.1/objs/raster.o
      ./builds/unix/libtool --mode=compile clang -pedantic -ansi -I/private/var/folders/ql/btm7z5tx32ddpsky8z3bz4_r0000gn/T/pip-install-nu8wkc3d/matplotlib_a2f54c616a23498ca49a58708fff805d/build/freetype-2.6.1/src/smooth -I/private/var/folders/ql/btm7z5tx32ddpsky8z3bz4_r0000gn/T/pip-install-nu8wkc3d/matplotlib_a2f54c616a23498ca49a58708fff805d/build/freetype-2.6.1/objs -I./builds/unix -I/private/var/folders/ql/btm7z5tx32ddpsky8z3bz4_r0000gn/T/pip-install-nu8wkc3d/matplotlib_a2f54c616a23498ca49a58708fff805d/build/freetype-2.6.1/include -fvisibility=hidden -flto -c -Wall -fno-strict-overflow -Wsign-compare -Wunreachable-code -DNDEBUG -O2 -Wall -fPIC  -O2  -isystem /Users/bakr/miniforge3/include -arch arm64  -fPIC  -O2  -isystem /Users/bakr/miniforge3/include -arch arm64  -fPIC -DDARWIN_NO_CARBON -DFT_CONFIG_CONFIG_H="<ftconfig.h>" -DFT2_BUILD_LIBRARY -DFT_CONFIG_MODULES_H="<ftmodule.h>"  -o /private/var/folders/ql/btm7z5tx32ddpsky8z3bz4_r0000gn/T/pip-install-nu8wkc3d/matplotlib_a2f54c616a23498ca49a58708fff805d/build/freetype-2.6.1/objs/smooth.lo /private/var/folders/ql/btm7z5tx32ddpsky8z3bz4_r0000gn/T/pip-install-nu8wkc3d/matplotlib_a2f54c616a23498ca49a58708fff805d/build/freetype-2.6.1/src/smooth/smooth.c
      libtool: compile:  clang -pedantic -ansi -I/private/var/folders/ql/btm7z5tx32ddpsky8z3bz4_r0000gn/T/pip-install-nu8wkc3d/matplotlib_a2f54c616a23498ca49a58708fff805d/build/freetype-2.6.1/src/smooth -I/private/var/folders/ql/btm7z5tx32ddpsky8z3bz4_r0000gn/T/pip-install-nu8wkc3d/matplotlib_a2f54c616a23498ca49a58708fff805d/build/freetype-2.6.1/objs -I./builds/unix -I/private/var/folders/ql/btm7z5tx32ddpsky8z3bz4_r0000gn/T/pip-install-nu8wkc3d/matplotlib_a2f54c616a23498ca49a58708fff805d/build/freetype-2.6.1/include -fvisibility=hidden -flto -c -Wall -fno-strict-overflow -Wsign-compare -Wunreachable-code -DNDEBUG -O2 -Wall -fPIC -O2 -isystem /Users/bakr/miniforge3/include -arch arm64 -fPIC -O2 -isystem /Users/bakr/miniforge3/include -arch arm64 -fPIC -DDARWIN_NO_CARBON "-DFT_CONFIG_CONFIG_H=<ftconfig.h>" -DFT2_BUILD_LIBRARY "-DFT_CONFIG_MODULES_H=<ftmodule.h>" /private/var/folders/ql/btm7z5tx32ddpsky8z3bz4_r0000gn/T/pip-install-nu8wkc3d/matplotlib_a2f54c616a23498ca49a58708fff805d/build/freetype-2.6.1/src/smooth/smooth.c -o /private/var/folders/ql/btm7z5tx32ddpsky8z3bz4_r0000gn/T/pip-install-nu8wkc3d/matplotlib_a2f54c616a23498ca49a58708fff805d/build/freetype-2.6.1/objs/smooth.o
      ./builds/unix/libtool --mode=compile clang -pedantic -ansi -I/private/var/folders/ql/btm7z5tx32ddpsky8z3bz4_r0000gn/T/pip-install-nu8wkc3d/matplotlib_a2f54c616a23498ca49a58708fff805d/build/freetype-2.6.1/src/cache -I/private/var/folders/ql/btm7z5tx32ddpsky8z3bz4_r0000gn/T/pip-install-nu8wkc3d/matplotlib_a2f54c616a23498ca49a58708fff805d/build/freetype-2.6.1/objs -I./builds/unix -I/private/var/folders/ql/btm7z5tx32ddpsky8z3bz4_r0000gn/T/pip-install-nu8wkc3d/matplotlib_a2f54c616a23498ca49a58708fff805d/build/freetype-2.6.1/include -fvisibility=hidden -flto -c -Wall -fno-strict-overflow -Wsign-compare -Wunreachable-code -DNDEBUG -O2 -Wall -fPIC  -O2  -isystem /Users/bakr/miniforge3/include -arch arm64  -fPIC  -O2  -isystem /Users/bakr/miniforge3/include -arch arm64  -fPIC -DDARWIN_NO_CARBON -DFT_CONFIG_CONFIG_H="<ftconfig.h>" -DFT2_BUILD_LIBRARY -DFT_CONFIG_MODULES_H="<ftmodule.h>"  -o /private/var/folders/ql/btm7z5tx32ddpsky8z3bz4_r0000gn/T/pip-install-nu8wkc3d/matplotlib_a2f54c616a23498ca49a58708fff805d/build/freetype-2.6.1/objs/ftcache.lo /private/var/folders/ql/btm7z5tx32ddpsky8z3bz4_r0000gn/T/pip-install-nu8wkc3d/matplotlib_a2f54c616a23498ca49a58708fff805d/build/freetype-2.6.1/src/cache/ftcache.c
      libtool: compile:  clang -pedantic -ansi -I/private/var/folders/ql/btm7z5tx32ddpsky8z3bz4_r0000gn/T/pip-install-nu8wkc3d/matplotlib_a2f54c616a23498ca49a58708fff805d/build/freetype-2.6.1/src/cache -I/private/var/folders/ql/btm7z5tx32ddpsky8z3bz4_r0000gn/T/pip-install-nu8wkc3d/matplotlib_a2f54c616a23498ca49a58708fff805d/build/freetype-2.6.1/objs -I./builds/unix -I/private/var/folders/ql/btm7z5tx32ddpsky8z3bz4_r0000gn/T/pip-install-nu8wkc3d/matplotlib_a2f54c616a23498ca49a58708fff805d/build/freetype-2.6.1/include -fvisibility=hidden -flto -c -Wall -fno-strict-overflow -Wsign-compare -Wunreachable-code -DNDEBUG -O2 -Wall -fPIC -O2 -isystem /Users/bakr/miniforge3/include -arch arm64 -fPIC -O2 -isystem /Users/bakr/miniforge3/include -arch arm64 -fPIC -DDARWIN_NO_CARBON "-DFT_CONFIG_CONFIG_H=<ftconfig.h>" -DFT2_BUILD_LIBRARY "-DFT_CONFIG_MODULES_H=<ftmodule.h>" /private/var/folders/ql/btm7z5tx32ddpsky8z3bz4_r0000gn/T/pip-install-nu8wkc3d/matplotlib_a2f54c616a23498ca49a58708fff805d/build/freetype-2.6.1/src/cache/ftcache.c -o /private/var/folders/ql/btm7z5tx32ddpsky8z3bz4_r0000gn/T/pip-install-nu8wkc3d/matplotlib_a2f54c616a23498ca49a58708fff805d/build/freetype-2.6.1/objs/ftcache.o
      ./builds/unix/libtool --mode=compile clang -pedantic -ansi -I/private/var/folders/ql/btm7z5tx32ddpsky8z3bz4_r0000gn/T/pip-install-nu8wkc3d/matplotlib_a2f54c616a23498ca49a58708fff805d/build/freetype-2.6.1/objs -I./builds/unix -I/private/var/folders/ql/btm7z5tx32ddpsky8z3bz4_r0000gn/T/pip-install-nu8wkc3d/matplotlib_a2f54c616a23498ca49a58708fff805d/build/freetype-2.6.1/include -fvisibility=hidden -flto -c -Wall -fno-strict-overflow -Wsign-compare -Wunreachable-code -DNDEBUG -O2 -Wall -fPIC  -O2  -isystem /Users/bakr/miniforge3/include -arch arm64  -fPIC  -O2  -isystem /Users/bakr/miniforge3/include -arch arm64  -fPIC -DDARWIN_NO_CARBON -DFT_CONFIG_CONFIG_H="<ftconfig.h>" -DFT2_BUILD_LIBRARY -DFT_CONFIG_MODULES_H="<ftmodule.h>"  -o /private/var/folders/ql/btm7z5tx32ddpsky8z3bz4_r0000gn/T/pip-install-nu8wkc3d/matplotlib_a2f54c616a23498ca49a58708fff805d/build/freetype-2.6.1/objs/ftgzip.lo /private/var/folders/ql/btm7z5tx32ddpsky8z3bz4_r0000gn/T/pip-install-nu8wkc3d/matplotlib_a2f54c616a23498ca49a58708fff805d/build/freetype-2.6.1/src/gzip/ftgzip.c
      libtool: compile:  clang -pedantic -ansi -I/private/var/folders/ql/btm7z5tx32ddpsky8z3bz4_r0000gn/T/pip-install-nu8wkc3d/matplotlib_a2f54c616a23498ca49a58708fff805d/build/freetype-2.6.1/objs -I./builds/unix -I/private/var/folders/ql/btm7z5tx32ddpsky8z3bz4_r0000gn/T/pip-install-nu8wkc3d/matplotlib_a2f54c616a23498ca49a58708fff805d/build/freetype-2.6.1/include -fvisibility=hidden -flto -c -Wall -fno-strict-overflow -Wsign-compare -Wunreachable-code -DNDEBUG -O2 -Wall -fPIC -O2 -isystem /Users/bakr/miniforge3/include -arch arm64 -fPIC -O2 -isystem /Users/bakr/miniforge3/include -arch arm64 -fPIC -DDARWIN_NO_CARBON "-DFT_CONFIG_CONFIG_H=<ftconfig.h>" -DFT2_BUILD_LIBRARY "-DFT_CONFIG_MODULES_H=<ftmodule.h>" /private/var/folders/ql/btm7z5tx32ddpsky8z3bz4_r0000gn/T/pip-install-nu8wkc3d/matplotlib_a2f54c616a23498ca49a58708fff805d/build/freetype-2.6.1/src/gzip/ftgzip.c -o /private/var/folders/ql/btm7z5tx32ddpsky8z3bz4_r0000gn/T/pip-install-nu8wkc3d/matplotlib_a2f54c616a23498ca49a58708fff805d/build/freetype-2.6.1/objs/ftgzip.o
      In file included from /private/var/folders/ql/btm7z5tx32ddpsky8z3bz4_r0000gn/T/pip-install-nu8wkc3d/matplotlib_a2f54c616a23498ca49a58708fff805d/build/freetype-2.6.1/src/gzip/ftgzip.c:65:
      In file included from /private/var/folders/ql/btm7z5tx32ddpsky8z3bz4_r0000gn/T/pip-install-nu8wkc3d/matplotlib_a2f54c616a23498ca49a58708fff805d/build/freetype-2.6.1/src/gzip/zlib.h:34:
      /private/var/folders/ql/btm7z5tx32ddpsky8z3bz4_r0000gn/T/pip-install-nu8wkc3d/matplotlib_a2f54c616a23498ca49a58708fff805d/build/freetype-2.6.1/src/gzip/zconf.h:228:12: error: unknown type name 'Byte'
        228 |    typedef Byte  FAR Bytef;
            |            ^
      In file included from /private/var/folders/ql/btm7z5tx32ddpsky8z3bz4_r0000gn/T/pip-install-nu8wkc3d/matplotlib_a2f54c616a23498ca49a58708fff805d/build/freetype-2.6.1/src/gzip/ftgzip.c:83:
      /private/var/folders/ql/btm7z5tx32ddpsky8z3bz4_r0000gn/T/pip-install-nu8wkc3d/matplotlib_a2f54c616a23498ca49a58708fff805d/build/freetype-2.6.1/src/gzip/inftrees.h:22:7: error: unknown type name 'Byte'
         22 |       Byte Exop;        /* number of extra bits or operation */
            |       ^
      /private/var/folders/ql/btm7z5tx32ddpsky8z3bz4_r0000gn/T/pip-install-nu8wkc3d/matplotlib_a2f54c616a23498ca49a58708fff805d/build/freetype-2.6.1/src/gzip/inftrees.h:23:7: error: unknown type name 'Byte'
         23 |       Byte Bits;        /* number of bits in this code or subcode */
            |       ^
      In file included from /private/var/folders/ql/btm7z5tx32ddpsky8z3bz4_r0000gn/T/pip-install-nu8wkc3d/matplotlib_a2f54c616a23498ca49a58708fff805d/build/freetype-2.6.1/src/gzip/ftgzip.c:91:
      /private/var/folders/ql/btm7z5tx32ddpsky8z3bz4_r0000gn/T/pip-install-nu8wkc3d/matplotlib_a2f54c616a23498ca49a58708fff805d/build/freetype-2.6.1/src/gzip/inftrees.c:247:21: error: use of undeclared identifier 'Byte'
        247 |           r.bits = (Byte)l;     /* bits to dump before this table */
            |                     ^
      /private/var/folders/ql/btm7z5tx32ddpsky8z3bz4_r0000gn/T/pip-install-nu8wkc3d/matplotlib_a2f54c616a23498ca49a58708fff805d/build/freetype-2.6.1/src/gzip/inftrees.c:248:21: error: use of undeclared identifier 'Byte'
        248 |           r.exop = (Byte)j;     /* bits in this table */
            |                     ^
      /private/var/folders/ql/btm7z5tx32ddpsky8z3bz4_r0000gn/T/pip-install-nu8wkc3d/matplotlib_a2f54c616a23498ca49a58708fff805d/build/freetype-2.6.1/src/gzip/inftrees.c:258:17: error: use of undeclared identifier 'Byte'
        258 |       r.bits = (Byte)(k - w);
            |                 ^
      /private/var/folders/ql/btm7z5tx32ddpsky8z3bz4_r0000gn/T/pip-install-nu8wkc3d/matplotlib_a2f54c616a23498ca49a58708fff805d/build/freetype-2.6.1/src/gzip/inftrees.c:263:19: error: use of undeclared identifier 'Byte'
        263 |         r.exop = (Byte)(*p < 256 ? 0 : 32 + 64);     /* 256 is end-of-block */
            |                   ^
      /private/var/folders/ql/btm7z5tx32ddpsky8z3bz4_r0000gn/T/pip-install-nu8wkc3d/matplotlib_a2f54c616a23498ca49a58708fff805d/build/freetype-2.6.1/src/gzip/inftrees.c:268:19: error: use of undeclared identifier 'Byte'
        268 |         r.exop = (Byte)(e[*p - s] + 16 + 64);/* non-simple--look up in lists */
            |                   ^
      In file included from /private/var/folders/ql/btm7z5tx32ddpsky8z3bz4_r0000gn/T/pip-install-nu8wkc3d/matplotlib_a2f54c616a23498ca49a58708fff805d/build/freetype-2.6.1/src/gzip/ftgzip.c:93:
      /private/var/folders/ql/btm7z5tx32ddpsky8z3bz4_r0000gn/T/pip-install-nu8wkc3d/matplotlib_a2f54c616a23498ca49a58708fff805d/build/freetype-2.6.1/src/gzip/infcodes.c:50:3: error: unknown type name 'Byte'
         50 |   Byte lbits;           /* ltree bits decoded per branch */
            |   ^
      /private/var/folders/ql/btm7z5tx32ddpsky8z3bz4_r0000gn/T/pip-install-nu8wkc3d/matplotlib_a2f54c616a23498ca49a58708fff805d/build/freetype-2.6.1/src/gzip/infcodes.c:51:3: error: unknown type name 'Byte'
         51 |   Byte dbits;           /* dtree bits decoder per branch */
            |   ^
      /private/var/folders/ql/btm7z5tx32ddpsky8z3bz4_r0000gn/T/pip-install-nu8wkc3d/matplotlib_a2f54c616a23498ca49a58708fff805d/build/freetype-2.6.1/src/gzip/infcodes.c:70:17: error: use of undeclared identifier 'Byte'
         70 |     c->lbits = (Byte)bl;
            |                 ^
      /private/var/folders/ql/btm7z5tx32ddpsky8z3bz4_r0000gn/T/pip-install-nu8wkc3d/matplotlib_a2f54c616a23498ca49a58708fff805d/build/freetype-2.6.1/src/gzip/infcodes.c:71:17: error: use of undeclared identifier 'Byte'
         71 |     c->dbits = (Byte)bd;
            |                 ^
      /private/var/folders/ql/btm7z5tx32ddpsky8z3bz4_r0000gn/T/pip-install-nu8wkc3d/matplotlib_a2f54c616a23498ca49a58708fff805d/build/freetype-2.6.1/src/gzip/infcodes.c:204:9: error: use of undeclared identifier 'Byte'
        204 |         OUTBYTE(*f++)
            |         ^
      /private/var/folders/ql/btm7z5tx32ddpsky8z3bz4_r0000gn/T/pip-install-nu8wkc3d/matplotlib_a2f54c616a23498ca49a58708fff805d/build/freetype-2.6.1/src/gzip/infutil.h:83:27: note: expanded from macro 'OUTBYTE'
         83 | #define OUTBYTE(a) {*q++=(Byte)(a);m--;}
            |                           ^
      In file included from /private/var/folders/ql/btm7z5tx32ddpsky8z3bz4_r0000gn/T/pip-install-nu8wkc3d/matplotlib_a2f54c616a23498ca49a58708fff805d/build/freetype-2.6.1/src/gzip/ftgzip.c:93:
      /private/var/folders/ql/btm7z5tx32ddpsky8z3bz4_r0000gn/T/pip-install-nu8wkc3d/matplotlib_a2f54c616a23498ca49a58708fff805d/build/freetype-2.6.1/src/gzip/infcodes.c:213:7: error: use of undeclared identifier 'Byte'
        213 |       OUTBYTE(c->sub.lit)
            |       ^
      /private/var/folders/ql/btm7z5tx32ddpsky8z3bz4_r0000gn/T/pip-install-nu8wkc3d/matplotlib_a2f54c616a23498ca49a58708fff805d/build/freetype-2.6.1/src/gzip/infutil.h:83:27: note: expanded from macro 'OUTBYTE'
         83 | #define OUTBYTE(a) {*q++=(Byte)(a);m--;}
            |                           ^
      /private/var/folders/ql/btm7z5tx32ddpsky8z3bz4_r0000gn/T/pip-install-nu8wkc3d/matplotlib_a2f54c616a23498ca49a58708fff805d/build/freetype-2.6.1/src/gzip/ftgzip.c:305:23: warning: incompatible pointer types assigning to 'Bytef *' (aka 'int *') from 'FT_Byte[4096]' (aka 'unsigned char[4096]') [-Wincompatible-pointer-types]
        305 |     zstream->next_in  = zip->buffer;
            |                       ^ ~~~~~~~~~~~
      /private/var/folders/ql/btm7z5tx32ddpsky8z3bz4_r0000gn/T/pip-install-nu8wkc3d/matplotlib_a2f54c616a23498ca49a58708fff805d/build/freetype-2.6.1/src/gzip/ftgzip.c:354:26: warning: incompatible pointer types assigning to 'Bytef *' (aka 'int *') from 'FT_Byte[4096]' (aka 'unsigned char[4096]') [-Wincompatible-pointer-types]
        354 |       zstream->next_in   = zip->input;
            |                          ^ ~~~~~~~~~~
      /private/var/folders/ql/btm7z5tx32ddpsky8z3bz4_r0000gn/T/pip-install-nu8wkc3d/matplotlib_a2f54c616a23498ca49a58708fff805d/build/freetype-2.6.1/src/gzip/ftgzip.c:356:26: warning: incompatible pointer types assigning to 'Bytef *' (aka 'int *') from 'FT_Byte[4096]' (aka 'unsigned char[4096]') [-Wincompatible-pointer-types]
        356 |       zstream->next_out  = zip->buffer;
            |                          ^ ~~~~~~~~~~~
      /private/var/folders/ql/btm7z5tx32ddpsky8z3bz4_r0000gn/T/pip-install-nu8wkc3d/matplotlib_a2f54c616a23498ca49a58708fff805d/build/freetype-2.6.1/src/gzip/ftgzip.c:401:23: warning: incompatible pointer types assigning to 'Bytef *' (aka 'int *') from 'FT_Byte[4096]' (aka 'unsigned char[4096]') [-Wincompatible-pointer-types]
        401 |     zstream->next_in  = zip->input;
            |                       ^ ~~~~~~~~~~
      /private/var/folders/ql/btm7z5tx32ddpsky8z3bz4_r0000gn/T/pip-install-nu8wkc3d/matplotlib_a2f54c616a23498ca49a58708fff805d/build/freetype-2.6.1/src/gzip/ftgzip.c:416:24: warning: incompatible pointer types assigning to 'Bytef *' (aka 'int *') from 'FT_Byte *' (aka 'unsigned char *') [-Wincompatible-pointer-types]
        416 |     zstream->next_out  = zip->cursor;
            |                        ^ ~~~~~~~~~~~
      /private/var/folders/ql/btm7z5tx32ddpsky8z3bz4_r0000gn/T/pip-install-nu8wkc3d/matplotlib_a2f54c616a23498ca49a58708fff805d/build/freetype-2.6.1/src/gzip/ftgzip.c:435:20: warning: incompatible pointer types assigning to 'FT_Byte *' (aka 'unsigned char *') from 'Bytef *' (aka 'int *') [-Wincompatible-pointer-types]
        435 |         zip->limit = zstream->next_out;
            |                    ^ ~~~~~~~~~~~~~~~~~
      /private/var/folders/ql/btm7z5tx32ddpsky8z3bz4_r0000gn/T/pip-install-nu8wkc3d/matplotlib_a2f54c616a23498ca49a58708fff805d/build/freetype-2.6.1/src/gzip/ftgzip.c:730:22: warning: incompatible pointer types assigning to 'Bytef *' (aka 'int *') from 'FT_Byte *' (aka 'unsigned char *') [-Wincompatible-pointer-types]
        730 |     stream.next_out  = output;
            |                      ^ ~~~~~~
      7 warnings and 14 errors generated.
      make: *** [/private/var/folders/ql/btm7z5tx32ddpsky8z3bz4_r0000gn/T/pip-install-nu8wkc3d/matplotlib_a2f54c616a23498ca49a58708fff805d/build/freetype-2.6.1/objs/ftgzip.lo] Error 1
      Extracting /project/freetype/freetype2/2.6.1/freetype-2.6.1.tar.gz
      Building freetype in build/freetype-2.6.1
      Traceback (most recent call last):
        File "/Users/bakr/miniforge3/lib/python3.12/site-packages/pip/_vendor/pyproject_hooks/_in_process/_in_process.py", line 389, in <module>
          main()
        File "/Users/bakr/miniforge3/lib/python3.12/site-packages/pip/_vendor/pyproject_hooks/_in_process/_in_process.py", line 373, in main
          json_out["return_val"] = hook(**hook_input["kwargs"])
                                   ^^^^^^^^^^^^^^^^^^^^^^^^^^^^
        File "/Users/bakr/miniforge3/lib/python3.12/site-packages/pip/_vendor/pyproject_hooks/_in_process/_in_process.py", line 280, in build_wheel
          return _build_backend().build_wheel(
                 ^^^^^^^^^^^^^^^^^^^^^^^^^^^^^
        File "/private/var/folders/ql/btm7z5tx32ddpsky8z3bz4_r0000gn/T/pip-build-env-ic_j8k8p/overlay/lib/python3.12/site-packages/setuptools/build_meta.py", line 435, in build_wheel
          return _build(['bdist_wheel', '--dist-info-dir', str(metadata_directory)])
                 ^^^^^^^^^^^^^^^^^^^^^^^^^^^^^^^^^^^^^^^^^^^^^^^^^^^^^^^^^^^^^^^^^^^
        File "/private/var/folders/ql/btm7z5tx32ddpsky8z3bz4_r0000gn/T/pip-build-env-ic_j8k8p/overlay/lib/python3.12/site-packages/setuptools/build_meta.py", line 423, in _build
          return self._build_with_temp_dir(
                 ^^^^^^^^^^^^^^^^^^^^^^^^^^
        File "/private/var/folders/ql/btm7z5tx32ddpsky8z3bz4_r0000gn/T/pip-build-env-ic_j8k8p/overlay/lib/python3.12/site-packages/setuptools/build_meta.py", line 404, in _build_with_temp_dir
          self.run_setup()
        File "/private/var/folders/ql/btm7z5tx32ddpsky8z3bz4_r0000gn/T/pip-build-env-ic_j8k8p/overlay/lib/python3.12/site-packages/setuptools/build_meta.py", line 317, in run_setup
          exec(code, locals())
        File "<string>", line 270, in <module>
        File "/private/var/folders/ql/btm7z5tx32ddpsky8z3bz4_r0000gn/T/pip-build-env-ic_j8k8p/overlay/lib/python3.12/site-packages/setuptools/__init__.py", line 115, in setup
          return distutils.core.setup(**attrs)
                 ^^^^^^^^^^^^^^^^^^^^^^^^^^^^^
        File "/private/var/folders/ql/btm7z5tx32ddpsky8z3bz4_r0000gn/T/pip-build-env-ic_j8k8p/overlay/lib/python3.12/site-packages/setuptools/_distutils/core.py", line 186, in setup
          return run_commands(dist)
                 ^^^^^^^^^^^^^^^^^^
        File "/private/var/folders/ql/btm7z5tx32ddpsky8z3bz4_r0000gn/T/pip-build-env-ic_j8k8p/overlay/lib/python3.12/site-packages/setuptools/_distutils/core.py", line 202, in run_commands
          dist.run_commands()
        File "/private/var/folders/ql/btm7z5tx32ddpsky8z3bz4_r0000gn/T/pip-build-env-ic_j8k8p/overlay/lib/python3.12/site-packages/setuptools/_distutils/dist.py", line 1002, in run_commands
          self.run_command(cmd)
        File "/private/var/folders/ql/btm7z5tx32ddpsky8z3bz4_r0000gn/T/pip-build-env-ic_j8k8p/overlay/lib/python3.12/site-packages/setuptools/dist.py", line 1102, in run_command
          super().run_command(command)
        File "/private/var/folders/ql/btm7z5tx32ddpsky8z3bz4_r0000gn/T/pip-build-env-ic_j8k8p/overlay/lib/python3.12/site-packages/setuptools/_distutils/dist.py", line 1021, in run_command
          cmd_obj.run()
        File "/private/var/folders/ql/btm7z5tx32ddpsky8z3bz4_r0000gn/T/pip-build-env-ic_j8k8p/overlay/lib/python3.12/site-packages/setuptools/command/bdist_wheel.py", line 370, in run
          self.run_command("build")
        File "/private/var/folders/ql/btm7z5tx32ddpsky8z3bz4_r0000gn/T/pip-build-env-ic_j8k8p/overlay/lib/python3.12/site-packages/setuptools/_distutils/cmd.py", line 357, in run_command
          self.distribution.run_command(command)
        File "/private/var/folders/ql/btm7z5tx32ddpsky8z3bz4_r0000gn/T/pip-build-env-ic_j8k8p/overlay/lib/python3.12/site-packages/setuptools/dist.py", line 1102, in run_command
          super().run_command(command)
        File "/private/var/folders/ql/btm7z5tx32ddpsky8z3bz4_r0000gn/T/pip-build-env-ic_j8k8p/overlay/lib/python3.12/site-packages/setuptools/_distutils/dist.py", line 1021, in run_command
          cmd_obj.run()
        File "/private/var/folders/ql/btm7z5tx32ddpsky8z3bz4_r0000gn/T/pip-build-env-ic_j8k8p/overlay/lib/python3.12/site-packages/setuptools/_distutils/command/build.py", line 135, in run
          self.run_command(cmd_name)
        File "/private/var/folders/ql/btm7z5tx32ddpsky8z3bz4_r0000gn/T/pip-build-env-ic_j8k8p/overlay/lib/python3.12/site-packages/setuptools/_distutils/cmd.py", line 357, in run_command
          self.distribution.run_command(command)
        File "/private/var/folders/ql/btm7z5tx32ddpsky8z3bz4_r0000gn/T/pip-build-env-ic_j8k8p/overlay/lib/python3.12/site-packages/setuptools/dist.py", line 1102, in run_command
          super().run_command(command)
        File "/private/var/folders/ql/btm7z5tx32ddpsky8z3bz4_r0000gn/T/pip-build-env-ic_j8k8p/overlay/lib/python3.12/site-packages/setuptools/_distutils/dist.py", line 1021, in run_command
          cmd_obj.run()
        File "/private/var/folders/ql/btm7z5tx32ddpsky8z3bz4_r0000gn/T/pip-build-env-ic_j8k8p/overlay/lib/python3.12/site-packages/setuptools/command/build_ext.py", line 96, in run
          _build_ext.run(self)
        File "/private/var/folders/ql/btm7z5tx32ddpsky8z3bz4_r0000gn/T/pip-build-env-ic_j8k8p/overlay/lib/python3.12/site-packages/setuptools/_distutils/command/build_ext.py", line 368, in run
          self.build_extensions()
        File "<string>", line 183, in build_extensions
        File "/private/var/folders/ql/btm7z5tx32ddpsky8z3bz4_r0000gn/T/pip-install-nu8wkc3d/matplotlib_a2f54c616a23498ca49a58708fff805d/setupext.py", line 669, in do_custom_build
          subprocess.check_call([make], env=env, cwd=src_path)
        File "/Users/bakr/miniforge3/lib/python3.12/subprocess.py", line 413, in check_call
          raise CalledProcessError(retcode, cmd)
      subprocess.CalledProcessError: Command '['make']' returned non-zero exit status 2.
      [end of output]
  
  note: This error originates from a subprocess, and is likely not a problem with pip.
  ERROR: Failed building wheel for matplotlib
ERROR: Failed to build installable wheels for some pyproject.toml based projects (matplotlib)

2025-09-07 21:18:43,262 - INFO - Installing seaborn==0.12.0
2025-09-07 21:18:46,106 - INFO - ✅ seaborn installed successfully
2025-09-07 21:18:46,106 - INFO - Step 2: Verifying installation...
2025-09-07 21:18:46,106 - INFO - 🔍 Verifying CodeT5 installation...
2025-09-07 21:18:51,462 - INFO - ✅ transformers import successful
2025-09-07 21:18:51,462 - INFO - ✅ torch import successful
2025-09-07 21:18:51,598 - ERROR - ❌ datasets verification error: numpy.dtype size changed, may indicate binary incompatibility. Expected 96 from C header, got 88 from PyObject
2025-09-07 21:18:51,598 - INFO - ✅ accelerate import successful
2025-09-07 21:18:51,602 - ERROR - ❌ evaluate verification error: numpy.dtype size changed, may indicate binary incompatibility. Expected 96 from C header, got 88 from PyObject
2025-09-07 21:18:51,661 - ERROR - ❌ wandb verification error: `np.float_` was removed in the NumPy 2.0 release. Use `np.float64` instead.
2025-09-07 21:18:51,662 - INFO - ✅ numpy import successful
2025-09-07 21:18:51,662 - ERROR - ❌ pandas verification error: numpy.dtype size changed, may indicate binary incompatibility. Expected 96 from C header, got 88 from PyObject
2025-09-07 21:18:52,435 - ERROR - ❌ sklearn import failed: cannot import name 'ComplexWarning' from 'numpy.core.numeric' (/Users/bakr/miniforge3/lib/python3.12/site-packages/numpy/core/numeric.py)
2025-09-07 21:18:52,435 - INFO - ✅ tqdm import successful
2025-09-07 21:18:53,026 - INFO - ✅ matplotlib import successful
2025-09-07 21:18:53,035 - ERROR - ❌ seaborn verification error: numpy.dtype size changed, may indicate binary incompatibility. Expected 96 from C header, got 88 from PyObject
2025-09-07 21:18:53,035 - INFO - Step 3: Testing CodeT5 model...
2025-09-07 21:18:53,035 - INFO - 🧪 Testing CodeT5 model...
2025-09-07 21:18:53,035 - INFO - Loading CodeT5 model and tokenizer...
2025-09-07 21:19:11,988 - ERROR - ❌ CodeT5 model test failed: 
T5Tokenizer requires the SentencePiece library but it was not found in your environment. Checkout the instructions on the
installation page of its repo: https://github.com/google/sentencepiece#installation and follow the ones
that match your environment. Please note that you may need to restart your runtime after installation.

2025-09-07 21:19:12,019 - INFO - Step 4: Creating output directories...
2025-09-07 21:19:12,020 - INFO - 📁 Creating output directories...
2025-09-07 21:19:12,020 - INFO - ✅ Created directory: ./codet5-vulnerability-model
2025-09-07 21:19:12,020 - INFO - ✅ Created directory: ./codet5-vulnerability-model/checkpoints
2025-09-07 21:19:12,020 - INFO - ✅ Created directory: ./codet5-vulnerability-model/logs
2025-09-07 21:19:12,020 - INFO - ✅ Created directory: ./codet5-vulnerability-model/generated_variants
2025-09-07 21:19:12,020 - INFO - ✅ Created directory: ./codet5-vulnerability-model/evaluation_results
2025-09-07 21:19:12,020 - INFO - ✅ Created directory: ./data/codet5_training
2025-09-07 21:19:12,020 - INFO - ✅ Created directory: ./data/codet5_validation
2025-09-07 21:19:12,020 - INFO - ✅ Created directory: ./data/codet5_test
2025-09-23 11:12:47,073 - INFO - 🚀 Starting CodeT5 environment setup...
2025-09-23 11:12:47,073 - INFO - Step 1: Installing dependencies...
2025-09-23 11:12:47,073 - INFO - 📦 Installing CodeT5 dependencies...
2025-09-23 11:12:47,073 - INFO - Installing transformers==4.35.0
2025-09-23 11:12:47,546 - INFO - ✅ transformers installed successfully
2025-09-23 11:12:47,546 - INFO - Installing torch==2.1.0
2025-09-23 11:12:47,947 - WARNING - ⚠️ torch installation failed: ERROR: Could not find a version that satisfies the requirement torch==2.1.0 (from versions: 2.2.0, 2.2.1, 2.2.2, 2.3.0, 2.3.1, 2.4.0, 2.4.1, 2.5.0, 2.5.1, 2.6.0, 2.7.0, 2.7.1, 2.8.0)
ERROR: No matching distribution found for torch==2.1.0

2025-09-23 11:12:47,947 - INFO - Installing datasets==2.14.0
2025-09-23 11:12:48,203 - INFO - ✅ datasets installed successfully
2025-09-23 11:12:48,203 - INFO - Installing accelerate==0.24.0
2025-09-23 11:12:48,451 - INFO - ✅ accelerate installed successfully
2025-09-23 11:12:48,451 - INFO - Installing evaluate==0.4.0
2025-09-23 11:12:48,723 - INFO - ✅ evaluate installed successfully
2025-09-23 11:12:48,723 - INFO - Installing wandb==0.16.0
2025-09-23 11:12:48,970 - INFO - ✅ wandb installed successfully
2025-09-23 11:12:48,970 - INFO - Installing numpy==1.24.0
2025-09-23 11:12:50,481 - WARNING - ⚠️ numpy installation failed:   error: subprocess-exited-with-error
  
  × Getting requirements to build wheel did not run successfully.
  │ exit code: 1
  ╰─> [33 lines of output]
      Traceback (most recent call last):
        File "/Users/bakr/miniforge3/lib/python3.12/site-packages/pip/_vendor/pyproject_hooks/_in_process/_in_process.py", line 389, in <module>
          main()
        File "/Users/bakr/miniforge3/lib/python3.12/site-packages/pip/_vendor/pyproject_hooks/_in_process/_in_process.py", line 373, in main
          json_out["return_val"] = hook(**hook_input["kwargs"])
                                   ^^^^^^^^^^^^^^^^^^^^^^^^^^^^
        File "/Users/bakr/miniforge3/lib/python3.12/site-packages/pip/_vendor/pyproject_hooks/_in_process/_in_process.py", line 137, in get_requires_for_build_wheel
          backend = _build_backend()
                    ^^^^^^^^^^^^^^^^
        File "/Users/bakr/miniforge3/lib/python3.12/site-packages/pip/_vendor/pyproject_hooks/_in_process/_in_process.py", line 70, in _build_backend
          obj = import_module(mod_path)
                ^^^^^^^^^^^^^^^^^^^^^^^
        File "/Users/bakr/miniforge3/lib/python3.12/importlib/__init__.py", line 90, in import_module
          return _bootstrap._gcd_import(name[level:], package, level)
                 ^^^^^^^^^^^^^^^^^^^^^^^^^^^^^^^^^^^^^^^^^^^^^^^^^^^^
        File "<frozen importlib._bootstrap>", line 1387, in _gcd_import
        File "<frozen importlib._bootstrap>", line 1360, in _find_and_load
        File "<frozen importlib._bootstrap>", line 1310, in _find_and_load_unlocked
        File "<frozen importlib._bootstrap>", line 488, in _call_with_frames_removed
        File "<frozen importlib._bootstrap>", line 1387, in _gcd_import
        File "<frozen importlib._bootstrap>", line 1360, in _find_and_load
        File "<frozen importlib._bootstrap>", line 1331, in _find_and_load_unlocked
        File "<frozen importlib._bootstrap>", line 935, in _load_unlocked
        File "<frozen importlib._bootstrap_external>", line 999, in exec_module
        File "<frozen importlib._bootstrap>", line 488, in _call_with_frames_removed
        File "/private/var/folders/ql/btm7z5tx32ddpsky8z3bz4_r0000gn/T/pip-build-env-v3i5gb6w/overlay/lib/python3.12/site-packages/setuptools/__init__.py", line 16, in <module>
          import setuptools.version
        File "/private/var/folders/ql/btm7z5tx32ddpsky8z3bz4_r0000gn/T/pip-build-env-v3i5gb6w/overlay/lib/python3.12/site-packages/setuptools/version.py", line 1, in <module>
          import pkg_resources
        File "/private/var/folders/ql/btm7z5tx32ddpsky8z3bz4_r0000gn/T/pip-build-env-v3i5gb6w/overlay/lib/python3.12/site-packages/pkg_resources/__init__.py", line 2172, in <module>
          register_finder(pkgutil.ImpImporter, find_on_path)
                          ^^^^^^^^^^^^^^^^^^^
      AttributeError: module 'pkgutil' has no attribute 'ImpImporter'. Did you mean: 'zipimporter'?
      [end of output]
  
  note: This error originates from a subprocess, and is likely not a problem with pip.
error: subprocess-exited-with-error

× Getting requirements to build wheel did not run successfully.
│ exit code: 1
╰─> See above for output.

note: This error originates from a subprocess, and is likely not a problem with pip.

2025-09-23 11:12:50,481 - INFO - Installing pandas==2.0.0
2025-09-23 11:12:50,723 - INFO - ✅ pandas installed successfully
2025-09-23 11:12:50,723 - INFO - Installing scikit-learn==1.3.0
2025-09-23 11:12:50,966 - INFO - ✅ scikit-learn installed successfully
2025-09-23 11:12:50,966 - INFO - Installing tqdm==4.66.0
2025-09-23 11:12:51,206 - INFO - ✅ tqdm installed successfully
2025-09-23 11:12:51,206 - INFO - Installing matplotlib==3.7.0
2025-09-23 11:13:04,795 - WARNING - ⚠️ matplotlib installation failed:   error: subprocess-exited-with-error
  
  × Building wheel for matplotlib (pyproject.toml) did not run successfully.
  │ exit code: 1
  ╰─> [972 lines of output]
      /private/var/folders/ql/btm7z5tx32ddpsky8z3bz4_r0000gn/T/pip-build-env-_0cwmqy0/overlay/lib/python3.12/site-packages/setuptools/dist.py:804: SetuptoolsDeprecationWarning: The namespace_packages parameter is deprecated.
      !!
      
              ********************************************************************************
              Please replace its usage with implicit namespaces (PEP 420).
      
              See https://setuptools.pypa.io/en/latest/references/keywords.html#keyword-namespace-packages for details.
              ********************************************************************************
      
      !!
        ep.load()(self, ep.name, value)
      toml section missing PosixPath('pyproject.toml') does not contain a tool.setuptools_scm section
      /private/var/folders/ql/btm7z5tx32ddpsky8z3bz4_r0000gn/T/pip-build-env-_0cwmqy0/overlay/lib/python3.12/site-packages/setuptools_scm/git.py:427: UserWarning: git archive did not support describe output
        warnings.warn("git archive did not support describe output")
      /private/var/folders/ql/btm7z5tx32ddpsky8z3bz4_r0000gn/T/pip-build-env-_0cwmqy0/overlay/lib/python3.12/site-packages/setuptools_scm/git.py:445: UserWarning: unprocessed git archival found (no export subst applied)
        warnings.warn("unprocessed git archival found (no export subst applied)")
      toml section missing PosixPath('pyproject.toml') does not contain a tool.setuptools_scm section
      /private/var/folders/ql/btm7z5tx32ddpsky8z3bz4_r0000gn/T/pip-build-env-_0cwmqy0/overlay/lib/python3.12/site-packages/setuptools/dist.py:759: SetuptoolsDeprecationWarning: License classifiers are deprecated.
      !!
      
              ********************************************************************************
              Please consider removing the following classifiers in favor of a SPDX license expression:
      
              License :: OSI Approved :: Python Software Foundation License
      
              See https://packaging.python.org/en/latest/guides/writing-pyproject-toml/#license for details.
              ********************************************************************************
      
      !!
        self._finalize_license_expression()
      
      Edit mplsetup.cfg to change the build options; suppress output with --quiet.
      
      BUILDING MATPLOTLIB
            python: yes [3.12.11 | packaged by conda-forge | (main, Jun  4 2025,
                        14:38:53) [Clang 18.1.8 ]]
          platform: yes [darwin]
             tests: no  [skipping due to configuration]
            macosx: yes [installing]
      
      running bdist_wheel
      running build
      running build_py
      creating build/lib.macosx-11.0-arm64-cpython-312
      copying lib/pylab.py -> build/lib.macosx-11.0-arm64-cpython-312
      creating build/lib.macosx-11.0-arm64-cpython-312/mpl_toolkits
      copying lib/mpl_toolkits/__init__.py -> build/lib.macosx-11.0-arm64-cpython-312/mpl_toolkits
      creating build/lib.macosx-11.0-arm64-cpython-312/matplotlib
      copying lib/matplotlib/_tight_layout.py -> build/lib.macosx-11.0-arm64-cpython-312/matplotlib
      copying lib/matplotlib/hatch.py -> build/lib.macosx-11.0-arm64-cpython-312/matplotlib
      copying lib/matplotlib/transforms.py -> build/lib.macosx-11.0-arm64-cpython-312/matplotlib
      copying lib/matplotlib/legend_handler.py -> build/lib.macosx-11.0-arm64-cpython-312/matplotlib
      copying lib/matplotlib/axis.py -> build/lib.macosx-11.0-arm64-cpython-312/matplotlib
      copying lib/matplotlib/_tight_bbox.py -> build/lib.macosx-11.0-arm64-cpython-312/matplotlib
      copying lib/matplotlib/textpath.py -> build/lib.macosx-11.0-arm64-cpython-312/matplotlib
      copying lib/matplotlib/quiver.py -> build/lib.macosx-11.0-arm64-cpython-312/matplotlib
      copying lib/matplotlib/backend_bases.py -> build/lib.macosx-11.0-arm64-cpython-312/matplotlib
      copying lib/matplotlib/units.py -> build/lib.macosx-11.0-arm64-cpython-312/matplotlib
      copying lib/matplotlib/pylab.py -> build/lib.macosx-11.0-arm64-cpython-312/matplotlib
      copying lib/matplotlib/colorbar.py -> build/lib.macosx-11.0-arm64-cpython-312/matplotlib
      copying lib/matplotlib/_version.py -> build/lib.macosx-11.0-arm64-cpython-312/matplotlib
      copying lib/matplotlib/_cm.py -> build/lib.macosx-11.0-arm64-cpython-312/matplotlib
      copying lib/matplotlib/backend_managers.py -> build/lib.macosx-11.0-arm64-cpython-312/matplotlib
      copying lib/matplotlib/mathtext.py -> build/lib.macosx-11.0-arm64-cpython-312/matplotlib
      copying lib/matplotlib/_fontconfig_pattern.py -> build/lib.macosx-11.0-arm64-cpython-312/matplotlib
      copying lib/matplotlib/font_manager.py -> build/lib.macosx-11.0-arm64-cpython-312/matplotlib
      copying lib/matplotlib/bezier.py -> build/lib.macosx-11.0-arm64-cpython-312/matplotlib
      copying lib/matplotlib/_afm.py -> build/lib.macosx-11.0-arm64-cpython-312/matplotlib
      copying lib/matplotlib/cm.py -> build/lib.macosx-11.0-arm64-cpython-312/matplotlib
      copying lib/matplotlib/legend.py -> build/lib.macosx-11.0-arm64-cpython-312/matplotlib
      copying lib/matplotlib/figure.py -> build/lib.macosx-11.0-arm64-cpython-312/matplotlib
      copying lib/matplotlib/__init__.py -> build/lib.macosx-11.0-arm64-cpython-312/matplotlib
      copying lib/matplotlib/_mathtext.py -> build/lib.macosx-11.0-arm64-cpython-312/matplotlib
      copying lib/matplotlib/_enums.py -> build/lib.macosx-11.0-arm64-cpython-312/matplotlib
      copying lib/matplotlib/offsetbox.py -> build/lib.macosx-11.0-arm64-cpython-312/matplotlib
      copying lib/matplotlib/tight_bbox.py -> build/lib.macosx-11.0-arm64-cpython-312/matplotlib
      copying lib/matplotlib/container.py -> build/lib.macosx-11.0-arm64-cpython-312/matplotlib
      copying lib/matplotlib/gridspec.py -> build/lib.macosx-11.0-arm64-cpython-312/matplotlib
      copying lib/matplotlib/lines.py -> build/lib.macosx-11.0-arm64-cpython-312/matplotlib
      copying lib/matplotlib/widgets.py -> build/lib.macosx-11.0-arm64-cpython-312/matplotlib
      copying lib/matplotlib/dviread.py -> build/lib.macosx-11.0-arm64-cpython-312/matplotlib
      copying lib/matplotlib/animation.py -> build/lib.macosx-11.0-arm64-cpython-312/matplotlib
      copying lib/matplotlib/type1font.py -> build/lib.macosx-11.0-arm64-cpython-312/matplotlib
      copying lib/matplotlib/_mathtext_data.py -> build/lib.macosx-11.0-arm64-cpython-312/matplotlib
      copying lib/matplotlib/artist.py -> build/lib.macosx-11.0-arm64-cpython-312/matplotlib
      copying lib/matplotlib/backend_tools.py -> build/lib.macosx-11.0-arm64-cpython-312/matplotlib
      copying lib/matplotlib/docstring.py -> build/lib.macosx-11.0-arm64-cpython-312/matplotlib
      copying lib/matplotlib/_internal_utils.py -> build/lib.macosx-11.0-arm64-cpython-312/matplotlib
      copying lib/matplotlib/_color_data.py -> build/lib.macosx-11.0-arm64-cpython-312/matplotlib
      copying lib/matplotlib/texmanager.py -> build/lib.macosx-11.0-arm64-cpython-312/matplotlib
      copying lib/matplotlib/afm.py -> build/lib.macosx-11.0-arm64-cpython-312/matplotlib
      copying lib/matplotlib/patches.py -> build/lib.macosx-11.0-arm64-cpython-312/matplotlib
      copying lib/matplotlib/stackplot.py -> build/lib.macosx-11.0-arm64-cpython-312/matplotlib
      copying lib/matplotlib/collections.py -> build/lib.macosx-11.0-arm64-cpython-312/matplotlib
      copying lib/matplotlib/spines.py -> build/lib.macosx-11.0-arm64-cpython-312/matplotlib
      copying lib/matplotlib/_text_helpers.py -> build/lib.macosx-11.0-arm64-cpython-312/matplotlib
      copying lib/matplotlib/text.py -> build/lib.macosx-11.0-arm64-cpython-312/matplotlib
      copying lib/matplotlib/markers.py -> build/lib.macosx-11.0-arm64-cpython-312/matplotlib
      copying lib/matplotlib/mlab.py -> build/lib.macosx-11.0-arm64-cpython-312/matplotlib
      copying lib/matplotlib/layout_engine.py -> build/lib.macosx-11.0-arm64-cpython-312/matplotlib
      copying lib/matplotlib/_blocking_input.py -> build/lib.macosx-11.0-arm64-cpython-312/matplotlib
      copying lib/matplotlib/fontconfig_pattern.py -> build/lib.macosx-11.0-arm64-cpython-312/matplotlib
      copying lib/matplotlib/_pylab_helpers.py -> build/lib.macosx-11.0-arm64-cpython-312/matplotlib
      copying lib/matplotlib/tight_layout.py -> build/lib.macosx-11.0-arm64-cpython-312/matplotlib
      copying lib/matplotlib/_cm_listed.py -> build/lib.macosx-11.0-arm64-cpython-312/matplotlib
      copying lib/matplotlib/dates.py -> build/lib.macosx-11.0-arm64-cpython-312/matplotlib
      copying lib/matplotlib/table.py -> build/lib.macosx-11.0-arm64-cpython-312/matplotlib
      copying lib/matplotlib/_animation_data.py -> build/lib.macosx-11.0-arm64-cpython-312/matplotlib
      copying lib/matplotlib/pyplot.py -> build/lib.macosx-11.0-arm64-cpython-312/matplotlib
      copying lib/matplotlib/_type1font.py -> build/lib.macosx-11.0-arm64-cpython-312/matplotlib
      copying lib/matplotlib/rcsetup.py -> build/lib.macosx-11.0-arm64-cpython-312/matplotlib
      copying lib/matplotlib/ticker.py -> build/lib.macosx-11.0-arm64-cpython-312/matplotlib
      copying lib/matplotlib/_docstring.py -> build/lib.macosx-11.0-arm64-cpython-312/matplotlib
      copying lib/matplotlib/path.py -> build/lib.macosx-11.0-arm64-cpython-312/matplotlib
      copying lib/matplotlib/_layoutgrid.py -> build/lib.macosx-11.0-arm64-cpython-312/matplotlib
      copying lib/matplotlib/contour.py -> build/lib.macosx-11.0-arm64-cpython-312/matplotlib
      copying lib/matplotlib/image.py -> build/lib.macosx-11.0-arm64-cpython-312/matplotlib
      copying lib/matplotlib/scale.py -> build/lib.macosx-11.0-arm64-cpython-312/matplotlib
      copying lib/matplotlib/category.py -> build/lib.macosx-11.0-arm64-cpython-312/matplotlib
      copying lib/matplotlib/_constrained_layout.py -> build/lib.macosx-11.0-arm64-cpython-312/matplotlib
      copying lib/matplotlib/sankey.py -> build/lib.macosx-11.0-arm64-cpython-312/matplotlib
      copying lib/matplotlib/patheffects.py -> build/lib.macosx-11.0-arm64-cpython-312/matplotlib
      copying lib/matplotlib/streamplot.py -> build/lib.macosx-11.0-arm64-cpython-312/matplotlib
      copying lib/matplotlib/colors.py -> build/lib.macosx-11.0-arm64-cpython-312/matplotlib
      creating build/lib.macosx-11.0-arm64-cpython-312/mpl_toolkits/axes_grid1
      copying lib/mpl_toolkits/axes_grid1/inset_locator.py -> build/lib.macosx-11.0-arm64-cpython-312/mpl_toolkits/axes_grid1
      copying lib/mpl_toolkits/axes_grid1/axes_grid.py -> build/lib.macosx-11.0-arm64-cpython-312/mpl_toolkits/axes_grid1
      copying lib/mpl_toolkits/axes_grid1/parasite_axes.py -> build/lib.macosx-11.0-arm64-cpython-312/mpl_toolkits/axes_grid1
      copying lib/mpl_toolkits/axes_grid1/anchored_artists.py -> build/lib.macosx-11.0-arm64-cpython-312/mpl_toolkits/axes_grid1
      copying lib/mpl_toolkits/axes_grid1/__init__.py -> build/lib.macosx-11.0-arm64-cpython-312/mpl_toolkits/axes_grid1
      copying lib/mpl_toolkits/axes_grid1/axes_size.py -> build/lib.macosx-11.0-arm64-cpython-312/mpl_toolkits/axes_grid1
      copying lib/mpl_toolkits/axes_grid1/mpl_axes.py -> build/lib.macosx-11.0-arm64-cpython-312/mpl_toolkits/axes_grid1
      copying lib/mpl_toolkits/axes_grid1/axes_rgb.py -> build/lib.macosx-11.0-arm64-cpython-312/mpl_toolkits/axes_grid1
      copying lib/mpl_toolkits/axes_grid1/axes_divider.py -> build/lib.macosx-11.0-arm64-cpython-312/mpl_toolkits/axes_grid1
      creating build/lib.macosx-11.0-arm64-cpython-312/mpl_toolkits/mplot3d
      copying lib/mpl_toolkits/mplot3d/proj3d.py -> build/lib.macosx-11.0-arm64-cpython-312/mpl_toolkits/mplot3d
      copying lib/mpl_toolkits/mplot3d/__init__.py -> build/lib.macosx-11.0-arm64-cpython-312/mpl_toolkits/mplot3d
      copying lib/mpl_toolkits/mplot3d/axes3d.py -> build/lib.macosx-11.0-arm64-cpython-312/mpl_toolkits/mplot3d
      copying lib/mpl_toolkits/mplot3d/axis3d.py -> build/lib.macosx-11.0-arm64-cpython-312/mpl_toolkits/mplot3d
      copying lib/mpl_toolkits/mplot3d/art3d.py -> build/lib.macosx-11.0-arm64-cpython-312/mpl_toolkits/mplot3d
      creating build/lib.macosx-11.0-arm64-cpython-312/mpl_toolkits/axisartist
      copying lib/mpl_toolkits/axisartist/axislines.py -> build/lib.macosx-11.0-arm64-cpython-312/mpl_toolkits/axisartist
      copying lib/mpl_toolkits/axisartist/axes_grid.py -> build/lib.macosx-11.0-arm64-cpython-312/mpl_toolkits/axisartist
      copying lib/mpl_toolkits/axisartist/grid_finder.py -> build/lib.macosx-11.0-arm64-cpython-312/mpl_toolkits/axisartist
      copying lib/mpl_toolkits/axisartist/parasite_axes.py -> build/lib.macosx-11.0-arm64-cpython-312/mpl_toolkits/axisartist
      copying lib/mpl_toolkits/axisartist/axis_artist.py -> build/lib.macosx-11.0-arm64-cpython-312/mpl_toolkits/axisartist
      copying lib/mpl_toolkits/axisartist/axisline_style.py -> build/lib.macosx-11.0-arm64-cpython-312/mpl_toolkits/axisartist
      copying lib/mpl_toolkits/axisartist/__init__.py -> build/lib.macosx-11.0-arm64-cpython-312/mpl_toolkits/axisartist
      copying lib/mpl_toolkits/axisartist/angle_helper.py -> build/lib.macosx-11.0-arm64-cpython-312/mpl_toolkits/axisartist
      copying lib/mpl_toolkits/axisartist/grid_helper_curvelinear.py -> build/lib.macosx-11.0-arm64-cpython-312/mpl_toolkits/axisartist
      copying lib/mpl_toolkits/axisartist/floating_axes.py -> build/lib.macosx-11.0-arm64-cpython-312/mpl_toolkits/axisartist
      copying lib/mpl_toolkits/axisartist/axes_rgb.py -> build/lib.macosx-11.0-arm64-cpython-312/mpl_toolkits/axisartist
      copying lib/mpl_toolkits/axisartist/axes_divider.py -> build/lib.macosx-11.0-arm64-cpython-312/mpl_toolkits/axisartist
      creating build/lib.macosx-11.0-arm64-cpython-312/mpl_toolkits/axes_grid1/tests
      copying lib/mpl_toolkits/axes_grid1/tests/conftest.py -> build/lib.macosx-11.0-arm64-cpython-312/mpl_toolkits/axes_grid1/tests
      copying lib/mpl_toolkits/axes_grid1/tests/__init__.py -> build/lib.macosx-11.0-arm64-cpython-312/mpl_toolkits/axes_grid1/tests
      copying lib/mpl_toolkits/axes_grid1/tests/test_axes_grid1.py -> build/lib.macosx-11.0-arm64-cpython-312/mpl_toolkits/axes_grid1/tests
      creating build/lib.macosx-11.0-arm64-cpython-312/mpl_toolkits/mplot3d/tests
      copying lib/mpl_toolkits/mplot3d/tests/test_art3d.py -> build/lib.macosx-11.0-arm64-cpython-312/mpl_toolkits/mplot3d/tests
      copying lib/mpl_toolkits/mplot3d/tests/conftest.py -> build/lib.macosx-11.0-arm64-cpython-312/mpl_toolkits/mplot3d/tests
      copying lib/mpl_toolkits/mplot3d/tests/__init__.py -> build/lib.macosx-11.0-arm64-cpython-312/mpl_toolkits/mplot3d/tests
      copying lib/mpl_toolkits/mplot3d/tests/test_legend3d.py -> build/lib.macosx-11.0-arm64-cpython-312/mpl_toolkits/mplot3d/tests
      copying lib/mpl_toolkits/mplot3d/tests/test_axes3d.py -> build/lib.macosx-11.0-arm64-cpython-312/mpl_toolkits/mplot3d/tests
      creating build/lib.macosx-11.0-arm64-cpython-312/mpl_toolkits/axisartist/tests
      copying lib/mpl_toolkits/axisartist/tests/test_axis_artist.py -> build/lib.macosx-11.0-arm64-cpython-312/mpl_toolkits/axisartist/tests
      copying lib/mpl_toolkits/axisartist/tests/conftest.py -> build/lib.macosx-11.0-arm64-cpython-312/mpl_toolkits/axisartist/tests
      copying lib/mpl_toolkits/axisartist/tests/test_grid_finder.py -> build/lib.macosx-11.0-arm64-cpython-312/mpl_toolkits/axisartist/tests
      copying lib/mpl_toolkits/axisartist/tests/__init__.py -> build/lib.macosx-11.0-arm64-cpython-312/mpl_toolkits/axisartist/tests
      copying lib/mpl_toolkits/axisartist/tests/test_angle_helper.py -> build/lib.macosx-11.0-arm64-cpython-312/mpl_toolkits/axisartist/tests
      copying lib/mpl_toolkits/axisartist/tests/test_axislines.py -> build/lib.macosx-11.0-arm64-cpython-312/mpl_toolkits/axisartist/tests
      copying lib/mpl_toolkits/axisartist/tests/test_grid_helper_curvelinear.py -> build/lib.macosx-11.0-arm64-cpython-312/mpl_toolkits/axisartist/tests
      copying lib/mpl_toolkits/axisartist/tests/test_floating_axes.py -> build/lib.macosx-11.0-arm64-cpython-312/mpl_toolkits/axisartist/tests
      creating build/lib.macosx-11.0-arm64-cpython-312/matplotlib/tri
      copying lib/matplotlib/tri/_tripcolor.py -> build/lib.macosx-11.0-arm64-cpython-312/matplotlib/tri
      copying lib/matplotlib/tri/_trifinder.py -> build/lib.macosx-11.0-arm64-cpython-312/matplotlib/tri
      copying lib/matplotlib/tri/_triangulation.py -> build/lib.macosx-11.0-arm64-cpython-312/matplotlib/tri
      copying lib/matplotlib/tri/trirefine.py -> build/lib.macosx-11.0-arm64-cpython-312/matplotlib/tri
      copying lib/matplotlib/tri/tripcolor.py -> build/lib.macosx-11.0-arm64-cpython-312/matplotlib/tri
      copying lib/matplotlib/tri/trifinder.py -> build/lib.macosx-11.0-arm64-cpython-312/matplotlib/tri
      copying lib/matplotlib/tri/__init__.py -> build/lib.macosx-11.0-arm64-cpython-312/matplotlib/tri
      copying lib/matplotlib/tri/_trirefine.py -> build/lib.macosx-11.0-arm64-cpython-312/matplotlib/tri
      copying lib/matplotlib/tri/triplot.py -> build/lib.macosx-11.0-arm64-cpython-312/matplotlib/tri
      copying lib/matplotlib/tri/_triplot.py -> build/lib.macosx-11.0-arm64-cpython-312/matplotlib/tri
      copying lib/matplotlib/tri/_tritools.py -> build/lib.macosx-11.0-arm64-cpython-312/matplotlib/tri
      copying lib/matplotlib/tri/tritools.py -> build/lib.macosx-11.0-arm64-cpython-312/matplotlib/tri
      copying lib/matplotlib/tri/tricontour.py -> build/lib.macosx-11.0-arm64-cpython-312/matplotlib/tri
      copying lib/matplotlib/tri/_triinterpolate.py -> build/lib.macosx-11.0-arm64-cpython-312/matplotlib/tri
      copying lib/matplotlib/tri/_tricontour.py -> build/lib.macosx-11.0-arm64-cpython-312/matplotlib/tri
      copying lib/matplotlib/tri/triangulation.py -> build/lib.macosx-11.0-arm64-cpython-312/matplotlib/tri
      copying lib/matplotlib/tri/triinterpolate.py -> build/lib.macosx-11.0-arm64-cpython-312/matplotlib/tri
      creating build/lib.macosx-11.0-arm64-cpython-312/matplotlib/axes
      copying lib/matplotlib/axes/_axes.py -> build/lib.macosx-11.0-arm64-cpython-312/matplotlib/axes
      copying lib/matplotlib/axes/_base.py -> build/lib.macosx-11.0-arm64-cpython-312/matplotlib/axes
      copying lib/matplotlib/axes/__init__.py -> build/lib.macosx-11.0-arm64-cpython-312/matplotlib/axes
      copying lib/matplotlib/axes/_secondary_axes.py -> build/lib.macosx-11.0-arm64-cpython-312/matplotlib/axes
      creating build/lib.macosx-11.0-arm64-cpython-312/matplotlib/sphinxext
      copying lib/matplotlib/sphinxext/__init__.py -> build/lib.macosx-11.0-arm64-cpython-312/matplotlib/sphinxext
      copying lib/matplotlib/sphinxext/mathmpl.py -> build/lib.macosx-11.0-arm64-cpython-312/matplotlib/sphinxext
      copying lib/matplotlib/sphinxext/plot_directive.py -> build/lib.macosx-11.0-arm64-cpython-312/matplotlib/sphinxext
      creating build/lib.macosx-11.0-arm64-cpython-312/matplotlib/cbook
      copying lib/matplotlib/cbook/__init__.py -> build/lib.macosx-11.0-arm64-cpython-312/matplotlib/cbook
      creating build/lib.macosx-11.0-arm64-cpython-312/matplotlib/backends
      copying lib/matplotlib/backends/_backend_gtk.py -> build/lib.macosx-11.0-arm64-cpython-312/matplotlib/backends
      copying lib/matplotlib/backends/backend_template.py -> build/lib.macosx-11.0-arm64-cpython-312/matplotlib/backends
      copying lib/matplotlib/backends/backend_qtcairo.py -> build/lib.macosx-11.0-arm64-cpython-312/matplotlib/backends
      copying lib/matplotlib/backends/backend_qt.py -> build/lib.macosx-11.0-arm64-cpython-312/matplotlib/backends
      copying lib/matplotlib/backends/backend_gtk3cairo.py -> build/lib.macosx-11.0-arm64-cpython-312/matplotlib/backends
      copying lib/matplotlib/backends/backend_tkagg.py -> build/lib.macosx-11.0-arm64-cpython-312/matplotlib/backends
      copying lib/matplotlib/backends/backend_gtk4agg.py -> build/lib.macosx-11.0-arm64-cpython-312/matplotlib/backends
      copying lib/matplotlib/backends/backend_qt5agg.py -> build/lib.macosx-11.0-arm64-cpython-312/matplotlib/backends
      copying lib/matplotlib/backends/backend_qt5.py -> build/lib.macosx-11.0-arm64-cpython-312/matplotlib/backends
      copying lib/matplotlib/backends/backend_gtk3agg.py -> build/lib.macosx-11.0-arm64-cpython-312/matplotlib/backends
      copying lib/matplotlib/backends/backend_cairo.py -> build/lib.macosx-11.0-arm64-cpython-312/matplotlib/backends
      copying lib/matplotlib/backends/backend_pdf.py -> build/lib.macosx-11.0-arm64-cpython-312/matplotlib/backends
      copying lib/matplotlib/backends/backend_wxagg.py -> build/lib.macosx-11.0-arm64-cpython-312/matplotlib/backends
      copying lib/matplotlib/backends/backend_pgf.py -> build/lib.macosx-11.0-arm64-cpython-312/matplotlib/backends
      copying lib/matplotlib/backends/backend_mixed.py -> build/lib.macosx-11.0-arm64-cpython-312/matplotlib/backends
      copying lib/matplotlib/backends/backend_macosx.py -> build/lib.macosx-11.0-arm64-cpython-312/matplotlib/backends
      copying lib/matplotlib/backends/backend_gtk4.py -> build/lib.macosx-11.0-arm64-cpython-312/matplotlib/backends
      copying lib/matplotlib/backends/__init__.py -> build/lib.macosx-11.0-arm64-cpython-312/matplotlib/backends
      copying lib/matplotlib/backends/backend_tkcairo.py -> build/lib.macosx-11.0-arm64-cpython-312/matplotlib/backends
      copying lib/matplotlib/backends/backend_gtk3.py -> build/lib.macosx-11.0-arm64-cpython-312/matplotlib/backends
      copying lib/matplotlib/backends/backend_wxcairo.py -> build/lib.macosx-11.0-arm64-cpython-312/matplotlib/backends
      copying lib/matplotlib/backends/backend_nbagg.py -> build/lib.macosx-11.0-arm64-cpython-312/matplotlib/backends
      copying lib/matplotlib/backends/backend_webagg_core.py -> build/lib.macosx-11.0-arm64-cpython-312/matplotlib/backends
      copying lib/matplotlib/backends/backend_gtk4cairo.py -> build/lib.macosx-11.0-arm64-cpython-312/matplotlib/backends
      copying lib/matplotlib/backends/backend_wx.py -> build/lib.macosx-11.0-arm64-cpython-312/matplotlib/backends
      copying lib/matplotlib/backends/backend_qt5cairo.py -> build/lib.macosx-11.0-arm64-cpython-312/matplotlib/backends
      copying lib/matplotlib/backends/_backend_tk.py -> build/lib.macosx-11.0-arm64-cpython-312/matplotlib/backends
      copying lib/matplotlib/backends/qt_compat.py -> build/lib.macosx-11.0-arm64-cpython-312/matplotlib/backends
      copying lib/matplotlib/backends/backend_svg.py -> build/lib.macosx-11.0-arm64-cpython-312/matplotlib/backends
      copying lib/matplotlib/backends/_backend_pdf_ps.py -> build/lib.macosx-11.0-arm64-cpython-312/matplotlib/backends
      copying lib/matplotlib/backends/backend_webagg.py -> build/lib.macosx-11.0-arm64-cpython-312/matplotlib/backends
      copying lib/matplotlib/backends/backend_ps.py -> build/lib.macosx-11.0-arm64-cpython-312/matplotlib/backends
      copying lib/matplotlib/backends/backend_qtagg.py -> build/lib.macosx-11.0-arm64-cpython-312/matplotlib/backends
      copying lib/matplotlib/backends/backend_agg.py -> build/lib.macosx-11.0-arm64-cpython-312/matplotlib/backends
      creating build/lib.macosx-11.0-arm64-cpython-312/matplotlib/tests
      copying lib/matplotlib/tests/test_marker.py -> build/lib.macosx-11.0-arm64-cpython-312/matplotlib/tests
      copying lib/matplotlib/tests/test_determinism.py -> build/lib.macosx-11.0-arm64-cpython-312/matplotlib/tests
      copying lib/matplotlib/tests/test_backend_tk.py -> build/lib.macosx-11.0-arm64-cpython-312/matplotlib/tests
      copying lib/matplotlib/tests/test_skew.py -> build/lib.macosx-11.0-arm64-cpython-312/matplotlib/tests
      copying lib/matplotlib/tests/test_cycles.py -> build/lib.macosx-11.0-arm64-cpython-312/matplotlib/tests
      copying lib/matplotlib/tests/test_artist.py -> build/lib.macosx-11.0-arm64-cpython-312/matplotlib/tests
      copying lib/matplotlib/tests/test_backend_webagg.py -> build/lib.macosx-11.0-arm64-cpython-312/matplotlib/tests
      copying lib/matplotlib/tests/test_backend_pdf.py -> build/lib.macosx-11.0-arm64-cpython-312/matplotlib/tests
      copying lib/matplotlib/tests/test_lines.py -> build/lib.macosx-11.0-arm64-cpython-312/matplotlib/tests
      copying lib/matplotlib/tests/test_basic.py -> build/lib.macosx-11.0-arm64-cpython-312/matplotlib/tests
      copying lib/matplotlib/tests/test_backend_bases.py -> build/lib.macosx-11.0-arm64-cpython-312/matplotlib/tests
      copying lib/matplotlib/tests/test_ft2font.py -> build/lib.macosx-11.0-arm64-cpython-312/matplotlib/tests
      copying lib/matplotlib/tests/test_backend_pgf.py -> build/lib.macosx-11.0-arm64-cpython-312/matplotlib/tests
      copying lib/matplotlib/tests/conftest.py -> build/lib.macosx-11.0-arm64-cpython-312/matplotlib/tests
      copying lib/matplotlib/tests/test_simplification.py -> build/lib.macosx-11.0-arm64-cpython-312/matplotlib/tests
      copying lib/matplotlib/tests/test_spines.py -> build/lib.macosx-11.0-arm64-cpython-312/matplotlib/tests
      copying lib/matplotlib/tests/test_mathtext.py -> build/lib.macosx-11.0-arm64-cpython-312/matplotlib/tests
      copying lib/matplotlib/tests/test_arrow_patches.py -> build/lib.macosx-11.0-arm64-cpython-312/matplotlib/tests
      copying lib/matplotlib/tests/test_streamplot.py -> build/lib.macosx-11.0-arm64-cpython-312/matplotlib/tests
      copying lib/matplotlib/tests/test_tightlayout.py -> build/lib.macosx-11.0-arm64-cpython-312/matplotlib/tests
      copying lib/matplotlib/tests/test_backend_ps.py -> build/lib.macosx-11.0-arm64-cpython-312/matplotlib/tests
      copying lib/matplotlib/tests/test_type1font.py -> build/lib.macosx-11.0-arm64-cpython-312/matplotlib/tests
      copying lib/matplotlib/tests/test_animation.py -> build/lib.macosx-11.0-arm64-cpython-312/matplotlib/tests
      copying lib/matplotlib/tests/test_container.py -> build/lib.macosx-11.0-arm64-cpython-312/matplotlib/tests
      copying lib/matplotlib/tests/test_pickle.py -> build/lib.macosx-11.0-arm64-cpython-312/matplotlib/tests
      copying lib/matplotlib/tests/test_dates.py -> build/lib.macosx-11.0-arm64-cpython-312/matplotlib/tests
      copying lib/matplotlib/tests/test_table.py -> build/lib.macosx-11.0-arm64-cpython-312/matplotlib/tests
      copying lib/matplotlib/tests/test_backend_gtk3.py -> build/lib.macosx-11.0-arm64-cpython-312/matplotlib/tests
      copying lib/matplotlib/tests/test_texmanager.py -> build/lib.macosx-11.0-arm64-cpython-312/matplotlib/tests
      copying lib/matplotlib/tests/test_pyplot.py -> build/lib.macosx-11.0-arm64-cpython-312/matplotlib/tests
      copying lib/matplotlib/tests/test_backends_interactive.py -> build/lib.macosx-11.0-arm64-cpython-312/matplotlib/tests
      copying lib/matplotlib/tests/test_textpath.py -> build/lib.macosx-11.0-arm64-cpython-312/matplotlib/tests
      copying lib/matplotlib/tests/test_subplots.py -> build/lib.macosx-11.0-arm64-cpython-312/matplotlib/tests
      copying lib/matplotlib/tests/test_getattr.py -> build/lib.macosx-11.0-arm64-cpython-312/matplotlib/tests
      copying lib/matplotlib/tests/test_ticker.py -> build/lib.macosx-11.0-arm64-cpython-312/matplotlib/tests
      copying lib/matplotlib/tests/test_image.py -> build/lib.macosx-11.0-arm64-cpython-312/matplotlib/tests
      copying lib/matplotlib/tests/test_fontconfig_pattern.py -> build/lib.macosx-11.0-arm64-cpython-312/matplotlib/tests
      copying lib/matplotlib/tests/test_scale.py -> build/lib.macosx-11.0-arm64-cpython-312/matplotlib/tests
      copying lib/matplotlib/tests/__init__.py -> build/lib.macosx-11.0-arm64-cpython-312/matplotlib/tests
      copying lib/matplotlib/tests/test_sankey.py -> build/lib.macosx-11.0-arm64-cpython-312/matplotlib/tests
      copying lib/matplotlib/tests/test_colorbar.py -> build/lib.macosx-11.0-arm64-cpython-312/matplotlib/tests
      copying lib/matplotlib/tests/test_colors.py -> build/lib.macosx-11.0-arm64-cpython-312/matplotlib/tests
      copying lib/matplotlib/tests/test_usetex.py -> build/lib.macosx-11.0-arm64-cpython-312/matplotlib/tests
      copying lib/matplotlib/tests/test_backend_cairo.py -> build/lib.macosx-11.0-arm64-cpython-312/matplotlib/tests
      copying lib/matplotlib/tests/test_mlab.py -> build/lib.macosx-11.0-arm64-cpython-312/matplotlib/tests
      copying lib/matplotlib/tests/test_font_manager.py -> build/lib.macosx-11.0-arm64-cpython-312/matplotlib/tests
      copying lib/matplotlib/tests/test_polar.py -> build/lib.macosx-11.0-arm64-cpython-312/matplotlib/tests
      copying lib/matplotlib/tests/test_agg.py -> build/lib.macosx-11.0-arm64-cpython-312/matplotlib/tests
      copying lib/matplotlib/tests/test_quiver.py -> build/lib.macosx-11.0-arm64-cpython-312/matplotlib/tests
      copying lib/matplotlib/tests/test_text.py -> build/lib.macosx-11.0-arm64-cpython-312/matplotlib/tests
      copying lib/matplotlib/tests/test_units.py -> build/lib.macosx-11.0-arm64-cpython-312/matplotlib/tests
      copying lib/matplotlib/tests/test_dviread.py -> build/lib.macosx-11.0-arm64-cpython-312/matplotlib/tests
      copying lib/matplotlib/tests/test_widgets.py -> build/lib.macosx-11.0-arm64-cpython-312/matplotlib/tests
      copying lib/matplotlib/tests/test_preprocess_data.py -> build/lib.macosx-11.0-arm64-cpython-312/matplotlib/tests
      copying lib/matplotlib/tests/test_constrainedlayout.py -> build/lib.macosx-11.0-arm64-cpython-312/matplotlib/tests
      copying lib/matplotlib/tests/test_backend_nbagg.py -> build/lib.macosx-11.0-arm64-cpython-312/matplotlib/tests
      copying lib/matplotlib/tests/test_backend_macosx.py -> build/lib.macosx-11.0-arm64-cpython-312/matplotlib/tests
      copying lib/matplotlib/tests/test_patheffects.py -> build/lib.macosx-11.0-arm64-cpython-312/matplotlib/tests
      copying lib/matplotlib/tests/test_patches.py -> build/lib.macosx-11.0-arm64-cpython-312/matplotlib/tests
      copying lib/matplotlib/tests/test_rcparams.py -> build/lib.macosx-11.0-arm64-cpython-312/matplotlib/tests
      copying lib/matplotlib/tests/test_backend_tools.py -> build/lib.macosx-11.0-arm64-cpython-312/matplotlib/tests
      copying lib/matplotlib/tests/test_agg_filter.py -> build/lib.macosx-11.0-arm64-cpython-312/matplotlib/tests
      copying lib/matplotlib/tests/test_style.py -> build/lib.macosx-11.0-arm64-cpython-312/matplotlib/tests
      copying lib/matplotlib/tests/test_category.py -> build/lib.macosx-11.0-arm64-cpython-312/matplotlib/tests
      copying lib/matplotlib/tests/test_offsetbox.py -> build/lib.macosx-11.0-arm64-cpython-312/matplotlib/tests
      copying lib/matplotlib/tests/test_contour.py -> build/lib.macosx-11.0-arm64-cpython-312/matplotlib/tests
      copying lib/matplotlib/tests/test_triangulation.py -> build/lib.macosx-11.0-arm64-cpython-312/matplotlib/tests
      copying lib/matplotlib/tests/test_backend_template.py -> build/lib.macosx-11.0-arm64-cpython-312/matplotlib/tests
      copying lib/matplotlib/tests/test_bbox_tight.py -> build/lib.macosx-11.0-arm64-cpython-312/matplotlib/tests
      copying lib/matplotlib/tests/test_png.py -> build/lib.macosx-11.0-arm64-cpython-312/matplotlib/tests
      copying lib/matplotlib/tests/test_transforms.py -> build/lib.macosx-11.0-arm64-cpython-312/matplotlib/tests
      copying lib/matplotlib/tests/test_cbook.py -> build/lib.macosx-11.0-arm64-cpython-312/matplotlib/tests
      copying lib/matplotlib/tests/test_api.py -> build/lib.macosx-11.0-arm64-cpython-312/matplotlib/tests
      copying lib/matplotlib/tests/test_backend_qt.py -> build/lib.macosx-11.0-arm64-cpython-312/matplotlib/tests
      copying lib/matplotlib/tests/test_gridspec.py -> build/lib.macosx-11.0-arm64-cpython-312/matplotlib/tests
      copying lib/matplotlib/tests/test_afm.py -> build/lib.macosx-11.0-arm64-cpython-312/matplotlib/tests
      copying lib/matplotlib/tests/test_path.py -> build/lib.macosx-11.0-arm64-cpython-312/matplotlib/tests
      copying lib/matplotlib/tests/test_collections.py -> build/lib.macosx-11.0-arm64-cpython-312/matplotlib/tests
      copying lib/matplotlib/tests/test_axes.py -> build/lib.macosx-11.0-arm64-cpython-312/matplotlib/tests
      copying lib/matplotlib/tests/test_figure.py -> build/lib.macosx-11.0-arm64-cpython-312/matplotlib/tests
      copying lib/matplotlib/tests/test_legend.py -> build/lib.macosx-11.0-arm64-cpython-312/matplotlib/tests
      copying lib/matplotlib/tests/test_doc.py -> build/lib.macosx-11.0-arm64-cpython-312/matplotlib/tests
      copying lib/matplotlib/tests/test_sphinxext.py -> build/lib.macosx-11.0-arm64-cpython-312/matplotlib/tests
      copying lib/matplotlib/tests/test_matplotlib.py -> build/lib.macosx-11.0-arm64-cpython-312/matplotlib/tests
      copying lib/matplotlib/tests/test_compare_images.py -> build/lib.macosx-11.0-arm64-cpython-312/matplotlib/tests
      copying lib/matplotlib/tests/test_ttconv.py -> build/lib.macosx-11.0-arm64-cpython-312/matplotlib/tests
      copying lib/matplotlib/tests/test_backend_svg.py -> build/lib.macosx-11.0-arm64-cpython-312/matplotlib/tests
      copying lib/matplotlib/tests/test_testing.py -> build/lib.macosx-11.0-arm64-cpython-312/matplotlib/tests
      creating build/lib.macosx-11.0-arm64-cpython-312/matplotlib/_api
      copying lib/matplotlib/_api/deprecation.py -> build/lib.macosx-11.0-arm64-cpython-312/matplotlib/_api
      copying lib/matplotlib/_api/__init__.py -> build/lib.macosx-11.0-arm64-cpython-312/matplotlib/_api
      creating build/lib.macosx-11.0-arm64-cpython-312/matplotlib/style
      copying lib/matplotlib/style/__init__.py -> build/lib.macosx-11.0-arm64-cpython-312/matplotlib/style
      copying lib/matplotlib/style/core.py -> build/lib.macosx-11.0-arm64-cpython-312/matplotlib/style
      creating build/lib.macosx-11.0-arm64-cpython-312/matplotlib/projections
      copying lib/matplotlib/projections/geo.py -> build/lib.macosx-11.0-arm64-cpython-312/matplotlib/projections
      copying lib/matplotlib/projections/polar.py -> build/lib.macosx-11.0-arm64-cpython-312/matplotlib/projections
      copying lib/matplotlib/projections/__init__.py -> build/lib.macosx-11.0-arm64-cpython-312/matplotlib/projections
      creating build/lib.macosx-11.0-arm64-cpython-312/matplotlib/testing
      copying lib/matplotlib/testing/conftest.py -> build/lib.macosx-11.0-arm64-cpython-312/matplotlib/testing
      copying lib/matplotlib/testing/__init__.py -> build/lib.macosx-11.0-arm64-cpython-312/matplotlib/testing
      copying lib/matplotlib/testing/widgets.py -> build/lib.macosx-11.0-arm64-cpython-312/matplotlib/testing
      copying lib/matplotlib/testing/exceptions.py -> build/lib.macosx-11.0-arm64-cpython-312/matplotlib/testing
      copying lib/matplotlib/testing/_markers.py -> build/lib.macosx-11.0-arm64-cpython-312/matplotlib/testing
      copying lib/matplotlib/testing/compare.py -> build/lib.macosx-11.0-arm64-cpython-312/matplotlib/testing
      copying lib/matplotlib/testing/decorators.py -> build/lib.macosx-11.0-arm64-cpython-312/matplotlib/testing
      creating build/lib.macosx-11.0-arm64-cpython-312/matplotlib/backends/qt_editor
      copying lib/matplotlib/backends/qt_editor/_formlayout.py -> build/lib.macosx-11.0-arm64-cpython-312/matplotlib/backends/qt_editor
      copying lib/matplotlib/backends/qt_editor/__init__.py -> build/lib.macosx-11.0-arm64-cpython-312/matplotlib/backends/qt_editor
      copying lib/matplotlib/backends/qt_editor/figureoptions.py -> build/lib.macosx-11.0-arm64-cpython-312/matplotlib/backends/qt_editor
      creating build/lib.macosx-11.0-arm64-cpython-312/matplotlib/testing/jpl_units
      copying lib/matplotlib/testing/jpl_units/UnitDblFormatter.py -> build/lib.macosx-11.0-arm64-cpython-312/matplotlib/testing/jpl_units
      copying lib/matplotlib/testing/jpl_units/UnitDbl.py -> build/lib.macosx-11.0-arm64-cpython-312/matplotlib/testing/jpl_units
      copying lib/matplotlib/testing/jpl_units/EpochConverter.py -> build/lib.macosx-11.0-arm64-cpython-312/matplotlib/testing/jpl_units
      copying lib/matplotlib/testing/jpl_units/Duration.py -> build/lib.macosx-11.0-arm64-cpython-312/matplotlib/testing/jpl_units
      copying lib/matplotlib/testing/jpl_units/__init__.py -> build/lib.macosx-11.0-arm64-cpython-312/matplotlib/testing/jpl_units
      copying lib/matplotlib/testing/jpl_units/UnitDblConverter.py -> build/lib.macosx-11.0-arm64-cpython-312/matplotlib/testing/jpl_units
      copying lib/matplotlib/testing/jpl_units/Epoch.py -> build/lib.macosx-11.0-arm64-cpython-312/matplotlib/testing/jpl_units
      copying lib/matplotlib/testing/jpl_units/StrConverter.py -> build/lib.macosx-11.0-arm64-cpython-312/matplotlib/testing/jpl_units
      creating build/lib.macosx-11.0-arm64-cpython-312/matplotlib/mpl-data/stylelib
      copying lib/matplotlib/mpl-data/stylelib/Solarize_Light2.mplstyle -> build/lib.macosx-11.0-arm64-cpython-312/matplotlib/mpl-data/stylelib
      creating build/lib.macosx-11.0-arm64-cpython-312/matplotlib/mpl-data/fonts/afm
      copying lib/matplotlib/mpl-data/fonts/afm/cmex10.afm -> build/lib.macosx-11.0-arm64-cpython-312/matplotlib/mpl-data/fonts/afm
      creating build/lib.macosx-11.0-arm64-cpython-312/matplotlib/mpl-data/sample_data
      copying lib/matplotlib/mpl-data/sample_data/percent_bachelors_degrees_women_usa.csv -> build/lib.macosx-11.0-arm64-cpython-312/matplotlib/mpl-data/sample_data
      copying lib/matplotlib/mpl-data/fonts/afm/pagk8a.afm -> build/lib.macosx-11.0-arm64-cpython-312/matplotlib/mpl-data/fonts/afm
      copying lib/matplotlib/mpl-data/stylelib/seaborn-v0_8-ticks.mplstyle -> build/lib.macosx-11.0-arm64-cpython-312/matplotlib/mpl-data/stylelib
      copying lib/matplotlib/mpl-data/fonts/afm/pncr8a.afm -> build/lib.macosx-11.0-arm64-cpython-312/matplotlib/mpl-data/fonts/afm
      copying lib/matplotlib/mpl-data/fonts/afm/pzcmi8a.afm -> build/lib.macosx-11.0-arm64-cpython-312/matplotlib/mpl-data/fonts/afm
      copying lib/matplotlib/mpl-data/stylelib/seaborn-v0_8-talk.mplstyle -> build/lib.macosx-11.0-arm64-cpython-312/matplotlib/mpl-data/stylelib
      copying lib/matplotlib/mpl-data/sample_data/membrane.dat -> build/lib.macosx-11.0-arm64-cpython-312/matplotlib/mpl-data/sample_data
      copying lib/matplotlib/mpl-data/fonts/afm/phvro8an.afm -> build/lib.macosx-11.0-arm64-cpython-312/matplotlib/mpl-data/fonts/afm
      creating build/lib.macosx-11.0-arm64-cpython-312/matplotlib/mpl-data/fonts/ttf
      copying lib/matplotlib/mpl-data/fonts/ttf/cmr10.ttf -> build/lib.macosx-11.0-arm64-cpython-312/matplotlib/mpl-data/fonts/ttf
      copying lib/matplotlib/mpl-data/stylelib/_classic_test_patch.mplstyle -> build/lib.macosx-11.0-arm64-cpython-312/matplotlib/mpl-data/stylelib
      copying lib/matplotlib/mpl-data/stylelib/seaborn-v0_8-dark.mplstyle -> build/lib.macosx-11.0-arm64-cpython-312/matplotlib/mpl-data/stylelib
      copying lib/matplotlib/mpl-data/stylelib/seaborn-v0_8-paper.mplstyle -> build/lib.macosx-11.0-arm64-cpython-312/matplotlib/mpl-data/stylelib
      copying lib/matplotlib/mpl-data/fonts/ttf/DejaVuSerif-Bold.ttf -> build/lib.macosx-11.0-arm64-cpython-312/matplotlib/mpl-data/fonts/ttf
      copying lib/matplotlib/mpl-data/stylelib/fast.mplstyle -> build/lib.macosx-11.0-arm64-cpython-312/matplotlib/mpl-data/stylelib
      creating build/lib.macosx-11.0-arm64-cpython-312/matplotlib/mpl-data/fonts/pdfcorefonts
      copying lib/matplotlib/mpl-data/fonts/pdfcorefonts/Courier-BoldOblique.afm -> build/lib.macosx-11.0-arm64-cpython-312/matplotlib/mpl-data/fonts/pdfcorefonts
      creating build/lib.macosx-11.0-arm64-cpython-312/matplotlib/mpl-data/images
      copying lib/matplotlib/mpl-data/images/matplotlib.png -> build/lib.macosx-11.0-arm64-cpython-312/matplotlib/mpl-data/images
      copying lib/matplotlib/mpl-data/images/back-symbolic.svg -> build/lib.macosx-11.0-arm64-cpython-312/matplotlib/mpl-data/images
      copying lib/matplotlib/mpl-data/images/home.pdf -> build/lib.macosx-11.0-arm64-cpython-312/matplotlib/mpl-data/images
      copying lib/matplotlib/mpl-data/images/home.svg -> build/lib.macosx-11.0-arm64-cpython-312/matplotlib/mpl-data/images
      copying lib/matplotlib/mpl-data/images/help-symbolic.svg -> build/lib.macosx-11.0-arm64-cpython-312/matplotlib/mpl-data/images
      copying lib/matplotlib/mpl-data/fonts/afm/phvl8a.afm -> build/lib.macosx-11.0-arm64-cpython-312/matplotlib/mpl-data/fonts/afm
      copying lib/matplotlib/mpl-data/fonts/afm/pbkd8a.afm -> build/lib.macosx-11.0-arm64-cpython-312/matplotlib/mpl-data/fonts/afm
      copying lib/matplotlib/mpl-data/fonts/afm/pncb8a.afm -> build/lib.macosx-11.0-arm64-cpython-312/matplotlib/mpl-data/fonts/afm
      copying lib/matplotlib/mpl-data/fonts/ttf/DejaVuSansMono-BoldOblique.ttf -> build/lib.macosx-11.0-arm64-cpython-312/matplotlib/mpl-data/fonts/ttf
      copying lib/matplotlib/mpl-data/fonts/ttf/DejaVuSerif.ttf -> build/lib.macosx-11.0-arm64-cpython-312/matplotlib/mpl-data/fonts/ttf
      copying lib/matplotlib/mpl-data/fonts/ttf/DejaVuSans-Bold.ttf -> build/lib.macosx-11.0-arm64-cpython-312/matplotlib/mpl-data/fonts/ttf
      copying lib/matplotlib/mpl-data/fonts/ttf/DejaVuSansMono.ttf -> build/lib.macosx-11.0-arm64-cpython-312/matplotlib/mpl-data/fonts/ttf
      copying lib/matplotlib/mpl-data/images/home.png -> build/lib.macosx-11.0-arm64-cpython-312/matplotlib/mpl-data/images
      copying lib/matplotlib/mpl-data/fonts/afm/ptmbi8a.afm -> build/lib.macosx-11.0-arm64-cpython-312/matplotlib/mpl-data/fonts/afm
      copying lib/matplotlib/mpl-data/fonts/ttf/DejaVuSansDisplay.ttf -> build/lib.macosx-11.0-arm64-cpython-312/matplotlib/mpl-data/fonts/ttf
      copying lib/matplotlib/mpl-data/fonts/ttf/cmmi10.ttf -> build/lib.macosx-11.0-arm64-cpython-312/matplotlib/mpl-data/fonts/ttf
      copying lib/matplotlib/mpl-data/fonts/afm/pcrbo8a.afm -> build/lib.macosx-11.0-arm64-cpython-312/matplotlib/mpl-data/fonts/afm
      copying lib/matplotlib/mpl-data/fonts/ttf/cmsy10.ttf -> build/lib.macosx-11.0-arm64-cpython-312/matplotlib/mpl-data/fonts/ttf
      copying lib/matplotlib/mpl-data/sample_data/README.txt -> build/lib.macosx-11.0-arm64-cpython-312/matplotlib/mpl-data/sample_data
      copying lib/matplotlib/mpl-data/fonts/afm/putri8a.afm -> build/lib.macosx-11.0-arm64-cpython-312/matplotlib/mpl-data/fonts/afm
      copying lib/matplotlib/mpl-data/stylelib/seaborn-v0_8-poster.mplstyle -> build/lib.macosx-11.0-arm64-cpython-312/matplotlib/mpl-data/stylelib
      copying lib/matplotlib/mpl-data/stylelib/ggplot.mplstyle -> build/lib.macosx-11.0-arm64-cpython-312/matplotlib/mpl-data/stylelib
      copying lib/matplotlib/mpl-data/fonts/pdfcorefonts/readme.txt -> build/lib.macosx-11.0-arm64-cpython-312/matplotlib/mpl-data/fonts/pdfcorefonts
      copying lib/matplotlib/mpl-data/fonts/afm/phvb8an.afm -> build/lib.macosx-11.0-arm64-cpython-312/matplotlib/mpl-data/fonts/afm
      copying lib/matplotlib/mpl-data/fonts/afm/cmtt10.afm -> build/lib.macosx-11.0-arm64-cpython-312/matplotlib/mpl-data/fonts/afm
      copying lib/matplotlib/mpl-data/images/filesave.png -> build/lib.macosx-11.0-arm64-cpython-312/matplotlib/mpl-data/images
      copying lib/matplotlib/mpl-data/images/hand.png -> build/lib.macosx-11.0-arm64-cpython-312/matplotlib/mpl-data/images
      copying lib/matplotlib/mpl-data/stylelib/seaborn-v0_8-muted.mplstyle -> build/lib.macosx-11.0-arm64-cpython-312/matplotlib/mpl-data/stylelib
      copying lib/matplotlib/mpl-data/fonts/ttf/DejaVuSans-BoldOblique.ttf -> build/lib.macosx-11.0-arm64-cpython-312/matplotlib/mpl-data/fonts/ttf
      copying lib/matplotlib/mpl-data/images/help.png -> build/lib.macosx-11.0-arm64-cpython-312/matplotlib/mpl-data/images
      copying lib/matplotlib/mpl-data/sample_data/jacksboro_fault_dem.npz -> build/lib.macosx-11.0-arm64-cpython-312/matplotlib/mpl-data/sample_data
      copying lib/matplotlib/mpl-data/sample_data/goog.npz -> build/lib.macosx-11.0-arm64-cpython-312/matplotlib/mpl-data/sample_data
      copying lib/matplotlib/mpl-data/fonts/afm/pcrro8a.afm -> build/lib.macosx-11.0-arm64-cpython-312/matplotlib/mpl-data/fonts/afm
      copying lib/matplotlib/mpl-data/fonts/ttf/cmex10.ttf -> build/lib.macosx-11.0-arm64-cpython-312/matplotlib/mpl-data/fonts/ttf
      copying lib/matplotlib/mpl-data/images/filesave-symbolic.svg -> build/lib.macosx-11.0-arm64-cpython-312/matplotlib/mpl-data/images
      copying lib/matplotlib/mpl-data/sample_data/logo2.png -> build/lib.macosx-11.0-arm64-cpython-312/matplotlib/mpl-data/sample_data
      copying lib/matplotlib/mpl-data/images/qt4_editor_options.pdf -> build/lib.macosx-11.0-arm64-cpython-312/matplotlib/mpl-data/images
      copying lib/matplotlib/mpl-data/stylelib/seaborn-v0_8-white.mplstyle -> build/lib.macosx-11.0-arm64-cpython-312/matplotlib/mpl-data/stylelib
      copying lib/matplotlib/mpl-data/fonts/afm/pbkl8a.afm -> build/lib.macosx-11.0-arm64-cpython-312/matplotlib/mpl-data/fonts/afm
      copying lib/matplotlib/mpl-data/fonts/ttf/STIXGeneralItalic.ttf -> build/lib.macosx-11.0-arm64-cpython-312/matplotlib/mpl-data/fonts/ttf
      copying lib/matplotlib/mpl-data/fonts/ttf/STIXSizFourSymReg.ttf -> build/lib.macosx-11.0-arm64-cpython-312/matplotlib/mpl-data/fonts/ttf
      creating build/lib.macosx-11.0-arm64-cpython-312/matplotlib/backends/web_backend
      copying lib/matplotlib/backends/web_backend/.prettierignore -> build/lib.macosx-11.0-arm64-cpython-312/matplotlib/backends/web_backend
      copying lib/matplotlib/mpl-data/fonts/afm/pplri8a.afm -> build/lib.macosx-11.0-arm64-cpython-312/matplotlib/mpl-data/fonts/afm
      copying lib/matplotlib/mpl-data/fonts/afm/pncri8a.afm -> build/lib.macosx-11.0-arm64-cpython-312/matplotlib/mpl-data/fonts/afm
      copying lib/matplotlib/mpl-data/fonts/ttf/DejaVuSerifDisplay.ttf -> build/lib.macosx-11.0-arm64-cpython-312/matplotlib/mpl-data/fonts/ttf
      creating build/lib.macosx-11.0-arm64-cpython-312/matplotlib/backends/web_backend/css
      copying lib/matplotlib/backends/web_backend/css/page.css -> build/lib.macosx-11.0-arm64-cpython-312/matplotlib/backends/web_backend/css
      copying lib/matplotlib/mpl-data/images/zoom_to_rect.svg -> build/lib.macosx-11.0-arm64-cpython-312/matplotlib/mpl-data/images
      copying lib/matplotlib/mpl-data/stylelib/seaborn-v0_8-colorblind.mplstyle -> build/lib.macosx-11.0-arm64-cpython-312/matplotlib/mpl-data/stylelib
      copying lib/matplotlib/mpl-data/stylelib/_mpl-gallery-nogrid.mplstyle -> build/lib.macosx-11.0-arm64-cpython-312/matplotlib/mpl-data/stylelib
      copying lib/matplotlib/mpl-data/fonts/afm/pbkdi8a.afm -> build/lib.macosx-11.0-arm64-cpython-312/matplotlib/mpl-data/fonts/afm
      copying lib/matplotlib/mpl-data/images/hand.pdf -> build/lib.macosx-11.0-arm64-cpython-312/matplotlib/mpl-data/images
      copying lib/matplotlib/mpl-data/fonts/afm/cmmi10.afm -> build/lib.macosx-11.0-arm64-cpython-312/matplotlib/mpl-data/fonts/afm
      copying lib/matplotlib/mpl-data/fonts/afm/putr8a.afm -> build/lib.macosx-11.0-arm64-cpython-312/matplotlib/mpl-data/fonts/afm
      copying lib/matplotlib/mpl-data/fonts/afm/cmr10.afm -> build/lib.macosx-11.0-arm64-cpython-312/matplotlib/mpl-data/fonts/afm
      copying lib/matplotlib/mpl-data/fonts/pdfcorefonts/Times-Roman.afm -> build/lib.macosx-11.0-arm64-cpython-312/matplotlib/mpl-data/fonts/pdfcorefonts
      copying lib/matplotlib/mpl-data/fonts/afm/ptmr8a.afm -> build/lib.macosx-11.0-arm64-cpython-312/matplotlib/mpl-data/fonts/afm
      copying lib/matplotlib/mpl-data/fonts/ttf/DejaVuSansMono-Bold.ttf -> build/lib.macosx-11.0-arm64-cpython-312/matplotlib/mpl-data/fonts/ttf
      copying lib/matplotlib/mpl-data/images/subplots.pdf -> build/lib.macosx-11.0-arm64-cpython-312/matplotlib/mpl-data/images
      copying lib/matplotlib/mpl-data/kpsewhich.lua -> build/lib.macosx-11.0-arm64-cpython-312/matplotlib/mpl-data
      copying lib/matplotlib/mpl-data/sample_data/data_x_x2_x3.csv -> build/lib.macosx-11.0-arm64-cpython-312/matplotlib/mpl-data/sample_data
      copying lib/matplotlib/mpl-data/fonts/pdfcorefonts/ZapfDingbats.afm -> build/lib.macosx-11.0-arm64-cpython-312/matplotlib/mpl-data/fonts/pdfcorefonts
      copying lib/matplotlib/backends/web_backend/ipython_inline_figure.html -> build/lib.macosx-11.0-arm64-cpython-312/matplotlib/backends/web_backend
      copying lib/matplotlib/backends/web_backend/css/fbm.css -> build/lib.macosx-11.0-arm64-cpython-312/matplotlib/backends/web_backend/css
      creating build/lib.macosx-11.0-arm64-cpython-312/matplotlib/backends/web_backend/js
      copying lib/matplotlib/backends/web_backend/js/mpl.js -> build/lib.macosx-11.0-arm64-cpython-312/matplotlib/backends/web_backend/js
      creating build/lib.macosx-11.0-arm64-cpython-312/matplotlib/mpl-data/sample_data/axes_grid
      copying lib/matplotlib/mpl-data/sample_data/axes_grid/bivariate_normal.npy -> build/lib.macosx-11.0-arm64-cpython-312/matplotlib/mpl-data/sample_data/axes_grid
      copying lib/matplotlib/mpl-data/images/back.svg -> build/lib.macosx-11.0-arm64-cpython-312/matplotlib/mpl-data/images
      copying lib/matplotlib/mpl-data/images/move.png -> build/lib.macosx-11.0-arm64-cpython-312/matplotlib/mpl-data/images
      copying lib/matplotlib/mpl-data/stylelib/seaborn-v0_8.mplstyle -> build/lib.macosx-11.0-arm64-cpython-312/matplotlib/mpl-data/stylelib
      copying lib/matplotlib/mpl-data/fonts/afm/pagko8a.afm -> build/lib.macosx-11.0-arm64-cpython-312/matplotlib/mpl-data/fonts/afm
      copying lib/matplotlib/mpl-data/images/back_large.png -> build/lib.macosx-11.0-arm64-cpython-312/matplotlib/mpl-data/images
      copying lib/matplotlib/mpl-data/stylelib/seaborn-v0_8-notebook.mplstyle -> build/lib.macosx-11.0-arm64-cpython-312/matplotlib/mpl-data/stylelib
      copying lib/matplotlib/mpl-data/fonts/ttf/DejaVuSans-Oblique.ttf -> build/lib.macosx-11.0-arm64-cpython-312/matplotlib/mpl-data/fonts/ttf
      copying lib/matplotlib/backends/web_backend/single_figure.html -> build/lib.macosx-11.0-arm64-cpython-312/matplotlib/backends/web_backend
      copying lib/matplotlib/mpl-data/fonts/afm/pbkli8a.afm -> build/lib.macosx-11.0-arm64-cpython-312/matplotlib/mpl-data/fonts/afm
      copying lib/matplotlib/mpl-data/stylelib/seaborn-v0_8-bright.mplstyle -> build/lib.macosx-11.0-arm64-cpython-312/matplotlib/mpl-data/stylelib
      copying lib/matplotlib/mpl-data/fonts/ttf/LICENSE_DEJAVU -> build/lib.macosx-11.0-arm64-cpython-312/matplotlib/mpl-data/fonts/ttf
      copying lib/matplotlib/mpl-data/images/subplots.png -> build/lib.macosx-11.0-arm64-cpython-312/matplotlib/mpl-data/images
      copying lib/matplotlib/mpl-data/images/forward_large.png -> build/lib.macosx-11.0-arm64-cpython-312/matplotlib/mpl-data/images
      copying lib/matplotlib/backends/web_backend/css/boilerplate.css -> build/lib.macosx-11.0-arm64-cpython-312/matplotlib/backends/web_backend/css
      copying lib/matplotlib/mpl-data/images/subplots_large.png -> build/lib.macosx-11.0-arm64-cpython-312/matplotlib/mpl-data/images
      copying lib/matplotlib/mpl-data/fonts/afm/phvb8a.afm -> build/lib.macosx-11.0-arm64-cpython-312/matplotlib/mpl-data/fonts/afm
      copying lib/matplotlib/backends/web_backend/js/mpl_tornado.js -> build/lib.macosx-11.0-arm64-cpython-312/matplotlib/backends/web_backend/js
      copying lib/matplotlib/mpl-data/fonts/afm/phvr8an.afm -> build/lib.macosx-11.0-arm64-cpython-312/matplotlib/mpl-data/fonts/afm
      copying lib/matplotlib/mpl-data/images/hand.svg -> build/lib.macosx-11.0-arm64-cpython-312/matplotlib/mpl-data/images
      copying lib/matplotlib/mpl-data/fonts/ttf/DejaVuSerif-Italic.ttf -> build/lib.macosx-11.0-arm64-cpython-312/matplotlib/mpl-data/fonts/ttf
      copying lib/matplotlib/mpl-data/fonts/afm/pplbi8a.afm -> build/lib.macosx-11.0-arm64-cpython-312/matplotlib/mpl-data/fonts/afm
      copying lib/matplotlib/mpl-data/fonts/pdfcorefonts/Courier.afm -> build/lib.macosx-11.0-arm64-cpython-312/matplotlib/mpl-data/fonts/pdfcorefonts
      copying lib/matplotlib/mpl-data/stylelib/bmh.mplstyle -> build/lib.macosx-11.0-arm64-cpython-312/matplotlib/mpl-data/stylelib
      copying lib/matplotlib/mpl-data/images/filesave.pdf -> build/lib.macosx-11.0-arm64-cpython-312/matplotlib/mpl-data/images
      copying lib/matplotlib/mpl-data/images/back.png -> build/lib.macosx-11.0-arm64-cpython-312/matplotlib/mpl-data/images
      copying lib/matplotlib/backends/web_backend/nbagg_uat.ipynb -> build/lib.macosx-11.0-arm64-cpython-312/matplotlib/backends/web_backend
      copying lib/matplotlib/mpl-data/fonts/afm/pagd8a.afm -> build/lib.macosx-11.0-arm64-cpython-312/matplotlib/mpl-data/fonts/afm
      copying lib/matplotlib/mpl-data/fonts/afm/phvro8a.afm -> build/lib.macosx-11.0-arm64-cpython-312/matplotlib/mpl-data/fonts/afm
      copying lib/matplotlib/mpl-data/fonts/ttf/STIXGeneralBol.ttf -> build/lib.macosx-11.0-arm64-cpython-312/matplotlib/mpl-data/fonts/ttf
      copying lib/matplotlib/mpl-data/images/filesave_large.png -> build/lib.macosx-11.0-arm64-cpython-312/matplotlib/mpl-data/images
      copying lib/matplotlib/mpl-data/fonts/ttf/STIXNonUniBol.ttf -> build/lib.macosx-11.0-arm64-cpython-312/matplotlib/mpl-data/fonts/ttf
      copying lib/matplotlib/mpl-data/stylelib/seaborn-v0_8-whitegrid.mplstyle -> build/lib.macosx-11.0-arm64-cpython-312/matplotlib/mpl-data/stylelib
      copying lib/matplotlib/mpl-data/fonts/afm/putb8a.afm -> build/lib.macosx-11.0-arm64-cpython-312/matplotlib/mpl-data/fonts/afm
      copying lib/matplotlib/backends/web_backend/css/mpl.css -> build/lib.macosx-11.0-arm64-cpython-312/matplotlib/backends/web_backend/css
      copying lib/matplotlib/mpl-data/fonts/ttf/STIXNonUniIta.ttf -> build/lib.macosx-11.0-arm64-cpython-312/matplotlib/mpl-data/fonts/ttf
      copying lib/matplotlib/mpl-data/fonts/ttf/LICENSE_STIX -> build/lib.macosx-11.0-arm64-cpython-312/matplotlib/mpl-data/fonts/ttf
      copying lib/matplotlib/mpl-data/fonts/afm/phvlo8a.afm -> build/lib.macosx-11.0-arm64-cpython-312/matplotlib/mpl-data/fonts/afm
      copying lib/matplotlib/mpl-data/images/help_large.png -> build/lib.macosx-11.0-arm64-cpython-312/matplotlib/mpl-data/images
      copying lib/matplotlib/mpl-data/fonts/ttf/STIXSizThreeSymBol.ttf -> build/lib.macosx-11.0-arm64-cpython-312/matplotlib/mpl-data/fonts/ttf
      copying lib/matplotlib/mpl-data/images/zoom_to_rect_large.png -> build/lib.macosx-11.0-arm64-cpython-312/matplotlib/mpl-data/images
      copying lib/matplotlib/mpl-data/fonts/afm/pplr8a.afm -> build/lib.macosx-11.0-arm64-cpython-312/matplotlib/mpl-data/fonts/afm
      copying lib/matplotlib/mpl-data/images/qt4_editor_options_large.png -> build/lib.macosx-11.0-arm64-cpython-312/matplotlib/mpl-data/images
      copying lib/matplotlib/mpl-data/fonts/ttf/STIXSizFourSymBol.ttf -> build/lib.macosx-11.0-arm64-cpython-312/matplotlib/mpl-data/fonts/ttf
      copying lib/matplotlib/mpl-data/fonts/afm/phvbo8an.afm -> build/lib.macosx-11.0-arm64-cpython-312/matplotlib/mpl-data/fonts/afm
      copying lib/matplotlib/mpl-data/sample_data/Stocks.csv -> build/lib.macosx-11.0-arm64-cpython-312/matplotlib/mpl-data/sample_data
      copying lib/matplotlib/mpl-data/fonts/pdfcorefonts/Courier-Bold.afm -> build/lib.macosx-11.0-arm64-cpython-312/matplotlib/mpl-data/fonts/pdfcorefonts
      copying lib/matplotlib/mpl-data/fonts/pdfcorefonts/Times-Bold.afm -> build/lib.macosx-11.0-arm64-cpython-312/matplotlib/mpl-data/fonts/pdfcorefonts
      copying lib/matplotlib/mpl-data/images/help.pdf -> build/lib.macosx-11.0-arm64-cpython-312/matplotlib/mpl-data/images
      copying lib/matplotlib/mpl-data/fonts/ttf/STIXSizTwoSymBol.ttf -> build/lib.macosx-11.0-arm64-cpython-312/matplotlib/mpl-data/fonts/ttf
      copying lib/matplotlib/mpl-data/images/help.svg -> build/lib.macosx-11.0-arm64-cpython-312/matplotlib/mpl-data/images
      copying lib/matplotlib/backends/web_backend/all_figures.html -> build/lib.macosx-11.0-arm64-cpython-312/matplotlib/backends/web_backend
      copying lib/matplotlib/mpl-data/fonts/pdfcorefonts/Symbol.afm -> build/lib.macosx-11.0-arm64-cpython-312/matplotlib/mpl-data/fonts/pdfcorefonts
      copying lib/matplotlib/mpl-data/sample_data/eeg.dat -> build/lib.macosx-11.0-arm64-cpython-312/matplotlib/mpl-data/sample_data
      copying lib/matplotlib/mpl-data/fonts/ttf/STIXSizOneSymReg.ttf -> build/lib.macosx-11.0-arm64-cpython-312/matplotlib/mpl-data/fonts/ttf
      copying lib/matplotlib/mpl-data/fonts/afm/phvbo8a.afm -> build/lib.macosx-11.0-arm64-cpython-312/matplotlib/mpl-data/fonts/afm
      copying lib/matplotlib/mpl-data/fonts/ttf/STIXNonUni.ttf -> build/lib.macosx-11.0-arm64-cpython-312/matplotlib/mpl-data/fonts/ttf
      copying lib/matplotlib/mpl-data/images/matplotlib.svg -> build/lib.macosx-11.0-arm64-cpython-312/matplotlib/mpl-data/images
      copying lib/matplotlib/mpl-data/fonts/afm/pcrr8a.afm -> build/lib.macosx-11.0-arm64-cpython-312/matplotlib/mpl-data/fonts/afm
      copying lib/matplotlib/mpl-data/sample_data/embedding_in_wx3.xrc -> build/lib.macosx-11.0-arm64-cpython-312/matplotlib/mpl-data/sample_data
      copying lib/matplotlib/mpl-data/stylelib/classic.mplstyle -> build/lib.macosx-11.0-arm64-cpython-312/matplotlib/mpl-data/stylelib
      copying lib/matplotlib/backends/web_backend/js/nbagg_mpl.js -> build/lib.macosx-11.0-arm64-cpython-312/matplotlib/backends/web_backend/js
      copying lib/matplotlib/mpl-data/sample_data/msft.csv -> build/lib.macosx-11.0-arm64-cpython-312/matplotlib/mpl-data/sample_data
      copying lib/matplotlib/mpl-data/images/move-symbolic.svg -> build/lib.macosx-11.0-arm64-cpython-312/matplotlib/mpl-data/images
      copying lib/matplotlib/mpl-data/fonts/ttf/STIXNonUniBolIta.ttf -> build/lib.macosx-11.0-arm64-cpython-312/matplotlib/mpl-data/fonts/ttf
      copying lib/matplotlib/backends/web_backend/package.json -> build/lib.macosx-11.0-arm64-cpython-312/matplotlib/backends/web_backend
      copying lib/matplotlib/mpl-data/fonts/pdfcorefonts/Helvetica.afm -> build/lib.macosx-11.0-arm64-cpython-312/matplotlib/mpl-data/fonts/pdfcorefonts
      copying lib/matplotlib/mpl-data/stylelib/dark_background.mplstyle -> build/lib.macosx-11.0-arm64-cpython-312/matplotlib/mpl-data/stylelib
      copying lib/matplotlib/mpl-data/stylelib/seaborn-v0_8-darkgrid.mplstyle -> build/lib.macosx-11.0-arm64-cpython-312/matplotlib/mpl-data/stylelib
      copying lib/matplotlib/mpl-data/fonts/ttf/STIXSizFiveSymReg.ttf -> build/lib.macosx-11.0-arm64-cpython-312/matplotlib/mpl-data/fonts/ttf
      creating build/lib.macosx-11.0-arm64-cpython-312/matplotlib/mpl-data/plot_directive
      copying lib/matplotlib/mpl-data/plot_directive/plot_directive.css -> build/lib.macosx-11.0-arm64-cpython-312/matplotlib/mpl-data/plot_directive
      copying lib/matplotlib/mpl-data/fonts/pdfcorefonts/Times-BoldItalic.afm -> build/lib.macosx-11.0-arm64-cpython-312/matplotlib/mpl-data/fonts/pdfcorefonts
      copying lib/matplotlib/mpl-data/fonts/ttf/cmss10.ttf -> build/lib.macosx-11.0-arm64-cpython-312/matplotlib/mpl-data/fonts/ttf
      copying lib/matplotlib/mpl-data/stylelib/grayscale.mplstyle -> build/lib.macosx-11.0-arm64-cpython-312/matplotlib/mpl-data/stylelib
      copying lib/matplotlib/mpl-data/images/matplotlib.pdf -> build/lib.macosx-11.0-arm64-cpython-312/matplotlib/mpl-data/images
      copying lib/matplotlib/mpl-data/stylelib/fivethirtyeight.mplstyle -> build/lib.macosx-11.0-arm64-cpython-312/matplotlib/mpl-data/stylelib
      copying lib/matplotlib/mpl-data/fonts/ttf/DejaVuSerif-BoldItalic.ttf -> build/lib.macosx-11.0-arm64-cpython-312/matplotlib/mpl-data/fonts/ttf
      copying lib/matplotlib/mpl-data/fonts/ttf/cmb10.ttf -> build/lib.macosx-11.0-arm64-cpython-312/matplotlib/mpl-data/fonts/ttf
      copying lib/matplotlib/mpl-data/images/back.pdf -> build/lib.macosx-11.0-arm64-cpython-312/matplotlib/mpl-data/images
      copying lib/matplotlib/mpl-data/stylelib/seaborn-v0_8-dark-palette.mplstyle -> build/lib.macosx-11.0-arm64-cpython-312/matplotlib/mpl-data/stylelib
      copying lib/matplotlib/mpl-data/fonts/afm/pncbi8a.afm -> build/lib.macosx-11.0-arm64-cpython-312/matplotlib/mpl-data/fonts/afm
      copying lib/matplotlib/mpl-data/fonts/afm/ptmb8a.afm -> build/lib.macosx-11.0-arm64-cpython-312/matplotlib/mpl-data/fonts/afm
      copying lib/matplotlib/mpl-data/fonts/pdfcorefonts/Helvetica-Oblique.afm -> build/lib.macosx-11.0-arm64-cpython-312/matplotlib/mpl-data/fonts/pdfcorefonts
      copying lib/matplotlib/mpl-data/fonts/pdfcorefonts/Courier-Oblique.afm -> build/lib.macosx-11.0-arm64-cpython-312/matplotlib/mpl-data/fonts/pdfcorefonts
      copying lib/matplotlib/mpl-data/images/matplotlib_large.png -> build/lib.macosx-11.0-arm64-cpython-312/matplotlib/mpl-data/images
      copying lib/matplotlib/mpl-data/fonts/afm/pagdo8a.afm -> build/lib.macosx-11.0-arm64-cpython-312/matplotlib/mpl-data/fonts/afm
      copying lib/matplotlib/mpl-data/images/move.pdf -> build/lib.macosx-11.0-arm64-cpython-312/matplotlib/mpl-data/images
      copying lib/matplotlib/mpl-data/fonts/afm/psyr.afm -> build/lib.macosx-11.0-arm64-cpython-312/matplotlib/mpl-data/fonts/afm
      copying lib/matplotlib/mpl-data/images/move.svg -> build/lib.macosx-11.0-arm64-cpython-312/matplotlib/mpl-data/images
      copying lib/matplotlib/mpl-data/fonts/ttf/STIXGeneral.ttf -> build/lib.macosx-11.0-arm64-cpython-312/matplotlib/mpl-data/fonts/ttf
      copying lib/matplotlib/mpl-data/images/forward.svg -> build/lib.macosx-11.0-arm64-cpython-312/matplotlib/mpl-data/images
      copying lib/matplotlib/mpl-data/stylelib/seaborn-v0_8-pastel.mplstyle -> build/lib.macosx-11.0-arm64-cpython-312/matplotlib/mpl-data/stylelib
      copying lib/matplotlib/mpl-data/images/move_large.png -> build/lib.macosx-11.0-arm64-cpython-312/matplotlib/mpl-data/images
      copying lib/matplotlib/mpl-data/images/forward.png -> build/lib.macosx-11.0-arm64-cpython-312/matplotlib/mpl-data/images
      copying lib/matplotlib/mpl-data/images/zoom_to_rect-symbolic.svg -> build/lib.macosx-11.0-arm64-cpython-312/matplotlib/mpl-data/images
      copying lib/matplotlib/mpl-data/images/forward-symbolic.svg -> build/lib.macosx-11.0-arm64-cpython-312/matplotlib/mpl-data/images
      copying lib/matplotlib/mpl-data/fonts/ttf/DejaVuSans.ttf -> build/lib.macosx-11.0-arm64-cpython-312/matplotlib/mpl-data/fonts/ttf
      copying lib/matplotlib/mpl-data/matplotlibrc -> build/lib.macosx-11.0-arm64-cpython-312/matplotlib/mpl-data
      copying lib/matplotlib/mpl-data/fonts/ttf/STIXSizThreeSymReg.ttf -> build/lib.macosx-11.0-arm64-cpython-312/matplotlib/mpl-data/fonts/ttf
      copying lib/matplotlib/mpl-data/images/home-symbolic.svg -> build/lib.macosx-11.0-arm64-cpython-312/matplotlib/mpl-data/images
      copying lib/matplotlib/mpl-data/fonts/pdfcorefonts/Helvetica-Bold.afm -> build/lib.macosx-11.0-arm64-cpython-312/matplotlib/mpl-data/fonts/pdfcorefonts
      copying lib/matplotlib/mpl-data/fonts/afm/pzdr.afm -> build/lib.macosx-11.0-arm64-cpython-312/matplotlib/mpl-data/fonts/afm
      copying lib/matplotlib/backends/web_backend/.prettierrc -> build/lib.macosx-11.0-arm64-cpython-312/matplotlib/backends/web_backend
      copying lib/matplotlib/mpl-data/images/forward.pdf -> build/lib.macosx-11.0-arm64-cpython-312/matplotlib/mpl-data/images
      copying lib/matplotlib/mpl-data/images/subplots-symbolic.svg -> build/lib.macosx-11.0-arm64-cpython-312/matplotlib/mpl-data/images
      copying lib/matplotlib/mpl-data/stylelib/tableau-colorblind10.mplstyle -> build/lib.macosx-11.0-arm64-cpython-312/matplotlib/mpl-data/stylelib
      copying lib/matplotlib/mpl-data/fonts/pdfcorefonts/Helvetica-BoldOblique.afm -> build/lib.macosx-11.0-arm64-cpython-312/matplotlib/mpl-data/fonts/pdfcorefonts
      copying lib/matplotlib/mpl-data/stylelib/_mpl-gallery.mplstyle -> build/lib.macosx-11.0-arm64-cpython-312/matplotlib/mpl-data/stylelib
      copying lib/matplotlib/mpl-data/fonts/afm/ptmri8a.afm -> build/lib.macosx-11.0-arm64-cpython-312/matplotlib/mpl-data/fonts/afm
      copying lib/matplotlib/mpl-data/fonts/afm/putbi8a.afm -> build/lib.macosx-11.0-arm64-cpython-312/matplotlib/mpl-data/fonts/afm
      copying lib/matplotlib/mpl-data/fonts/afm/cmsy10.afm -> build/lib.macosx-11.0-arm64-cpython-312/matplotlib/mpl-data/fonts/afm
      copying lib/matplotlib/mpl-data/images/zoom_to_rect.png -> build/lib.macosx-11.0-arm64-cpython-312/matplotlib/mpl-data/images
      copying lib/matplotlib/mpl-data/images/zoom_to_rect.pdf -> build/lib.macosx-11.0-arm64-cpython-312/matplotlib/mpl-data/images
      copying lib/matplotlib/mpl-data/images/subplots.svg -> build/lib.macosx-11.0-arm64-cpython-312/matplotlib/mpl-data/images
      copying lib/matplotlib/mpl-data/fonts/ttf/STIXSizTwoSymReg.ttf -> build/lib.macosx-11.0-arm64-cpython-312/matplotlib/mpl-data/fonts/ttf
      copying lib/matplotlib/mpl-data/sample_data/Minduka_Present_Blue_Pack.png -> build/lib.macosx-11.0-arm64-cpython-312/matplotlib/mpl-data/sample_data
      copying lib/matplotlib/mpl-data/images/home_large.png -> build/lib.macosx-11.0-arm64-cpython-312/matplotlib/mpl-data/images
      copying lib/matplotlib/mpl-data/fonts/afm/phvr8a.afm -> build/lib.macosx-11.0-arm64-cpython-312/matplotlib/mpl-data/fonts/afm
      copying lib/matplotlib/mpl-data/images/qt4_editor_options.svg -> build/lib.macosx-11.0-arm64-cpython-312/matplotlib/mpl-data/images
      copying lib/matplotlib/mpl-data/sample_data/topobathy.npz -> build/lib.macosx-11.0-arm64-cpython-312/matplotlib/mpl-data/sample_data
      copying lib/matplotlib/mpl-data/images/qt4_editor_options.png -> build/lib.macosx-11.0-arm64-cpython-312/matplotlib/mpl-data/images
      copying lib/matplotlib/mpl-data/sample_data/s1045.ima.gz -> build/lib.macosx-11.0-arm64-cpython-312/matplotlib/mpl-data/sample_data
      copying lib/matplotlib/mpl-data/stylelib/seaborn-v0_8-deep.mplstyle -> build/lib.macosx-11.0-arm64-cpython-312/matplotlib/mpl-data/stylelib
      copying lib/matplotlib/mpl-data/fonts/afm/pplb8a.afm -> build/lib.macosx-11.0-arm64-cpython-312/matplotlib/mpl-data/fonts/afm
      copying lib/matplotlib/mpl-data/fonts/ttf/STIXSizOneSymBol.ttf -> build/lib.macosx-11.0-arm64-cpython-312/matplotlib/mpl-data/fonts/ttf
      copying lib/matplotlib/mpl-data/fonts/pdfcorefonts/Times-Italic.afm -> build/lib.macosx-11.0-arm64-cpython-312/matplotlib/mpl-data/fonts/pdfcorefonts
      copying lib/matplotlib/backends/web_backend/.eslintrc.js -> build/lib.macosx-11.0-arm64-cpython-312/matplotlib/backends/web_backend
      copying lib/matplotlib/mpl-data/sample_data/grace_hopper.jpg -> build/lib.macosx-11.0-arm64-cpython-312/matplotlib/mpl-data/sample_data
      copying lib/matplotlib/mpl-data/fonts/ttf/DejaVuSansMono-Oblique.ttf -> build/lib.macosx-11.0-arm64-cpython-312/matplotlib/mpl-data/fonts/ttf
      copying lib/matplotlib/mpl-data/images/filesave.svg -> build/lib.macosx-11.0-arm64-cpython-312/matplotlib/mpl-data/images
      copying lib/matplotlib/mpl-data/fonts/afm/pcrb8a.afm -> build/lib.macosx-11.0-arm64-cpython-312/matplotlib/mpl-data/fonts/afm
      copying lib/matplotlib/mpl-data/fonts/ttf/cmtt10.ttf -> build/lib.macosx-11.0-arm64-cpython-312/matplotlib/mpl-data/fonts/ttf
      copying lib/matplotlib/mpl-data/fonts/ttf/STIXGeneralBolIta.ttf -> build/lib.macosx-11.0-arm64-cpython-312/matplotlib/mpl-data/fonts/ttf
      running build_ext
      creating var/folders/ql/btm7z5tx32ddpsky8z3bz4_r0000gn/T
      clang++ -fno-strict-overflow -Wsign-compare -Wunreachable-code -DNDEBUG -O2 -Wall -fPIC -O2 -isystem /Users/bakr/miniforge3/include -arch arm64 -fPIC -O2 -isystem /Users/bakr/miniforge3/include -arch arm64 -I/Users/bakr/miniforge3/include/python3.12 -c /var/folders/ql/btm7z5tx32ddpsky8z3bz4_r0000gn/T/tmpvxig0pla.cpp -o var/folders/ql/btm7z5tx32ddpsky8z3bz4_r0000gn/T/tmpvxig0pla.o -fvisibility=hidden
      clang++ -fno-strict-overflow -Wsign-compare -Wunreachable-code -DNDEBUG -O2 -Wall -fPIC -O2 -isystem /Users/bakr/miniforge3/include -arch arm64 -fPIC -O2 -isystem /Users/bakr/miniforge3/include -arch arm64 -I/Users/bakr/miniforge3/include/python3.12 -c /var/folders/ql/btm7z5tx32ddpsky8z3bz4_r0000gn/T/tmpykq_81rw.cpp -o var/folders/ql/btm7z5tx32ddpsky8z3bz4_r0000gn/T/tmpykq_81rw.o -fvisibility-inlines-hidden
      clang++ -fno-strict-overflow -Wsign-compare -Wunreachable-code -DNDEBUG -O2 -Wall -fPIC -O2 -isystem /Users/bakr/miniforge3/include -arch arm64 -fPIC -O2 -isystem /Users/bakr/miniforge3/include -arch arm64 -I/Users/bakr/miniforge3/include/python3.12 -c /var/folders/ql/btm7z5tx32ddpsky8z3bz4_r0000gn/T/tmpz77uubcq.cpp -o var/folders/ql/btm7z5tx32ddpsky8z3bz4_r0000gn/T/tmpz77uubcq.o -flto
      
      FreeType build system -- automatic system detection
      
      The following settings are used:
      
        platform                    unix
        compiler                    clang
        configuration directory     ./builds/unix
        configuration rules         ./builds/unix/unix.mk
      
      If this does not correspond to your system or settings please remove the file
      `config.mk' from this directory then read the INSTALL file for help.
      
      Otherwise, simply type `/Library/Developer/CommandLineTools/usr/bin/make' again to build the library,
      or `/Library/Developer/CommandLineTools/usr/bin/make refdoc' to build the API reference (this needs python >= 2.6).
      
      Generating modules list in ./objs/ftmodule.h...
      * module: truetype  (Windows/Mac font files with extension *.ttf or *.ttc)
      * module: type1     (Postscript font files with extension *.pfa or *.pfb)
      * module: cff       (OpenType fonts with extension *.otf)
      * module: cid       (Postscript CID-keyed fonts, no known extension)
      * module: pfr       (PFR/TrueDoc font files with extension *.pfr)
      * module: type42    (Type 42 font files with no known extension)
      * module: winfnt    (Windows bitmap fonts with extension *.fnt or *.fon)
      * module: pcf       (pcf bitmap fonts)
      * module: bdf       (bdf bitmap fonts)
      * module: sfnt      (helper module for TrueType & OpenType formats)
      * module: autofit   (automatic hinting module)
      * module: pshinter  (Postscript hinter module)
      * module: raster    (monochrome bitmap renderer)
      * module: smooth    (anti-aliased bitmap renderer)
      * module: smooth    (anti-aliased bitmap renderer for LCDs)
      * module: smooth    (anti-aliased bitmap renderer for vertical LCDs)
      * module: psaux     (Postscript Type 1 & Type 2 helper module)
      * module: psnames   (Postscript & Unicode Glyph name handling)
      done.
      cd builds/unix; \
                  ./configure  '--with-zlib=no' '--with-bzip2=no' '--with-png=no' '--with-harfbuzz=no' '--enable-static' '--disable-shared' '--host=aarch64-apple-darwin20.0.0'
      checking build system type... arm-apple-darwin24.6.0
      checking host system type... aarch64-apple-darwin20.0.0
      checking for aarch64-apple-darwin20.0.0-gcc... clang
      checking whether the C compiler works... yes
      checking for C compiler default output file name... a.out
      checking for suffix of executables...
      checking whether we are cross compiling... no
      checking for suffix of object files... o
      checking whether we are using the GNU C compiler... yes
      checking whether clang accepts -g... yes
      checking for clang option to accept ISO C89... none needed
      checking how to run the C preprocessor... clang -E
      checking for aarch64-apple-darwin20.0.0-pkg-config... no
      checking for pkg-config... no
      checking how to print strings... printf
      checking for a sed that does not truncate output... /usr/bin/sed
      checking for grep that handles long lines and -e... /usr/bin/grep
      checking for egrep... /usr/bin/grep -E
      checking for fgrep... /usr/bin/grep -F
      checking for ld used by clang... /Library/Developer/CommandLineTools/usr/bin/ld
      checking if the linker (/Library/Developer/CommandLineTools/usr/bin/ld) is GNU ld... no
      checking for BSD- or MS-compatible name lister (nm)... no
      checking for aarch64-apple-darwin20.0.0-dumpbin... no
      checking for aarch64-apple-darwin20.0.0-link... no
      checking for dumpbin... no
      checking for link... link -dump
      checking the name lister (nm) interface... BSD nm
      checking whether ln -s works... yes
      checking the maximum length of command line arguments... 786432
      checking how to convert arm-apple-darwin24.6.0 file names to aarch64-apple-darwin20.0.0 format... func_convert_file_noop
      checking how to convert arm-apple-darwin24.6.0 file names to toolchain format... func_convert_file_noop
      checking for /Library/Developer/CommandLineTools/usr/bin/ld option to reload object files... -r
      checking for aarch64-apple-darwin20.0.0-objdump... no
      checking for objdump... objdump
      checking how to recognize dependent libraries... pass_all
      checking for aarch64-apple-darwin20.0.0-dlltool... no
      checking for dlltool... no
      checking how to associate runtime and link libraries... printf %s\n
      checking for aarch64-apple-darwin20.0.0-ar... no
      checking for ar... ar
      checking for archiver @FILE support... no
      checking for aarch64-apple-darwin20.0.0-strip... no
      checking for strip... strip
      checking for aarch64-apple-darwin20.0.0-ranlib... no
      checking for ranlib... ranlib
      checking for gawk... no
      checking for mawk... no
      checking for nawk... no
      checking for awk... awk
      checking command to parse nm output from clang object... ok
      checking for sysroot... no
      checking for a working dd... /bin/dd
      checking how to truncate binary pipes... /bin/dd bs=4096 count=1
      checking for aarch64-apple-darwin20.0.0-mt... no
      checking for mt... no
      checking if : is a manifest tool... no
      checking for aarch64-apple-darwin20.0.0-dsymutil... no
      checking for dsymutil... dsymutil
      checking for aarch64-apple-darwin20.0.0-nmedit... no
      checking for nmedit... nmedit
      checking for aarch64-apple-darwin20.0.0-lipo... no
      checking for lipo... lipo
      checking for aarch64-apple-darwin20.0.0-otool... no
      checking for otool... otool
      checking for aarch64-apple-darwin20.0.0-otool64... no
      checking for otool64... no
      checking for -single_module linker flag... ld: warning: -single_module is obsolete
      no
      checking for -exported_symbols_list linker flag... yes
      checking for -force_load linker flag... no
      checking for ANSI C header files... yes
      checking for sys/types.h... yes
      checking for sys/stat.h... yes
      checking for stdlib.h... yes
      checking for string.h... yes
      checking for memory.h... yes
      checking for strings.h... yes
      checking for inttypes.h... yes
      checking for stdint.h... yes
      checking for unistd.h... yes
      checking for dlfcn.h... yes
      checking for objdir... .libs
      checking if clang supports -fno-rtti -fno-exceptions... yes
      checking for clang option to produce PIC... -fno-common -DPIC
      checking if clang PIC flag -fno-common -DPIC works... yes
      checking if clang static flag -static works... no
      checking if clang supports -c -o file.o... yes
      checking if clang supports -c -o file.o... (cached) yes
      checking whether the clang linker (/Library/Developer/CommandLineTools/usr/bin/ld) supports shared libraries... yes
      checking dynamic linker characteristics... darwin20.0.0 dyld
      checking how to hardcode library paths into programs... immediate
      checking whether stripping libraries is possible... yes
      checking if libtool supports shared libraries... yes
      checking whether to build shared libraries... no
      checking whether to build static libraries... yes
      checking for a BSD-compatible install... /usr/bin/install -c
      checking for a thread-safe mkdir -p... ./install-sh -c -d
      checking for ANSI C header files... (cached) yes
      checking fcntl.h usability... yes
      checking fcntl.h presence... yes
      checking for fcntl.h... yes
      checking for unistd.h... (cached) yes
      checking for an ANSI C-conforming const... yes
      checking size of int... 4
      checking size of long... 8
      checking whether cpp computation of bit length in ftconfig.in works... yes
      checking for stdlib.h... (cached) yes
      checking for unistd.h... (cached) yes
      checking for sys/param.h... yes
      checking for getpagesize... yes
      checking for working mmap... yes
      checking whether munmap is declared... yes
      checking for munmap's first parameter type... void *
      checking for memcpy... yes
      checking for memmove... yes
      checking gcc compiler flag -pedantic to assure ANSI C works correctly... ok, add it to XX_ANSIFLAGS
      checking gcc compiler flag -ansi to assure ANSI C works correctly... ok, add it to XX_ANSIFLAGS
      checking whether CFLAGS and LDFLAGS share -arch arm64... no, copy to LDFLAGS
      checking whether CFLAGS and LDFLAGS share -arch arm64... yes
      configure: creating ./config.status
      config.status: creating unix-cc.mk
      config.status: creating unix-def.mk
      config.status: creating ftconfig.h
      config.status: executing libtool commands
      configure:
      
      Library configuration:
        external zlib: no
        bzip2:         no
        libpng:        no
        harfbuzz:      no
      
      make: Nothing to be done for `unix'.
      ./builds/unix/libtool --mode=compile clang -pedantic -ansi -I/private/var/folders/ql/btm7z5tx32ddpsky8z3bz4_r0000gn/T/pip-install-ywsmtpx0/matplotlib_094d7ad14fef499d8433f18c2b0d42de/build/freetype-2.6.1/objs -I./builds/unix -I/private/var/folders/ql/btm7z5tx32ddpsky8z3bz4_r0000gn/T/pip-install-ywsmtpx0/matplotlib_094d7ad14fef499d8433f18c2b0d42de/build/freetype-2.6.1/include -fvisibility=hidden -flto -c -Wall -fno-strict-overflow -Wsign-compare -Wunreachable-code -DNDEBUG -O2 -Wall -fPIC  -O2  -isystem /Users/bakr/miniforge3/include -arch arm64  -fPIC  -O2  -isystem /Users/bakr/miniforge3/include -arch arm64  -fPIC -DDARWIN_NO_CARBON -DFT_CONFIG_CONFIG_H="<ftconfig.h>" -DFT2_BUILD_LIBRARY -DFT_CONFIG_MODULES_H="<ftmodule.h>"  -o /private/var/folders/ql/btm7z5tx32ddpsky8z3bz4_r0000gn/T/pip-install-ywsmtpx0/matplotlib_094d7ad14fef499d8433f18c2b0d42de/build/freetype-2.6.1/objs/ftsystem.lo builds/unix/ftsystem.c
      libtool: compile:  clang -pedantic -ansi -I/private/var/folders/ql/btm7z5tx32ddpsky8z3bz4_r0000gn/T/pip-install-ywsmtpx0/matplotlib_094d7ad14fef499d8433f18c2b0d42de/build/freetype-2.6.1/objs -I./builds/unix -I/private/var/folders/ql/btm7z5tx32ddpsky8z3bz4_r0000gn/T/pip-install-ywsmtpx0/matplotlib_094d7ad14fef499d8433f18c2b0d42de/build/freetype-2.6.1/include -fvisibility=hidden -flto -c -Wall -fno-strict-overflow -Wsign-compare -Wunreachable-code -DNDEBUG -O2 -Wall -fPIC -O2 -isystem /Users/bakr/miniforge3/include -arch arm64 -fPIC -O2 -isystem /Users/bakr/miniforge3/include -arch arm64 -fPIC -DDARWIN_NO_CARBON "-DFT_CONFIG_CONFIG_H=<ftconfig.h>" -DFT2_BUILD_LIBRARY "-DFT_CONFIG_MODULES_H=<ftmodule.h>" builds/unix/ftsystem.c -o /private/var/folders/ql/btm7z5tx32ddpsky8z3bz4_r0000gn/T/pip-install-ywsmtpx0/matplotlib_094d7ad14fef499d8433f18c2b0d42de/build/freetype-2.6.1/objs/ftsystem.o
      ./builds/unix/libtool --mode=compile clang -pedantic -ansi -I/private/var/folders/ql/btm7z5tx32ddpsky8z3bz4_r0000gn/T/pip-install-ywsmtpx0/matplotlib_094d7ad14fef499d8433f18c2b0d42de/build/freetype-2.6.1/objs -I./builds/unix -I/private/var/folders/ql/btm7z5tx32ddpsky8z3bz4_r0000gn/T/pip-install-ywsmtpx0/matplotlib_094d7ad14fef499d8433f18c2b0d42de/build/freetype-2.6.1/include -fvisibility=hidden -flto -c -Wall -fno-strict-overflow -Wsign-compare -Wunreachable-code -DNDEBUG -O2 -Wall -fPIC  -O2  -isystem /Users/bakr/miniforge3/include -arch arm64  -fPIC  -O2  -isystem /Users/bakr/miniforge3/include -arch arm64  -fPIC -DDARWIN_NO_CARBON -DFT_CONFIG_CONFIG_H="<ftconfig.h>" -DFT2_BUILD_LIBRARY -DFT_CONFIG_MODULES_H="<ftmodule.h>"  -o /private/var/folders/ql/btm7z5tx32ddpsky8z3bz4_r0000gn/T/pip-install-ywsmtpx0/matplotlib_094d7ad14fef499d8433f18c2b0d42de/build/freetype-2.6.1/objs/ftdebug.lo /private/var/folders/ql/btm7z5tx32ddpsky8z3bz4_r0000gn/T/pip-install-ywsmtpx0/matplotlib_094d7ad14fef499d8433f18c2b0d42de/build/freetype-2.6.1/src/base/ftdebug.c
      libtool: compile:  clang -pedantic -ansi -I/private/var/folders/ql/btm7z5tx32ddpsky8z3bz4_r0000gn/T/pip-install-ywsmtpx0/matplotlib_094d7ad14fef499d8433f18c2b0d42de/build/freetype-2.6.1/objs -I./builds/unix -I/private/var/folders/ql/btm7z5tx32ddpsky8z3bz4_r0000gn/T/pip-install-ywsmtpx0/matplotlib_094d7ad14fef499d8433f18c2b0d42de/build/freetype-2.6.1/include -fvisibility=hidden -flto -c -Wall -fno-strict-overflow -Wsign-compare -Wunreachable-code -DNDEBUG -O2 -Wall -fPIC -O2 -isystem /Users/bakr/miniforge3/include -arch arm64 -fPIC -O2 -isystem /Users/bakr/miniforge3/include -arch arm64 -fPIC -DDARWIN_NO_CARBON "-DFT_CONFIG_CONFIG_H=<ftconfig.h>" -DFT2_BUILD_LIBRARY "-DFT_CONFIG_MODULES_H=<ftmodule.h>" /private/var/folders/ql/btm7z5tx32ddpsky8z3bz4_r0000gn/T/pip-install-ywsmtpx0/matplotlib_094d7ad14fef499d8433f18c2b0d42de/build/freetype-2.6.1/src/base/ftdebug.c -o /private/var/folders/ql/btm7z5tx32ddpsky8z3bz4_r0000gn/T/pip-install-ywsmtpx0/matplotlib_094d7ad14fef499d8433f18c2b0d42de/build/freetype-2.6.1/objs/ftdebug.o
      ./builds/unix/libtool --mode=compile clang -pedantic -ansi -I/private/var/folders/ql/btm7z5tx32ddpsky8z3bz4_r0000gn/T/pip-install-ywsmtpx0/matplotlib_094d7ad14fef499d8433f18c2b0d42de/build/freetype-2.6.1/objs -I./builds/unix -I/private/var/folders/ql/btm7z5tx32ddpsky8z3bz4_r0000gn/T/pip-install-ywsmtpx0/matplotlib_094d7ad14fef499d8433f18c2b0d42de/build/freetype-2.6.1/include -fvisibility=hidden -flto -c -Wall -fno-strict-overflow -Wsign-compare -Wunreachable-code -DNDEBUG -O2 -Wall -fPIC  -O2  -isystem /Users/bakr/miniforge3/include -arch arm64  -fPIC  -O2  -isystem /Users/bakr/miniforge3/include -arch arm64  -fPIC -DDARWIN_NO_CARBON -DFT_CONFIG_CONFIG_H="<ftconfig.h>" -DFT2_BUILD_LIBRARY -DFT_CONFIG_MODULES_H="<ftmodule.h>"  -o /private/var/folders/ql/btm7z5tx32ddpsky8z3bz4_r0000gn/T/pip-install-ywsmtpx0/matplotlib_094d7ad14fef499d8433f18c2b0d42de/build/freetype-2.6.1/objs/ftinit.lo /private/var/folders/ql/btm7z5tx32ddpsky8z3bz4_r0000gn/T/pip-install-ywsmtpx0/matplotlib_094d7ad14fef499d8433f18c2b0d42de/build/freetype-2.6.1/src/base/ftinit.c
      libtool: compile:  clang -pedantic -ansi -I/private/var/folders/ql/btm7z5tx32ddpsky8z3bz4_r0000gn/T/pip-install-ywsmtpx0/matplotlib_094d7ad14fef499d8433f18c2b0d42de/build/freetype-2.6.1/objs -I./builds/unix -I/private/var/folders/ql/btm7z5tx32ddpsky8z3bz4_r0000gn/T/pip-install-ywsmtpx0/matplotlib_094d7ad14fef499d8433f18c2b0d42de/build/freetype-2.6.1/include -fvisibility=hidden -flto -c -Wall -fno-strict-overflow -Wsign-compare -Wunreachable-code -DNDEBUG -O2 -Wall -fPIC -O2 -isystem /Users/bakr/miniforge3/include -arch arm64 -fPIC -O2 -isystem /Users/bakr/miniforge3/include -arch arm64 -fPIC -DDARWIN_NO_CARBON "-DFT_CONFIG_CONFIG_H=<ftconfig.h>" -DFT2_BUILD_LIBRARY "-DFT_CONFIG_MODULES_H=<ftmodule.h>" /private/var/folders/ql/btm7z5tx32ddpsky8z3bz4_r0000gn/T/pip-install-ywsmtpx0/matplotlib_094d7ad14fef499d8433f18c2b0d42de/build/freetype-2.6.1/src/base/ftinit.c -o /private/var/folders/ql/btm7z5tx32ddpsky8z3bz4_r0000gn/T/pip-install-ywsmtpx0/matplotlib_094d7ad14fef499d8433f18c2b0d42de/build/freetype-2.6.1/objs/ftinit.o
      ./builds/unix/libtool --mode=compile clang -pedantic -ansi -I/private/var/folders/ql/btm7z5tx32ddpsky8z3bz4_r0000gn/T/pip-install-ywsmtpx0/matplotlib_094d7ad14fef499d8433f18c2b0d42de/build/freetype-2.6.1/src/base -I/private/var/folders/ql/btm7z5tx32ddpsky8z3bz4_r0000gn/T/pip-install-ywsmtpx0/matplotlib_094d7ad14fef499d8433f18c2b0d42de/build/freetype-2.6.1/objs -I./builds/unix -I/private/var/folders/ql/btm7z5tx32ddpsky8z3bz4_r0000gn/T/pip-install-ywsmtpx0/matplotlib_094d7ad14fef499d8433f18c2b0d42de/build/freetype-2.6.1/include -fvisibility=hidden -flto -c -Wall -fno-strict-overflow -Wsign-compare -Wunreachable-code -DNDEBUG -O2 -Wall -fPIC  -O2  -isystem /Users/bakr/miniforge3/include -arch arm64  -fPIC  -O2  -isystem /Users/bakr/miniforge3/include -arch arm64  -fPIC -DDARWIN_NO_CARBON -DFT_CONFIG_CONFIG_H="<ftconfig.h>" -DFT2_BUILD_LIBRARY -DFT_CONFIG_MODULES_H="<ftmodule.h>"  -o /private/var/folders/ql/btm7z5tx32ddpsky8z3bz4_r0000gn/T/pip-install-ywsmtpx0/matplotlib_094d7ad14fef499d8433f18c2b0d42de/build/freetype-2.6.1/objs/ftbase.lo /private/var/folders/ql/btm7z5tx32ddpsky8z3bz4_r0000gn/T/pip-install-ywsmtpx0/matplotlib_094d7ad14fef499d8433f18c2b0d42de/build/freetype-2.6.1/src/base/ftbase.c
      libtool: compile:  clang -pedantic -ansi -I/private/var/folders/ql/btm7z5tx32ddpsky8z3bz4_r0000gn/T/pip-install-ywsmtpx0/matplotlib_094d7ad14fef499d8433f18c2b0d42de/build/freetype-2.6.1/src/base -I/private/var/folders/ql/btm7z5tx32ddpsky8z3bz4_r0000gn/T/pip-install-ywsmtpx0/matplotlib_094d7ad14fef499d8433f18c2b0d42de/build/freetype-2.6.1/objs -I./builds/unix -I/private/var/folders/ql/btm7z5tx32ddpsky8z3bz4_r0000gn/T/pip-install-ywsmtpx0/matplotlib_094d7ad14fef499d8433f18c2b0d42de/build/freetype-2.6.1/include -fvisibility=hidden -flto -c -Wall -fno-strict-overflow -Wsign-compare -Wunreachable-code -DNDEBUG -O2 -Wall -fPIC -O2 -isystem /Users/bakr/miniforge3/include -arch arm64 -fPIC -O2 -isystem /Users/bakr/miniforge3/include -arch arm64 -fPIC -DDARWIN_NO_CARBON "-DFT_CONFIG_CONFIG_H=<ftconfig.h>" -DFT2_BUILD_LIBRARY "-DFT_CONFIG_MODULES_H=<ftmodule.h>" /private/var/folders/ql/btm7z5tx32ddpsky8z3bz4_r0000gn/T/pip-install-ywsmtpx0/matplotlib_094d7ad14fef499d8433f18c2b0d42de/build/freetype-2.6.1/src/base/ftbase.c -o /private/var/folders/ql/btm7z5tx32ddpsky8z3bz4_r0000gn/T/pip-install-ywsmtpx0/matplotlib_094d7ad14fef499d8433f18c2b0d42de/build/freetype-2.6.1/objs/ftbase.o
      ./builds/unix/libtool --mode=compile clang -pedantic -ansi -I/private/var/folders/ql/btm7z5tx32ddpsky8z3bz4_r0000gn/T/pip-install-ywsmtpx0/matplotlib_094d7ad14fef499d8433f18c2b0d42de/build/freetype-2.6.1/src/base -I/private/var/folders/ql/btm7z5tx32ddpsky8z3bz4_r0000gn/T/pip-install-ywsmtpx0/matplotlib_094d7ad14fef499d8433f18c2b0d42de/build/freetype-2.6.1/objs -I./builds/unix -I/private/var/folders/ql/btm7z5tx32ddpsky8z3bz4_r0000gn/T/pip-install-ywsmtpx0/matplotlib_094d7ad14fef499d8433f18c2b0d42de/build/freetype-2.6.1/include -fvisibility=hidden -flto -c -Wall -fno-strict-overflow -Wsign-compare -Wunreachable-code -DNDEBUG -O2 -Wall -fPIC  -O2  -isystem /Users/bakr/miniforge3/include -arch arm64  -fPIC  -O2  -isystem /Users/bakr/miniforge3/include -arch arm64  -fPIC -DDARWIN_NO_CARBON -DFT_CONFIG_CONFIG_H="<ftconfig.h>" -DFT2_BUILD_LIBRARY -DFT_CONFIG_MODULES_H="<ftmodule.h>"  -o /private/var/folders/ql/btm7z5tx32ddpsky8z3bz4_r0000gn/T/pip-install-ywsmtpx0/matplotlib_094d7ad14fef499d8433f18c2b0d42de/build/freetype-2.6.1/objs/ftbbox.lo /private/var/folders/ql/btm7z5tx32ddpsky8z3bz4_r0000gn/T/pip-install-ywsmtpx0/matplotlib_094d7ad14fef499d8433f18c2b0d42de/build/freetype-2.6.1/src/base/ftbbox.c
      libtool: compile:  clang -pedantic -ansi -I/private/var/folders/ql/btm7z5tx32ddpsky8z3bz4_r0000gn/T/pip-install-ywsmtpx0/matplotlib_094d7ad14fef499d8433f18c2b0d42de/build/freetype-2.6.1/src/base -I/private/var/folders/ql/btm7z5tx32ddpsky8z3bz4_r0000gn/T/pip-install-ywsmtpx0/matplotlib_094d7ad14fef499d8433f18c2b0d42de/build/freetype-2.6.1/objs -I./builds/unix -I/private/var/folders/ql/btm7z5tx32ddpsky8z3bz4_r0000gn/T/pip-install-ywsmtpx0/matplotlib_094d7ad14fef499d8433f18c2b0d42de/build/freetype-2.6.1/include -fvisibility=hidden -flto -c -Wall -fno-strict-overflow -Wsign-compare -Wunreachable-code -DNDEBUG -O2 -Wall -fPIC -O2 -isystem /Users/bakr/miniforge3/include -arch arm64 -fPIC -O2 -isystem /Users/bakr/miniforge3/include -arch arm64 -fPIC -DDARWIN_NO_CARBON "-DFT_CONFIG_CONFIG_H=<ftconfig.h>" -DFT2_BUILD_LIBRARY "-DFT_CONFIG_MODULES_H=<ftmodule.h>" /private/var/folders/ql/btm7z5tx32ddpsky8z3bz4_r0000gn/T/pip-install-ywsmtpx0/matplotlib_094d7ad14fef499d8433f18c2b0d42de/build/freetype-2.6.1/src/base/ftbbox.c -o /private/var/folders/ql/btm7z5tx32ddpsky8z3bz4_r0000gn/T/pip-install-ywsmtpx0/matplotlib_094d7ad14fef499d8433f18c2b0d42de/build/freetype-2.6.1/objs/ftbbox.o
      ./builds/unix/libtool --mode=compile clang -pedantic -ansi -I/private/var/folders/ql/btm7z5tx32ddpsky8z3bz4_r0000gn/T/pip-install-ywsmtpx0/matplotlib_094d7ad14fef499d8433f18c2b0d42de/build/freetype-2.6.1/src/base -I/private/var/folders/ql/btm7z5tx32ddpsky8z3bz4_r0000gn/T/pip-install-ywsmtpx0/matplotlib_094d7ad14fef499d8433f18c2b0d42de/build/freetype-2.6.1/objs -I./builds/unix -I/private/var/folders/ql/btm7z5tx32ddpsky8z3bz4_r0000gn/T/pip-install-ywsmtpx0/matplotlib_094d7ad14fef499d8433f18c2b0d42de/build/freetype-2.6.1/include -fvisibility=hidden -flto -c -Wall -fno-strict-overflow -Wsign-compare -Wunreachable-code -DNDEBUG -O2 -Wall -fPIC  -O2  -isystem /Users/bakr/miniforge3/include -arch arm64  -fPIC  -O2  -isystem /Users/bakr/miniforge3/include -arch arm64  -fPIC -DDARWIN_NO_CARBON -DFT_CONFIG_CONFIG_H="<ftconfig.h>" -DFT2_BUILD_LIBRARY -DFT_CONFIG_MODULES_H="<ftmodule.h>"  -o /private/var/folders/ql/btm7z5tx32ddpsky8z3bz4_r0000gn/T/pip-install-ywsmtpx0/matplotlib_094d7ad14fef499d8433f18c2b0d42de/build/freetype-2.6.1/objs/ftbdf.lo /private/var/folders/ql/btm7z5tx32ddpsky8z3bz4_r0000gn/T/pip-install-ywsmtpx0/matplotlib_094d7ad14fef499d8433f18c2b0d42de/build/freetype-2.6.1/src/base/ftbdf.c
      libtool: compile:  clang -pedantic -ansi -I/private/var/folders/ql/btm7z5tx32ddpsky8z3bz4_r0000gn/T/pip-install-ywsmtpx0/matplotlib_094d7ad14fef499d8433f18c2b0d42de/build/freetype-2.6.1/src/base -I/private/var/folders/ql/btm7z5tx32ddpsky8z3bz4_r0000gn/T/pip-install-ywsmtpx0/matplotlib_094d7ad14fef499d8433f18c2b0d42de/build/freetype-2.6.1/objs -I./builds/unix -I/private/var/folders/ql/btm7z5tx32ddpsky8z3bz4_r0000gn/T/pip-install-ywsmtpx0/matplotlib_094d7ad14fef499d8433f18c2b0d42de/build/freetype-2.6.1/include -fvisibility=hidden -flto -c -Wall -fno-strict-overflow -Wsign-compare -Wunreachable-code -DNDEBUG -O2 -Wall -fPIC -O2 -isystem /Users/bakr/miniforge3/include -arch arm64 -fPIC -O2 -isystem /Users/bakr/miniforge3/include -arch arm64 -fPIC -DDARWIN_NO_CARBON "-DFT_CONFIG_CONFIG_H=<ftconfig.h>" -DFT2_BUILD_LIBRARY "-DFT_CONFIG_MODULES_H=<ftmodule.h>" /private/var/folders/ql/btm7z5tx32ddpsky8z3bz4_r0000gn/T/pip-install-ywsmtpx0/matplotlib_094d7ad14fef499d8433f18c2b0d42de/build/freetype-2.6.1/src/base/ftbdf.c -o /private/var/folders/ql/btm7z5tx32ddpsky8z3bz4_r0000gn/T/pip-install-ywsmtpx0/matplotlib_094d7ad14fef499d8433f18c2b0d42de/build/freetype-2.6.1/objs/ftbdf.o
      ./builds/unix/libtool --mode=compile clang -pedantic -ansi -I/private/var/folders/ql/btm7z5tx32ddpsky8z3bz4_r0000gn/T/pip-install-ywsmtpx0/matplotlib_094d7ad14fef499d8433f18c2b0d42de/build/freetype-2.6.1/src/base -I/private/var/folders/ql/btm7z5tx32ddpsky8z3bz4_r0000gn/T/pip-install-ywsmtpx0/matplotlib_094d7ad14fef499d8433f18c2b0d42de/build/freetype-2.6.1/objs -I./builds/unix -I/private/var/folders/ql/btm7z5tx32ddpsky8z3bz4_r0000gn/T/pip-install-ywsmtpx0/matplotlib_094d7ad14fef499d8433f18c2b0d42de/build/freetype-2.6.1/include -fvisibility=hidden -flto -c -Wall -fno-strict-overflow -Wsign-compare -Wunreachable-code -DNDEBUG -O2 -Wall -fPIC  -O2  -isystem /Users/bakr/miniforge3/include -arch arm64  -fPIC  -O2  -isystem /Users/bakr/miniforge3/include -arch arm64  -fPIC -DDARWIN_NO_CARBON -DFT_CONFIG_CONFIG_H="<ftconfig.h>" -DFT2_BUILD_LIBRARY -DFT_CONFIG_MODULES_H="<ftmodule.h>"  -o /private/var/folders/ql/btm7z5tx32ddpsky8z3bz4_r0000gn/T/pip-install-ywsmtpx0/matplotlib_094d7ad14fef499d8433f18c2b0d42de/build/freetype-2.6.1/objs/ftbitmap.lo /private/var/folders/ql/btm7z5tx32ddpsky8z3bz4_r0000gn/T/pip-install-ywsmtpx0/matplotlib_094d7ad14fef499d8433f18c2b0d42de/build/freetype-2.6.1/src/base/ftbitmap.c
      libtool: compile:  clang -pedantic -ansi -I/private/var/folders/ql/btm7z5tx32ddpsky8z3bz4_r0000gn/T/pip-install-ywsmtpx0/matplotlib_094d7ad14fef499d8433f18c2b0d42de/build/freetype-2.6.1/src/base -I/private/var/folders/ql/btm7z5tx32ddpsky8z3bz4_r0000gn/T/pip-install-ywsmtpx0/matplotlib_094d7ad14fef499d8433f18c2b0d42de/build/freetype-2.6.1/objs -I./builds/unix -I/private/var/folders/ql/btm7z5tx32ddpsky8z3bz4_r0000gn/T/pip-install-ywsmtpx0/matplotlib_094d7ad14fef499d8433f18c2b0d42de/build/freetype-2.6.1/include -fvisibility=hidden -flto -c -Wall -fno-strict-overflow -Wsign-compare -Wunreachable-code -DNDEBUG -O2 -Wall -fPIC -O2 -isystem /Users/bakr/miniforge3/include -arch arm64 -fPIC -O2 -isystem /Users/bakr/miniforge3/include -arch arm64 -fPIC -DDARWIN_NO_CARBON "-DFT_CONFIG_CONFIG_H=<ftconfig.h>" -DFT2_BUILD_LIBRARY "-DFT_CONFIG_MODULES_H=<ftmodule.h>" /private/var/folders/ql/btm7z5tx32ddpsky8z3bz4_r0000gn/T/pip-install-ywsmtpx0/matplotlib_094d7ad14fef499d8433f18c2b0d42de/build/freetype-2.6.1/src/base/ftbitmap.c -o /private/var/folders/ql/btm7z5tx32ddpsky8z3bz4_r0000gn/T/pip-install-ywsmtpx0/matplotlib_094d7ad14fef499d8433f18c2b0d42de/build/freetype-2.6.1/objs/ftbitmap.o
      ./builds/unix/libtool --mode=compile clang -pedantic -ansi -I/private/var/folders/ql/btm7z5tx32ddpsky8z3bz4_r0000gn/T/pip-install-ywsmtpx0/matplotlib_094d7ad14fef499d8433f18c2b0d42de/build/freetype-2.6.1/src/base -I/private/var/folders/ql/btm7z5tx32ddpsky8z3bz4_r0000gn/T/pip-install-ywsmtpx0/matplotlib_094d7ad14fef499d8433f18c2b0d42de/build/freetype-2.6.1/objs -I./builds/unix -I/private/var/folders/ql/btm7z5tx32ddpsky8z3bz4_r0000gn/T/pip-install-ywsmtpx0/matplotlib_094d7ad14fef499d8433f18c2b0d42de/build/freetype-2.6.1/include -fvisibility=hidden -flto -c -Wall -fno-strict-overflow -Wsign-compare -Wunreachable-code -DNDEBUG -O2 -Wall -fPIC  -O2  -isystem /Users/bakr/miniforge3/include -arch arm64  -fPIC  -O2  -isystem /Users/bakr/miniforge3/include -arch arm64  -fPIC -DDARWIN_NO_CARBON -DFT_CONFIG_CONFIG_H="<ftconfig.h>" -DFT2_BUILD_LIBRARY -DFT_CONFIG_MODULES_H="<ftmodule.h>"  -o /private/var/folders/ql/btm7z5tx32ddpsky8z3bz4_r0000gn/T/pip-install-ywsmtpx0/matplotlib_094d7ad14fef499d8433f18c2b0d42de/build/freetype-2.6.1/objs/ftcid.lo /private/var/folders/ql/btm7z5tx32ddpsky8z3bz4_r0000gn/T/pip-install-ywsmtpx0/matplotlib_094d7ad14fef499d8433f18c2b0d42de/build/freetype-2.6.1/src/base/ftcid.c
      libtool: compile:  clang -pedantic -ansi -I/private/var/folders/ql/btm7z5tx32ddpsky8z3bz4_r0000gn/T/pip-install-ywsmtpx0/matplotlib_094d7ad14fef499d8433f18c2b0d42de/build/freetype-2.6.1/src/base -I/private/var/folders/ql/btm7z5tx32ddpsky8z3bz4_r0000gn/T/pip-install-ywsmtpx0/matplotlib_094d7ad14fef499d8433f18c2b0d42de/build/freetype-2.6.1/objs -I./builds/unix -I/private/var/folders/ql/btm7z5tx32ddpsky8z3bz4_r0000gn/T/pip-install-ywsmtpx0/matplotlib_094d7ad14fef499d8433f18c2b0d42de/build/freetype-2.6.1/include -fvisibility=hidden -flto -c -Wall -fno-strict-overflow -Wsign-compare -Wunreachable-code -DNDEBUG -O2 -Wall -fPIC -O2 -isystem /Users/bakr/miniforge3/include -arch arm64 -fPIC -O2 -isystem /Users/bakr/miniforge3/include -arch arm64 -fPIC -DDARWIN_NO_CARBON "-DFT_CONFIG_CONFIG_H=<ftconfig.h>" -DFT2_BUILD_LIBRARY "-DFT_CONFIG_MODULES_H=<ftmodule.h>" /private/var/folders/ql/btm7z5tx32ddpsky8z3bz4_r0000gn/T/pip-install-ywsmtpx0/matplotlib_094d7ad14fef499d8433f18c2b0d42de/build/freetype-2.6.1/src/base/ftcid.c -o /private/var/folders/ql/btm7z5tx32ddpsky8z3bz4_r0000gn/T/pip-install-ywsmtpx0/matplotlib_094d7ad14fef499d8433f18c2b0d42de/build/freetype-2.6.1/objs/ftcid.o
      ./builds/unix/libtool --mode=compile clang -pedantic -ansi -I/private/var/folders/ql/btm7z5tx32ddpsky8z3bz4_r0000gn/T/pip-install-ywsmtpx0/matplotlib_094d7ad14fef499d8433f18c2b0d42de/build/freetype-2.6.1/src/base -I/private/var/folders/ql/btm7z5tx32ddpsky8z3bz4_r0000gn/T/pip-install-ywsmtpx0/matplotlib_094d7ad14fef499d8433f18c2b0d42de/build/freetype-2.6.1/objs -I./builds/unix -I/private/var/folders/ql/btm7z5tx32ddpsky8z3bz4_r0000gn/T/pip-install-ywsmtpx0/matplotlib_094d7ad14fef499d8433f18c2b0d42de/build/freetype-2.6.1/include -fvisibility=hidden -flto -c -Wall -fno-strict-overflow -Wsign-compare -Wunreachable-code -DNDEBUG -O2 -Wall -fPIC  -O2  -isystem /Users/bakr/miniforge3/include -arch arm64  -fPIC  -O2  -isystem /Users/bakr/miniforge3/include -arch arm64  -fPIC -DDARWIN_NO_CARBON -DFT_CONFIG_CONFIG_H="<ftconfig.h>" -DFT2_BUILD_LIBRARY -DFT_CONFIG_MODULES_H="<ftmodule.h>"  -o /private/var/folders/ql/btm7z5tx32ddpsky8z3bz4_r0000gn/T/pip-install-ywsmtpx0/matplotlib_094d7ad14fef499d8433f18c2b0d42de/build/freetype-2.6.1/objs/ftfntfmt.lo /private/var/folders/ql/btm7z5tx32ddpsky8z3bz4_r0000gn/T/pip-install-ywsmtpx0/matplotlib_094d7ad14fef499d8433f18c2b0d42de/build/freetype-2.6.1/src/base/ftfntfmt.c
      libtool: compile:  clang -pedantic -ansi -I/private/var/folders/ql/btm7z5tx32ddpsky8z3bz4_r0000gn/T/pip-install-ywsmtpx0/matplotlib_094d7ad14fef499d8433f18c2b0d42de/build/freetype-2.6.1/src/base -I/private/var/folders/ql/btm7z5tx32ddpsky8z3bz4_r0000gn/T/pip-install-ywsmtpx0/matplotlib_094d7ad14fef499d8433f18c2b0d42de/build/freetype-2.6.1/objs -I./builds/unix -I/private/var/folders/ql/btm7z5tx32ddpsky8z3bz4_r0000gn/T/pip-install-ywsmtpx0/matplotlib_094d7ad14fef499d8433f18c2b0d42de/build/freetype-2.6.1/include -fvisibility=hidden -flto -c -Wall -fno-strict-overflow -Wsign-compare -Wunreachable-code -DNDEBUG -O2 -Wall -fPIC -O2 -isystem /Users/bakr/miniforge3/include -arch arm64 -fPIC -O2 -isystem /Users/bakr/miniforge3/include -arch arm64 -fPIC -DDARWIN_NO_CARBON "-DFT_CONFIG_CONFIG_H=<ftconfig.h>" -DFT2_BUILD_LIBRARY "-DFT_CONFIG_MODULES_H=<ftmodule.h>" /private/var/folders/ql/btm7z5tx32ddpsky8z3bz4_r0000gn/T/pip-install-ywsmtpx0/matplotlib_094d7ad14fef499d8433f18c2b0d42de/build/freetype-2.6.1/src/base/ftfntfmt.c -o /private/var/folders/ql/btm7z5tx32ddpsky8z3bz4_r0000gn/T/pip-install-ywsmtpx0/matplotlib_094d7ad14fef499d8433f18c2b0d42de/build/freetype-2.6.1/objs/ftfntfmt.o
      ./builds/unix/libtool --mode=compile clang -pedantic -ansi -I/private/var/folders/ql/btm7z5tx32ddpsky8z3bz4_r0000gn/T/pip-install-ywsmtpx0/matplotlib_094d7ad14fef499d8433f18c2b0d42de/build/freetype-2.6.1/src/base -I/private/var/folders/ql/btm7z5tx32ddpsky8z3bz4_r0000gn/T/pip-install-ywsmtpx0/matplotlib_094d7ad14fef499d8433f18c2b0d42de/build/freetype-2.6.1/objs -I./builds/unix -I/private/var/folders/ql/btm7z5tx32ddpsky8z3bz4_r0000gn/T/pip-install-ywsmtpx0/matplotlib_094d7ad14fef499d8433f18c2b0d42de/build/freetype-2.6.1/include -fvisibility=hidden -flto -c -Wall -fno-strict-overflow -Wsign-compare -Wunreachable-code -DNDEBUG -O2 -Wall -fPIC  -O2  -isystem /Users/bakr/miniforge3/include -arch arm64  -fPIC  -O2  -isystem /Users/bakr/miniforge3/include -arch arm64  -fPIC -DDARWIN_NO_CARBON -DFT_CONFIG_CONFIG_H="<ftconfig.h>" -DFT2_BUILD_LIBRARY -DFT_CONFIG_MODULES_H="<ftmodule.h>"  -o /private/var/folders/ql/btm7z5tx32ddpsky8z3bz4_r0000gn/T/pip-install-ywsmtpx0/matplotlib_094d7ad14fef499d8433f18c2b0d42de/build/freetype-2.6.1/objs/ftfstype.lo /private/var/folders/ql/btm7z5tx32ddpsky8z3bz4_r0000gn/T/pip-install-ywsmtpx0/matplotlib_094d7ad14fef499d8433f18c2b0d42de/build/freetype-2.6.1/src/base/ftfstype.c
      libtool: compile:  clang -pedantic -ansi -I/private/var/folders/ql/btm7z5tx32ddpsky8z3bz4_r0000gn/T/pip-install-ywsmtpx0/matplotlib_094d7ad14fef499d8433f18c2b0d42de/build/freetype-2.6.1/src/base -I/private/var/folders/ql/btm7z5tx32ddpsky8z3bz4_r0000gn/T/pip-install-ywsmtpx0/matplotlib_094d7ad14fef499d8433f18c2b0d42de/build/freetype-2.6.1/objs -I./builds/unix -I/private/var/folders/ql/btm7z5tx32ddpsky8z3bz4_r0000gn/T/pip-install-ywsmtpx0/matplotlib_094d7ad14fef499d8433f18c2b0d42de/build/freetype-2.6.1/include -fvisibility=hidden -flto -c -Wall -fno-strict-overflow -Wsign-compare -Wunreachable-code -DNDEBUG -O2 -Wall -fPIC -O2 -isystem /Users/bakr/miniforge3/include -arch arm64 -fPIC -O2 -isystem /Users/bakr/miniforge3/include -arch arm64 -fPIC -DDARWIN_NO_CARBON "-DFT_CONFIG_CONFIG_H=<ftconfig.h>" -DFT2_BUILD_LIBRARY "-DFT_CONFIG_MODULES_H=<ftmodule.h>" /private/var/folders/ql/btm7z5tx32ddpsky8z3bz4_r0000gn/T/pip-install-ywsmtpx0/matplotlib_094d7ad14fef499d8433f18c2b0d42de/build/freetype-2.6.1/src/base/ftfstype.c -o /private/var/folders/ql/btm7z5tx32ddpsky8z3bz4_r0000gn/T/pip-install-ywsmtpx0/matplotlib_094d7ad14fef499d8433f18c2b0d42de/build/freetype-2.6.1/objs/ftfstype.o
      ./builds/unix/libtool --mode=compile clang -pedantic -ansi -I/private/var/folders/ql/btm7z5tx32ddpsky8z3bz4_r0000gn/T/pip-install-ywsmtpx0/matplotlib_094d7ad14fef499d8433f18c2b0d42de/build/freetype-2.6.1/src/base -I/private/var/folders/ql/btm7z5tx32ddpsky8z3bz4_r0000gn/T/pip-install-ywsmtpx0/matplotlib_094d7ad14fef499d8433f18c2b0d42de/build/freetype-2.6.1/objs -I./builds/unix -I/private/var/folders/ql/btm7z5tx32ddpsky8z3bz4_r0000gn/T/pip-install-ywsmtpx0/matplotlib_094d7ad14fef499d8433f18c2b0d42de/build/freetype-2.6.1/include -fvisibility=hidden -flto -c -Wall -fno-strict-overflow -Wsign-compare -Wunreachable-code -DNDEBUG -O2 -Wall -fPIC  -O2  -isystem /Users/bakr/miniforge3/include -arch arm64  -fPIC  -O2  -isystem /Users/bakr/miniforge3/include -arch arm64  -fPIC -DDARWIN_NO_CARBON -DFT_CONFIG_CONFIG_H="<ftconfig.h>" -DFT2_BUILD_LIBRARY -DFT_CONFIG_MODULES_H="<ftmodule.h>"  -o /private/var/folders/ql/btm7z5tx32ddpsky8z3bz4_r0000gn/T/pip-install-ywsmtpx0/matplotlib_094d7ad14fef499d8433f18c2b0d42de/build/freetype-2.6.1/objs/ftgasp.lo /private/var/folders/ql/btm7z5tx32ddpsky8z3bz4_r0000gn/T/pip-install-ywsmtpx0/matplotlib_094d7ad14fef499d8433f18c2b0d42de/build/freetype-2.6.1/src/base/ftgasp.c
      libtool: compile:  clang -pedantic -ansi -I/private/var/folders/ql/btm7z5tx32ddpsky8z3bz4_r0000gn/T/pip-install-ywsmtpx0/matplotlib_094d7ad14fef499d8433f18c2b0d42de/build/freetype-2.6.1/src/base -I/private/var/folders/ql/btm7z5tx32ddpsky8z3bz4_r0000gn/T/pip-install-ywsmtpx0/matplotlib_094d7ad14fef499d8433f18c2b0d42de/build/freetype-2.6.1/objs -I./builds/unix -I/private/var/folders/ql/btm7z5tx32ddpsky8z3bz4_r0000gn/T/pip-install-ywsmtpx0/matplotlib_094d7ad14fef499d8433f18c2b0d42de/build/freetype-2.6.1/include -fvisibility=hidden -flto -c -Wall -fno-strict-overflow -Wsign-compare -Wunreachable-code -DNDEBUG -O2 -Wall -fPIC -O2 -isystem /Users/bakr/miniforge3/include -arch arm64 -fPIC -O2 -isystem /Users/bakr/miniforge3/include -arch arm64 -fPIC -DDARWIN_NO_CARBON "-DFT_CONFIG_CONFIG_H=<ftconfig.h>" -DFT2_BUILD_LIBRARY "-DFT_CONFIG_MODULES_H=<ftmodule.h>" /private/var/folders/ql/btm7z5tx32ddpsky8z3bz4_r0000gn/T/pip-install-ywsmtpx0/matplotlib_094d7ad14fef499d8433f18c2b0d42de/build/freetype-2.6.1/src/base/ftgasp.c -o /private/var/folders/ql/btm7z5tx32ddpsky8z3bz4_r0000gn/T/pip-install-ywsmtpx0/matplotlib_094d7ad14fef499d8433f18c2b0d42de/build/freetype-2.6.1/objs/ftgasp.o
      ./builds/unix/libtool --mode=compile clang -pedantic -ansi -I/private/var/folders/ql/btm7z5tx32ddpsky8z3bz4_r0000gn/T/pip-install-ywsmtpx0/matplotlib_094d7ad14fef499d8433f18c2b0d42de/build/freetype-2.6.1/src/base -I/private/var/folders/ql/btm7z5tx32ddpsky8z3bz4_r0000gn/T/pip-install-ywsmtpx0/matplotlib_094d7ad14fef499d8433f18c2b0d42de/build/freetype-2.6.1/objs -I./builds/unix -I/private/var/folders/ql/btm7z5tx32ddpsky8z3bz4_r0000gn/T/pip-install-ywsmtpx0/matplotlib_094d7ad14fef499d8433f18c2b0d42de/build/freetype-2.6.1/include -fvisibility=hidden -flto -c -Wall -fno-strict-overflow -Wsign-compare -Wunreachable-code -DNDEBUG -O2 -Wall -fPIC  -O2  -isystem /Users/bakr/miniforge3/include -arch arm64  -fPIC  -O2  -isystem /Users/bakr/miniforge3/include -arch arm64  -fPIC -DDARWIN_NO_CARBON -DFT_CONFIG_CONFIG_H="<ftconfig.h>" -DFT2_BUILD_LIBRARY -DFT_CONFIG_MODULES_H="<ftmodule.h>"  -o /private/var/folders/ql/btm7z5tx32ddpsky8z3bz4_r0000gn/T/pip-install-ywsmtpx0/matplotlib_094d7ad14fef499d8433f18c2b0d42de/build/freetype-2.6.1/objs/ftglyph.lo /private/var/folders/ql/btm7z5tx32ddpsky8z3bz4_r0000gn/T/pip-install-ywsmtpx0/matplotlib_094d7ad14fef499d8433f18c2b0d42de/build/freetype-2.6.1/src/base/ftglyph.c
      libtool: compile:  clang -pedantic -ansi -I/private/var/folders/ql/btm7z5tx32ddpsky8z3bz4_r0000gn/T/pip-install-ywsmtpx0/matplotlib_094d7ad14fef499d8433f18c2b0d42de/build/freetype-2.6.1/src/base -I/private/var/folders/ql/btm7z5tx32ddpsky8z3bz4_r0000gn/T/pip-install-ywsmtpx0/matplotlib_094d7ad14fef499d8433f18c2b0d42de/build/freetype-2.6.1/objs -I./builds/unix -I/private/var/folders/ql/btm7z5tx32ddpsky8z3bz4_r0000gn/T/pip-install-ywsmtpx0/matplotlib_094d7ad14fef499d8433f18c2b0d42de/build/freetype-2.6.1/include -fvisibility=hidden -flto -c -Wall -fno-strict-overflow -Wsign-compare -Wunreachable-code -DNDEBUG -O2 -Wall -fPIC -O2 -isystem /Users/bakr/miniforge3/include -arch arm64 -fPIC -O2 -isystem /Users/bakr/miniforge3/include -arch arm64 -fPIC -DDARWIN_NO_CARBON "-DFT_CONFIG_CONFIG_H=<ftconfig.h>" -DFT2_BUILD_LIBRARY "-DFT_CONFIG_MODULES_H=<ftmodule.h>" /private/var/folders/ql/btm7z5tx32ddpsky8z3bz4_r0000gn/T/pip-install-ywsmtpx0/matplotlib_094d7ad14fef499d8433f18c2b0d42de/build/freetype-2.6.1/src/base/ftglyph.c -o /private/var/folders/ql/btm7z5tx32ddpsky8z3bz4_r0000gn/T/pip-install-ywsmtpx0/matplotlib_094d7ad14fef499d8433f18c2b0d42de/build/freetype-2.6.1/objs/ftglyph.o
      ./builds/unix/libtool --mode=compile clang -pedantic -ansi -I/private/var/folders/ql/btm7z5tx32ddpsky8z3bz4_r0000gn/T/pip-install-ywsmtpx0/matplotlib_094d7ad14fef499d8433f18c2b0d42de/build/freetype-2.6.1/src/base -I/private/var/folders/ql/btm7z5tx32ddpsky8z3bz4_r0000gn/T/pip-install-ywsmtpx0/matplotlib_094d7ad14fef499d8433f18c2b0d42de/build/freetype-2.6.1/objs -I./builds/unix -I/private/var/folders/ql/btm7z5tx32ddpsky8z3bz4_r0000gn/T/pip-install-ywsmtpx0/matplotlib_094d7ad14fef499d8433f18c2b0d42de/build/freetype-2.6.1/include -fvisibility=hidden -flto -c -Wall -fno-strict-overflow -Wsign-compare -Wunreachable-code -DNDEBUG -O2 -Wall -fPIC  -O2  -isystem /Users/bakr/miniforge3/include -arch arm64  -fPIC  -O2  -isystem /Users/bakr/miniforge3/include -arch arm64  -fPIC -DDARWIN_NO_CARBON -DFT_CONFIG_CONFIG_H="<ftconfig.h>" -DFT2_BUILD_LIBRARY -DFT_CONFIG_MODULES_H="<ftmodule.h>"  -o /private/var/folders/ql/btm7z5tx32ddpsky8z3bz4_r0000gn/T/pip-install-ywsmtpx0/matplotlib_094d7ad14fef499d8433f18c2b0d42de/build/freetype-2.6.1/objs/ftgxval.lo /private/var/folders/ql/btm7z5tx32ddpsky8z3bz4_r0000gn/T/pip-install-ywsmtpx0/matplotlib_094d7ad14fef499d8433f18c2b0d42de/build/freetype-2.6.1/src/base/ftgxval.c
      libtool: compile:  clang -pedantic -ansi -I/private/var/folders/ql/btm7z5tx32ddpsky8z3bz4_r0000gn/T/pip-install-ywsmtpx0/matplotlib_094d7ad14fef499d8433f18c2b0d42de/build/freetype-2.6.1/src/base -I/private/var/folders/ql/btm7z5tx32ddpsky8z3bz4_r0000gn/T/pip-install-ywsmtpx0/matplotlib_094d7ad14fef499d8433f18c2b0d42de/build/freetype-2.6.1/objs -I./builds/unix -I/private/var/folders/ql/btm7z5tx32ddpsky8z3bz4_r0000gn/T/pip-install-ywsmtpx0/matplotlib_094d7ad14fef499d8433f18c2b0d42de/build/freetype-2.6.1/include -fvisibility=hidden -flto -c -Wall -fno-strict-overflow -Wsign-compare -Wunreachable-code -DNDEBUG -O2 -Wall -fPIC -O2 -isystem /Users/bakr/miniforge3/include -arch arm64 -fPIC -O2 -isystem /Users/bakr/miniforge3/include -arch arm64 -fPIC -DDARWIN_NO_CARBON "-DFT_CONFIG_CONFIG_H=<ftconfig.h>" -DFT2_BUILD_LIBRARY "-DFT_CONFIG_MODULES_H=<ftmodule.h>" /private/var/folders/ql/btm7z5tx32ddpsky8z3bz4_r0000gn/T/pip-install-ywsmtpx0/matplotlib_094d7ad14fef499d8433f18c2b0d42de/build/freetype-2.6.1/src/base/ftgxval.c -o /private/var/folders/ql/btm7z5tx32ddpsky8z3bz4_r0000gn/T/pip-install-ywsmtpx0/matplotlib_094d7ad14fef499d8433f18c2b0d42de/build/freetype-2.6.1/objs/ftgxval.o
      ./builds/unix/libtool --mode=compile clang -pedantic -ansi -I/private/var/folders/ql/btm7z5tx32ddpsky8z3bz4_r0000gn/T/pip-install-ywsmtpx0/matplotlib_094d7ad14fef499d8433f18c2b0d42de/build/freetype-2.6.1/src/base -I/private/var/folders/ql/btm7z5tx32ddpsky8z3bz4_r0000gn/T/pip-install-ywsmtpx0/matplotlib_094d7ad14fef499d8433f18c2b0d42de/build/freetype-2.6.1/objs -I./builds/unix -I/private/var/folders/ql/btm7z5tx32ddpsky8z3bz4_r0000gn/T/pip-install-ywsmtpx0/matplotlib_094d7ad14fef499d8433f18c2b0d42de/build/freetype-2.6.1/include -fvisibility=hidden -flto -c -Wall -fno-strict-overflow -Wsign-compare -Wunreachable-code -DNDEBUG -O2 -Wall -fPIC  -O2  -isystem /Users/bakr/miniforge3/include -arch arm64  -fPIC  -O2  -isystem /Users/bakr/miniforge3/include -arch arm64  -fPIC -DDARWIN_NO_CARBON -DFT_CONFIG_CONFIG_H="<ftconfig.h>" -DFT2_BUILD_LIBRARY -DFT_CONFIG_MODULES_H="<ftmodule.h>"  -o /private/var/folders/ql/btm7z5tx32ddpsky8z3bz4_r0000gn/T/pip-install-ywsmtpx0/matplotlib_094d7ad14fef499d8433f18c2b0d42de/build/freetype-2.6.1/objs/ftlcdfil.lo /private/var/folders/ql/btm7z5tx32ddpsky8z3bz4_r0000gn/T/pip-install-ywsmtpx0/matplotlib_094d7ad14fef499d8433f18c2b0d42de/build/freetype-2.6.1/src/base/ftlcdfil.c
      libtool: compile:  clang -pedantic -ansi -I/private/var/folders/ql/btm7z5tx32ddpsky8z3bz4_r0000gn/T/pip-install-ywsmtpx0/matplotlib_094d7ad14fef499d8433f18c2b0d42de/build/freetype-2.6.1/src/base -I/private/var/folders/ql/btm7z5tx32ddpsky8z3bz4_r0000gn/T/pip-install-ywsmtpx0/matplotlib_094d7ad14fef499d8433f18c2b0d42de/build/freetype-2.6.1/objs -I./builds/unix -I/private/var/folders/ql/btm7z5tx32ddpsky8z3bz4_r0000gn/T/pip-install-ywsmtpx0/matplotlib_094d7ad14fef499d8433f18c2b0d42de/build/freetype-2.6.1/include -fvisibility=hidden -flto -c -Wall -fno-strict-overflow -Wsign-compare -Wunreachable-code -DNDEBUG -O2 -Wall -fPIC -O2 -isystem /Users/bakr/miniforge3/include -arch arm64 -fPIC -O2 -isystem /Users/bakr/miniforge3/include -arch arm64 -fPIC -DDARWIN_NO_CARBON "-DFT_CONFIG_CONFIG_H=<ftconfig.h>" -DFT2_BUILD_LIBRARY "-DFT_CONFIG_MODULES_H=<ftmodule.h>" /private/var/folders/ql/btm7z5tx32ddpsky8z3bz4_r0000gn/T/pip-install-ywsmtpx0/matplotlib_094d7ad14fef499d8433f18c2b0d42de/build/freetype-2.6.1/src/base/ftlcdfil.c -o /private/var/folders/ql/btm7z5tx32ddpsky8z3bz4_r0000gn/T/pip-install-ywsmtpx0/matplotlib_094d7ad14fef499d8433f18c2b0d42de/build/freetype-2.6.1/objs/ftlcdfil.o
      ./builds/unix/libtool --mode=compile clang -pedantic -ansi -I/private/var/folders/ql/btm7z5tx32ddpsky8z3bz4_r0000gn/T/pip-install-ywsmtpx0/matplotlib_094d7ad14fef499d8433f18c2b0d42de/build/freetype-2.6.1/src/base -I/private/var/folders/ql/btm7z5tx32ddpsky8z3bz4_r0000gn/T/pip-install-ywsmtpx0/matplotlib_094d7ad14fef499d8433f18c2b0d42de/build/freetype-2.6.1/objs -I./builds/unix -I/private/var/folders/ql/btm7z5tx32ddpsky8z3bz4_r0000gn/T/pip-install-ywsmtpx0/matplotlib_094d7ad14fef499d8433f18c2b0d42de/build/freetype-2.6.1/include -fvisibility=hidden -flto -c -Wall -fno-strict-overflow -Wsign-compare -Wunreachable-code -DNDEBUG -O2 -Wall -fPIC  -O2  -isystem /Users/bakr/miniforge3/include -arch arm64  -fPIC  -O2  -isystem /Users/bakr/miniforge3/include -arch arm64  -fPIC -DDARWIN_NO_CARBON -DFT_CONFIG_CONFIG_H="<ftconfig.h>" -DFT2_BUILD_LIBRARY -DFT_CONFIG_MODULES_H="<ftmodule.h>"  -o /private/var/folders/ql/btm7z5tx32ddpsky8z3bz4_r0000gn/T/pip-install-ywsmtpx0/matplotlib_094d7ad14fef499d8433f18c2b0d42de/build/freetype-2.6.1/objs/ftmm.lo /private/var/folders/ql/btm7z5tx32ddpsky8z3bz4_r0000gn/T/pip-install-ywsmtpx0/matplotlib_094d7ad14fef499d8433f18c2b0d42de/build/freetype-2.6.1/src/base/ftmm.c
      libtool: compile:  clang -pedantic -ansi -I/private/var/folders/ql/btm7z5tx32ddpsky8z3bz4_r0000gn/T/pip-install-ywsmtpx0/matplotlib_094d7ad14fef499d8433f18c2b0d42de/build/freetype-2.6.1/src/base -I/private/var/folders/ql/btm7z5tx32ddpsky8z3bz4_r0000gn/T/pip-install-ywsmtpx0/matplotlib_094d7ad14fef499d8433f18c2b0d42de/build/freetype-2.6.1/objs -I./builds/unix -I/private/var/folders/ql/btm7z5tx32ddpsky8z3bz4_r0000gn/T/pip-install-ywsmtpx0/matplotlib_094d7ad14fef499d8433f18c2b0d42de/build/freetype-2.6.1/include -fvisibility=hidden -flto -c -Wall -fno-strict-overflow -Wsign-compare -Wunreachable-code -DNDEBUG -O2 -Wall -fPIC -O2 -isystem /Users/bakr/miniforge3/include -arch arm64 -fPIC -O2 -isystem /Users/bakr/miniforge3/include -arch arm64 -fPIC -DDARWIN_NO_CARBON "-DFT_CONFIG_CONFIG_H=<ftconfig.h>" -DFT2_BUILD_LIBRARY "-DFT_CONFIG_MODULES_H=<ftmodule.h>" /private/var/folders/ql/btm7z5tx32ddpsky8z3bz4_r0000gn/T/pip-install-ywsmtpx0/matplotlib_094d7ad14fef499d8433f18c2b0d42de/build/freetype-2.6.1/src/base/ftmm.c -o /private/var/folders/ql/btm7z5tx32ddpsky8z3bz4_r0000gn/T/pip-install-ywsmtpx0/matplotlib_094d7ad14fef499d8433f18c2b0d42de/build/freetype-2.6.1/objs/ftmm.o
      ./builds/unix/libtool --mode=compile clang -pedantic -ansi -I/private/var/folders/ql/btm7z5tx32ddpsky8z3bz4_r0000gn/T/pip-install-ywsmtpx0/matplotlib_094d7ad14fef499d8433f18c2b0d42de/build/freetype-2.6.1/src/base -I/private/var/folders/ql/btm7z5tx32ddpsky8z3bz4_r0000gn/T/pip-install-ywsmtpx0/matplotlib_094d7ad14fef499d8433f18c2b0d42de/build/freetype-2.6.1/objs -I./builds/unix -I/private/var/folders/ql/btm7z5tx32ddpsky8z3bz4_r0000gn/T/pip-install-ywsmtpx0/matplotlib_094d7ad14fef499d8433f18c2b0d42de/build/freetype-2.6.1/include -fvisibility=hidden -flto -c -Wall -fno-strict-overflow -Wsign-compare -Wunreachable-code -DNDEBUG -O2 -Wall -fPIC  -O2  -isystem /Users/bakr/miniforge3/include -arch arm64  -fPIC  -O2  -isystem /Users/bakr/miniforge3/include -arch arm64  -fPIC -DDARWIN_NO_CARBON -DFT_CONFIG_CONFIG_H="<ftconfig.h>" -DFT2_BUILD_LIBRARY -DFT_CONFIG_MODULES_H="<ftmodule.h>"  -o /private/var/folders/ql/btm7z5tx32ddpsky8z3bz4_r0000gn/T/pip-install-ywsmtpx0/matplotlib_094d7ad14fef499d8433f18c2b0d42de/build/freetype-2.6.1/objs/ftotval.lo /private/var/folders/ql/btm7z5tx32ddpsky8z3bz4_r0000gn/T/pip-install-ywsmtpx0/matplotlib_094d7ad14fef499d8433f18c2b0d42de/build/freetype-2.6.1/src/base/ftotval.c
      libtool: compile:  clang -pedantic -ansi -I/private/var/folders/ql/btm7z5tx32ddpsky8z3bz4_r0000gn/T/pip-install-ywsmtpx0/matplotlib_094d7ad14fef499d8433f18c2b0d42de/build/freetype-2.6.1/src/base -I/private/var/folders/ql/btm7z5tx32ddpsky8z3bz4_r0000gn/T/pip-install-ywsmtpx0/matplotlib_094d7ad14fef499d8433f18c2b0d42de/build/freetype-2.6.1/objs -I./builds/unix -I/private/var/folders/ql/btm7z5tx32ddpsky8z3bz4_r0000gn/T/pip-install-ywsmtpx0/matplotlib_094d7ad14fef499d8433f18c2b0d42de/build/freetype-2.6.1/include -fvisibility=hidden -flto -c -Wall -fno-strict-overflow -Wsign-compare -Wunreachable-code -DNDEBUG -O2 -Wall -fPIC -O2 -isystem /Users/bakr/miniforge3/include -arch arm64 -fPIC -O2 -isystem /Users/bakr/miniforge3/include -arch arm64 -fPIC -DDARWIN_NO_CARBON "-DFT_CONFIG_CONFIG_H=<ftconfig.h>" -DFT2_BUILD_LIBRARY "-DFT_CONFIG_MODULES_H=<ftmodule.h>" /private/var/folders/ql/btm7z5tx32ddpsky8z3bz4_r0000gn/T/pip-install-ywsmtpx0/matplotlib_094d7ad14fef499d8433f18c2b0d42de/build/freetype-2.6.1/src/base/ftotval.c -o /private/var/folders/ql/btm7z5tx32ddpsky8z3bz4_r0000gn/T/pip-install-ywsmtpx0/matplotlib_094d7ad14fef499d8433f18c2b0d42de/build/freetype-2.6.1/objs/ftotval.o
      ./builds/unix/libtool --mode=compile clang -pedantic -ansi -I/private/var/folders/ql/btm7z5tx32ddpsky8z3bz4_r0000gn/T/pip-install-ywsmtpx0/matplotlib_094d7ad14fef499d8433f18c2b0d42de/build/freetype-2.6.1/src/base -I/private/var/folders/ql/btm7z5tx32ddpsky8z3bz4_r0000gn/T/pip-install-ywsmtpx0/matplotlib_094d7ad14fef499d8433f18c2b0d42de/build/freetype-2.6.1/objs -I./builds/unix -I/private/var/folders/ql/btm7z5tx32ddpsky8z3bz4_r0000gn/T/pip-install-ywsmtpx0/matplotlib_094d7ad14fef499d8433f18c2b0d42de/build/freetype-2.6.1/include -fvisibility=hidden -flto -c -Wall -fno-strict-overflow -Wsign-compare -Wunreachable-code -DNDEBUG -O2 -Wall -fPIC  -O2  -isystem /Users/bakr/miniforge3/include -arch arm64  -fPIC  -O2  -isystem /Users/bakr/miniforge3/include -arch arm64  -fPIC -DDARWIN_NO_CARBON -DFT_CONFIG_CONFIG_H="<ftconfig.h>" -DFT2_BUILD_LIBRARY -DFT_CONFIG_MODULES_H="<ftmodule.h>"  -o /private/var/folders/ql/btm7z5tx32ddpsky8z3bz4_r0000gn/T/pip-install-ywsmtpx0/matplotlib_094d7ad14fef499d8433f18c2b0d42de/build/freetype-2.6.1/objs/ftpatent.lo /private/var/folders/ql/btm7z5tx32ddpsky8z3bz4_r0000gn/T/pip-install-ywsmtpx0/matplotlib_094d7ad14fef499d8433f18c2b0d42de/build/freetype-2.6.1/src/base/ftpatent.c
      libtool: compile:  clang -pedantic -ansi -I/private/var/folders/ql/btm7z5tx32ddpsky8z3bz4_r0000gn/T/pip-install-ywsmtpx0/matplotlib_094d7ad14fef499d8433f18c2b0d42de/build/freetype-2.6.1/src/base -I/private/var/folders/ql/btm7z5tx32ddpsky8z3bz4_r0000gn/T/pip-install-ywsmtpx0/matplotlib_094d7ad14fef499d8433f18c2b0d42de/build/freetype-2.6.1/objs -I./builds/unix -I/private/var/folders/ql/btm7z5tx32ddpsky8z3bz4_r0000gn/T/pip-install-ywsmtpx0/matplotlib_094d7ad14fef499d8433f18c2b0d42de/build/freetype-2.6.1/include -fvisibility=hidden -flto -c -Wall -fno-strict-overflow -Wsign-compare -Wunreachable-code -DNDEBUG -O2 -Wall -fPIC -O2 -isystem /Users/bakr/miniforge3/include -arch arm64 -fPIC -O2 -isystem /Users/bakr/miniforge3/include -arch arm64 -fPIC -DDARWIN_NO_CARBON "-DFT_CONFIG_CONFIG_H=<ftconfig.h>" -DFT2_BUILD_LIBRARY "-DFT_CONFIG_MODULES_H=<ftmodule.h>" /private/var/folders/ql/btm7z5tx32ddpsky8z3bz4_r0000gn/T/pip-install-ywsmtpx0/matplotlib_094d7ad14fef499d8433f18c2b0d42de/build/freetype-2.6.1/src/base/ftpatent.c -o /private/var/folders/ql/btm7z5tx32ddpsky8z3bz4_r0000gn/T/pip-install-ywsmtpx0/matplotlib_094d7ad14fef499d8433f18c2b0d42de/build/freetype-2.6.1/objs/ftpatent.o
      ./builds/unix/libtool --mode=compile clang -pedantic -ansi -I/private/var/folders/ql/btm7z5tx32ddpsky8z3bz4_r0000gn/T/pip-install-ywsmtpx0/matplotlib_094d7ad14fef499d8433f18c2b0d42de/build/freetype-2.6.1/src/base -I/private/var/folders/ql/btm7z5tx32ddpsky8z3bz4_r0000gn/T/pip-install-ywsmtpx0/matplotlib_094d7ad14fef499d8433f18c2b0d42de/build/freetype-2.6.1/objs -I./builds/unix -I/private/var/folders/ql/btm7z5tx32ddpsky8z3bz4_r0000gn/T/pip-install-ywsmtpx0/matplotlib_094d7ad14fef499d8433f18c2b0d42de/build/freetype-2.6.1/include -fvisibility=hidden -flto -c -Wall -fno-strict-overflow -Wsign-compare -Wunreachable-code -DNDEBUG -O2 -Wall -fPIC  -O2  -isystem /Users/bakr/miniforge3/include -arch arm64  -fPIC  -O2  -isystem /Users/bakr/miniforge3/include -arch arm64  -fPIC -DDARWIN_NO_CARBON -DFT_CONFIG_CONFIG_H="<ftconfig.h>" -DFT2_BUILD_LIBRARY -DFT_CONFIG_MODULES_H="<ftmodule.h>"  -o /private/var/folders/ql/btm7z5tx32ddpsky8z3bz4_r0000gn/T/pip-install-ywsmtpx0/matplotlib_094d7ad14fef499d8433f18c2b0d42de/build/freetype-2.6.1/objs/ftpfr.lo /private/var/folders/ql/btm7z5tx32ddpsky8z3bz4_r0000gn/T/pip-install-ywsmtpx0/matplotlib_094d7ad14fef499d8433f18c2b0d42de/build/freetype-2.6.1/src/base/ftpfr.c
      libtool: compile:  clang -pedantic -ansi -I/private/var/folders/ql/btm7z5tx32ddpsky8z3bz4_r0000gn/T/pip-install-ywsmtpx0/matplotlib_094d7ad14fef499d8433f18c2b0d42de/build/freetype-2.6.1/src/base -I/private/var/folders/ql/btm7z5tx32ddpsky8z3bz4_r0000gn/T/pip-install-ywsmtpx0/matplotlib_094d7ad14fef499d8433f18c2b0d42de/build/freetype-2.6.1/objs -I./builds/unix -I/private/var/folders/ql/btm7z5tx32ddpsky8z3bz4_r0000gn/T/pip-install-ywsmtpx0/matplotlib_094d7ad14fef499d8433f18c2b0d42de/build/freetype-2.6.1/include -fvisibility=hidden -flto -c -Wall -fno-strict-overflow -Wsign-compare -Wunreachable-code -DNDEBUG -O2 -Wall -fPIC -O2 -isystem /Users/bakr/miniforge3/include -arch arm64 -fPIC -O2 -isystem /Users/bakr/miniforge3/include -arch arm64 -fPIC -DDARWIN_NO_CARBON "-DFT_CONFIG_CONFIG_H=<ftconfig.h>" -DFT2_BUILD_LIBRARY "-DFT_CONFIG_MODULES_H=<ftmodule.h>" /private/var/folders/ql/btm7z5tx32ddpsky8z3bz4_r0000gn/T/pip-install-ywsmtpx0/matplotlib_094d7ad14fef499d8433f18c2b0d42de/build/freetype-2.6.1/src/base/ftpfr.c -o /private/var/folders/ql/btm7z5tx32ddpsky8z3bz4_r0000gn/T/pip-install-ywsmtpx0/matplotlib_094d7ad14fef499d8433f18c2b0d42de/build/freetype-2.6.1/objs/ftpfr.o
      ./builds/unix/libtool --mode=compile clang -pedantic -ansi -I/private/var/folders/ql/btm7z5tx32ddpsky8z3bz4_r0000gn/T/pip-install-ywsmtpx0/matplotlib_094d7ad14fef499d8433f18c2b0d42de/build/freetype-2.6.1/src/base -I/private/var/folders/ql/btm7z5tx32ddpsky8z3bz4_r0000gn/T/pip-install-ywsmtpx0/matplotlib_094d7ad14fef499d8433f18c2b0d42de/build/freetype-2.6.1/objs -I./builds/unix -I/private/var/folders/ql/btm7z5tx32ddpsky8z3bz4_r0000gn/T/pip-install-ywsmtpx0/matplotlib_094d7ad14fef499d8433f18c2b0d42de/build/freetype-2.6.1/include -fvisibility=hidden -flto -c -Wall -fno-strict-overflow -Wsign-compare -Wunreachable-code -DNDEBUG -O2 -Wall -fPIC  -O2  -isystem /Users/bakr/miniforge3/include -arch arm64  -fPIC  -O2  -isystem /Users/bakr/miniforge3/include -arch arm64  -fPIC -DDARWIN_NO_CARBON -DFT_CONFIG_CONFIG_H="<ftconfig.h>" -DFT2_BUILD_LIBRARY -DFT_CONFIG_MODULES_H="<ftmodule.h>"  -o /private/var/folders/ql/btm7z5tx32ddpsky8z3bz4_r0000gn/T/pip-install-ywsmtpx0/matplotlib_094d7ad14fef499d8433f18c2b0d42de/build/freetype-2.6.1/objs/ftstroke.lo /private/var/folders/ql/btm7z5tx32ddpsky8z3bz4_r0000gn/T/pip-install-ywsmtpx0/matplotlib_094d7ad14fef499d8433f18c2b0d42de/build/freetype-2.6.1/src/base/ftstroke.c
      libtool: compile:  clang -pedantic -ansi -I/private/var/folders/ql/btm7z5tx32ddpsky8z3bz4_r0000gn/T/pip-install-ywsmtpx0/matplotlib_094d7ad14fef499d8433f18c2b0d42de/build/freetype-2.6.1/src/base -I/private/var/folders/ql/btm7z5tx32ddpsky8z3bz4_r0000gn/T/pip-install-ywsmtpx0/matplotlib_094d7ad14fef499d8433f18c2b0d42de/build/freetype-2.6.1/objs -I./builds/unix -I/private/var/folders/ql/btm7z5tx32ddpsky8z3bz4_r0000gn/T/pip-install-ywsmtpx0/matplotlib_094d7ad14fef499d8433f18c2b0d42de/build/freetype-2.6.1/include -fvisibility=hidden -flto -c -Wall -fno-strict-overflow -Wsign-compare -Wunreachable-code -DNDEBUG -O2 -Wall -fPIC -O2 -isystem /Users/bakr/miniforge3/include -arch arm64 -fPIC -O2 -isystem /Users/bakr/miniforge3/include -arch arm64 -fPIC -DDARWIN_NO_CARBON "-DFT_CONFIG_CONFIG_H=<ftconfig.h>" -DFT2_BUILD_LIBRARY "-DFT_CONFIG_MODULES_H=<ftmodule.h>" /private/var/folders/ql/btm7z5tx32ddpsky8z3bz4_r0000gn/T/pip-install-ywsmtpx0/matplotlib_094d7ad14fef499d8433f18c2b0d42de/build/freetype-2.6.1/src/base/ftstroke.c -o /private/var/folders/ql/btm7z5tx32ddpsky8z3bz4_r0000gn/T/pip-install-ywsmtpx0/matplotlib_094d7ad14fef499d8433f18c2b0d42de/build/freetype-2.6.1/objs/ftstroke.o
      ./builds/unix/libtool --mode=compile clang -pedantic -ansi -I/private/var/folders/ql/btm7z5tx32ddpsky8z3bz4_r0000gn/T/pip-install-ywsmtpx0/matplotlib_094d7ad14fef499d8433f18c2b0d42de/build/freetype-2.6.1/src/base -I/private/var/folders/ql/btm7z5tx32ddpsky8z3bz4_r0000gn/T/pip-install-ywsmtpx0/matplotlib_094d7ad14fef499d8433f18c2b0d42de/build/freetype-2.6.1/objs -I./builds/unix -I/private/var/folders/ql/btm7z5tx32ddpsky8z3bz4_r0000gn/T/pip-install-ywsmtpx0/matplotlib_094d7ad14fef499d8433f18c2b0d42de/build/freetype-2.6.1/include -fvisibility=hidden -flto -c -Wall -fno-strict-overflow -Wsign-compare -Wunreachable-code -DNDEBUG -O2 -Wall -fPIC  -O2  -isystem /Users/bakr/miniforge3/include -arch arm64  -fPIC  -O2  -isystem /Users/bakr/miniforge3/include -arch arm64  -fPIC -DDARWIN_NO_CARBON -DFT_CONFIG_CONFIG_H="<ftconfig.h>" -DFT2_BUILD_LIBRARY -DFT_CONFIG_MODULES_H="<ftmodule.h>"  -o /private/var/folders/ql/btm7z5tx32ddpsky8z3bz4_r0000gn/T/pip-install-ywsmtpx0/matplotlib_094d7ad14fef499d8433f18c2b0d42de/build/freetype-2.6.1/objs/ftsynth.lo /private/var/folders/ql/btm7z5tx32ddpsky8z3bz4_r0000gn/T/pip-install-ywsmtpx0/matplotlib_094d7ad14fef499d8433f18c2b0d42de/build/freetype-2.6.1/src/base/ftsynth.c
      libtool: compile:  clang -pedantic -ansi -I/private/var/folders/ql/btm7z5tx32ddpsky8z3bz4_r0000gn/T/pip-install-ywsmtpx0/matplotlib_094d7ad14fef499d8433f18c2b0d42de/build/freetype-2.6.1/src/base -I/private/var/folders/ql/btm7z5tx32ddpsky8z3bz4_r0000gn/T/pip-install-ywsmtpx0/matplotlib_094d7ad14fef499d8433f18c2b0d42de/build/freetype-2.6.1/objs -I./builds/unix -I/private/var/folders/ql/btm7z5tx32ddpsky8z3bz4_r0000gn/T/pip-install-ywsmtpx0/matplotlib_094d7ad14fef499d8433f18c2b0d42de/build/freetype-2.6.1/include -fvisibility=hidden -flto -c -Wall -fno-strict-overflow -Wsign-compare -Wunreachable-code -DNDEBUG -O2 -Wall -fPIC -O2 -isystem /Users/bakr/miniforge3/include -arch arm64 -fPIC -O2 -isystem /Users/bakr/miniforge3/include -arch arm64 -fPIC -DDARWIN_NO_CARBON "-DFT_CONFIG_CONFIG_H=<ftconfig.h>" -DFT2_BUILD_LIBRARY "-DFT_CONFIG_MODULES_H=<ftmodule.h>" /private/var/folders/ql/btm7z5tx32ddpsky8z3bz4_r0000gn/T/pip-install-ywsmtpx0/matplotlib_094d7ad14fef499d8433f18c2b0d42de/build/freetype-2.6.1/src/base/ftsynth.c -o /private/var/folders/ql/btm7z5tx32ddpsky8z3bz4_r0000gn/T/pip-install-ywsmtpx0/matplotlib_094d7ad14fef499d8433f18c2b0d42de/build/freetype-2.6.1/objs/ftsynth.o
      ./builds/unix/libtool --mode=compile clang -pedantic -ansi -I/private/var/folders/ql/btm7z5tx32ddpsky8z3bz4_r0000gn/T/pip-install-ywsmtpx0/matplotlib_094d7ad14fef499d8433f18c2b0d42de/build/freetype-2.6.1/src/base -I/private/var/folders/ql/btm7z5tx32ddpsky8z3bz4_r0000gn/T/pip-install-ywsmtpx0/matplotlib_094d7ad14fef499d8433f18c2b0d42de/build/freetype-2.6.1/objs -I./builds/unix -I/private/var/folders/ql/btm7z5tx32ddpsky8z3bz4_r0000gn/T/pip-install-ywsmtpx0/matplotlib_094d7ad14fef499d8433f18c2b0d42de/build/freetype-2.6.1/include -fvisibility=hidden -flto -c -Wall -fno-strict-overflow -Wsign-compare -Wunreachable-code -DNDEBUG -O2 -Wall -fPIC  -O2  -isystem /Users/bakr/miniforge3/include -arch arm64  -fPIC  -O2  -isystem /Users/bakr/miniforge3/include -arch arm64  -fPIC -DDARWIN_NO_CARBON -DFT_CONFIG_CONFIG_H="<ftconfig.h>" -DFT2_BUILD_LIBRARY -DFT_CONFIG_MODULES_H="<ftmodule.h>"  -o /private/var/folders/ql/btm7z5tx32ddpsky8z3bz4_r0000gn/T/pip-install-ywsmtpx0/matplotlib_094d7ad14fef499d8433f18c2b0d42de/build/freetype-2.6.1/objs/fttype1.lo /private/var/folders/ql/btm7z5tx32ddpsky8z3bz4_r0000gn/T/pip-install-ywsmtpx0/matplotlib_094d7ad14fef499d8433f18c2b0d42de/build/freetype-2.6.1/src/base/fttype1.c
      libtool: compile:  clang -pedantic -ansi -I/private/var/folders/ql/btm7z5tx32ddpsky8z3bz4_r0000gn/T/pip-install-ywsmtpx0/matplotlib_094d7ad14fef499d8433f18c2b0d42de/build/freetype-2.6.1/src/base -I/private/var/folders/ql/btm7z5tx32ddpsky8z3bz4_r0000gn/T/pip-install-ywsmtpx0/matplotlib_094d7ad14fef499d8433f18c2b0d42de/build/freetype-2.6.1/objs -I./builds/unix -I/private/var/folders/ql/btm7z5tx32ddpsky8z3bz4_r0000gn/T/pip-install-ywsmtpx0/matplotlib_094d7ad14fef499d8433f18c2b0d42de/build/freetype-2.6.1/include -fvisibility=hidden -flto -c -Wall -fno-strict-overflow -Wsign-compare -Wunreachable-code -DNDEBUG -O2 -Wall -fPIC -O2 -isystem /Users/bakr/miniforge3/include -arch arm64 -fPIC -O2 -isystem /Users/bakr/miniforge3/include -arch arm64 -fPIC -DDARWIN_NO_CARBON "-DFT_CONFIG_CONFIG_H=<ftconfig.h>" -DFT2_BUILD_LIBRARY "-DFT_CONFIG_MODULES_H=<ftmodule.h>" /private/var/folders/ql/btm7z5tx32ddpsky8z3bz4_r0000gn/T/pip-install-ywsmtpx0/matplotlib_094d7ad14fef499d8433f18c2b0d42de/build/freetype-2.6.1/src/base/fttype1.c -o /private/var/folders/ql/btm7z5tx32ddpsky8z3bz4_r0000gn/T/pip-install-ywsmtpx0/matplotlib_094d7ad14fef499d8433f18c2b0d42de/build/freetype-2.6.1/objs/fttype1.o
      ./builds/unix/libtool --mode=compile clang -pedantic -ansi -I/private/var/folders/ql/btm7z5tx32ddpsky8z3bz4_r0000gn/T/pip-install-ywsmtpx0/matplotlib_094d7ad14fef499d8433f18c2b0d42de/build/freetype-2.6.1/src/base -I/private/var/folders/ql/btm7z5tx32ddpsky8z3bz4_r0000gn/T/pip-install-ywsmtpx0/matplotlib_094d7ad14fef499d8433f18c2b0d42de/build/freetype-2.6.1/objs -I./builds/unix -I/private/var/folders/ql/btm7z5tx32ddpsky8z3bz4_r0000gn/T/pip-install-ywsmtpx0/matplotlib_094d7ad14fef499d8433f18c2b0d42de/build/freetype-2.6.1/include -fvisibility=hidden -flto -c -Wall -fno-strict-overflow -Wsign-compare -Wunreachable-code -DNDEBUG -O2 -Wall -fPIC  -O2  -isystem /Users/bakr/miniforge3/include -arch arm64  -fPIC  -O2  -isystem /Users/bakr/miniforge3/include -arch arm64  -fPIC -DDARWIN_NO_CARBON -DFT_CONFIG_CONFIG_H="<ftconfig.h>" -DFT2_BUILD_LIBRARY -DFT_CONFIG_MODULES_H="<ftmodule.h>"  -o /private/var/folders/ql/btm7z5tx32ddpsky8z3bz4_r0000gn/T/pip-install-ywsmtpx0/matplotlib_094d7ad14fef499d8433f18c2b0d42de/build/freetype-2.6.1/objs/ftwinfnt.lo /private/var/folders/ql/btm7z5tx32ddpsky8z3bz4_r0000gn/T/pip-install-ywsmtpx0/matplotlib_094d7ad14fef499d8433f18c2b0d42de/build/freetype-2.6.1/src/base/ftwinfnt.c
      libtool: compile:  clang -pedantic -ansi -I/private/var/folders/ql/btm7z5tx32ddpsky8z3bz4_r0000gn/T/pip-install-ywsmtpx0/matplotlib_094d7ad14fef499d8433f18c2b0d42de/build/freetype-2.6.1/src/base -I/private/var/folders/ql/btm7z5tx32ddpsky8z3bz4_r0000gn/T/pip-install-ywsmtpx0/matplotlib_094d7ad14fef499d8433f18c2b0d42de/build/freetype-2.6.1/objs -I./builds/unix -I/private/var/folders/ql/btm7z5tx32ddpsky8z3bz4_r0000gn/T/pip-install-ywsmtpx0/matplotlib_094d7ad14fef499d8433f18c2b0d42de/build/freetype-2.6.1/include -fvisibility=hidden -flto -c -Wall -fno-strict-overflow -Wsign-compare -Wunreachable-code -DNDEBUG -O2 -Wall -fPIC -O2 -isystem /Users/bakr/miniforge3/include -arch arm64 -fPIC -O2 -isystem /Users/bakr/miniforge3/include -arch arm64 -fPIC -DDARWIN_NO_CARBON "-DFT_CONFIG_CONFIG_H=<ftconfig.h>" -DFT2_BUILD_LIBRARY "-DFT_CONFIG_MODULES_H=<ftmodule.h>" /private/var/folders/ql/btm7z5tx32ddpsky8z3bz4_r0000gn/T/pip-install-ywsmtpx0/matplotlib_094d7ad14fef499d8433f18c2b0d42de/build/freetype-2.6.1/src/base/ftwinfnt.c -o /private/var/folders/ql/btm7z5tx32ddpsky8z3bz4_r0000gn/T/pip-install-ywsmtpx0/matplotlib_094d7ad14fef499d8433f18c2b0d42de/build/freetype-2.6.1/objs/ftwinfnt.o
      ./builds/unix/libtool --mode=compile clang -pedantic -ansi -I/private/var/folders/ql/btm7z5tx32ddpsky8z3bz4_r0000gn/T/pip-install-ywsmtpx0/matplotlib_094d7ad14fef499d8433f18c2b0d42de/build/freetype-2.6.1/src/truetype -I/private/var/folders/ql/btm7z5tx32ddpsky8z3bz4_r0000gn/T/pip-install-ywsmtpx0/matplotlib_094d7ad14fef499d8433f18c2b0d42de/build/freetype-2.6.1/objs -I./builds/unix -I/private/var/folders/ql/btm7z5tx32ddpsky8z3bz4_r0000gn/T/pip-install-ywsmtpx0/matplotlib_094d7ad14fef499d8433f18c2b0d42de/build/freetype-2.6.1/include -fvisibility=hidden -flto -c -Wall -fno-strict-overflow -Wsign-compare -Wunreachable-code -DNDEBUG -O2 -Wall -fPIC  -O2  -isystem /Users/bakr/miniforge3/include -arch arm64  -fPIC  -O2  -isystem /Users/bakr/miniforge3/include -arch arm64  -fPIC -DDARWIN_NO_CARBON -DFT_CONFIG_CONFIG_H="<ftconfig.h>" -DFT2_BUILD_LIBRARY -DFT_CONFIG_MODULES_H="<ftmodule.h>"  -o /private/var/folders/ql/btm7z5tx32ddpsky8z3bz4_r0000gn/T/pip-install-ywsmtpx0/matplotlib_094d7ad14fef499d8433f18c2b0d42de/build/freetype-2.6.1/objs/truetype.lo /private/var/folders/ql/btm7z5tx32ddpsky8z3bz4_r0000gn/T/pip-install-ywsmtpx0/matplotlib_094d7ad14fef499d8433f18c2b0d42de/build/freetype-2.6.1/src/truetype/truetype.c
      libtool: compile:  clang -pedantic -ansi -I/private/var/folders/ql/btm7z5tx32ddpsky8z3bz4_r0000gn/T/pip-install-ywsmtpx0/matplotlib_094d7ad14fef499d8433f18c2b0d42de/build/freetype-2.6.1/src/truetype -I/private/var/folders/ql/btm7z5tx32ddpsky8z3bz4_r0000gn/T/pip-install-ywsmtpx0/matplotlib_094d7ad14fef499d8433f18c2b0d42de/build/freetype-2.6.1/objs -I./builds/unix -I/private/var/folders/ql/btm7z5tx32ddpsky8z3bz4_r0000gn/T/pip-install-ywsmtpx0/matplotlib_094d7ad14fef499d8433f18c2b0d42de/build/freetype-2.6.1/include -fvisibility=hidden -flto -c -Wall -fno-strict-overflow -Wsign-compare -Wunreachable-code -DNDEBUG -O2 -Wall -fPIC -O2 -isystem /Users/bakr/miniforge3/include -arch arm64 -fPIC -O2 -isystem /Users/bakr/miniforge3/include -arch arm64 -fPIC -DDARWIN_NO_CARBON "-DFT_CONFIG_CONFIG_H=<ftconfig.h>" -DFT2_BUILD_LIBRARY "-DFT_CONFIG_MODULES_H=<ftmodule.h>" /private/var/folders/ql/btm7z5tx32ddpsky8z3bz4_r0000gn/T/pip-install-ywsmtpx0/matplotlib_094d7ad14fef499d8433f18c2b0d42de/build/freetype-2.6.1/src/truetype/truetype.c -o /private/var/folders/ql/btm7z5tx32ddpsky8z3bz4_r0000gn/T/pip-install-ywsmtpx0/matplotlib_094d7ad14fef499d8433f18c2b0d42de/build/freetype-2.6.1/objs/truetype.o
      ./builds/unix/libtool --mode=compile clang -pedantic -ansi -I/private/var/folders/ql/btm7z5tx32ddpsky8z3bz4_r0000gn/T/pip-install-ywsmtpx0/matplotlib_094d7ad14fef499d8433f18c2b0d42de/build/freetype-2.6.1/src/type1 -I/private/var/folders/ql/btm7z5tx32ddpsky8z3bz4_r0000gn/T/pip-install-ywsmtpx0/matplotlib_094d7ad14fef499d8433f18c2b0d42de/build/freetype-2.6.1/objs -I./builds/unix -I/private/var/folders/ql/btm7z5tx32ddpsky8z3bz4_r0000gn/T/pip-install-ywsmtpx0/matplotlib_094d7ad14fef499d8433f18c2b0d42de/build/freetype-2.6.1/include -fvisibility=hidden -flto -c -Wall -fno-strict-overflow -Wsign-compare -Wunreachable-code -DNDEBUG -O2 -Wall -fPIC  -O2  -isystem /Users/bakr/miniforge3/include -arch arm64  -fPIC  -O2  -isystem /Users/bakr/miniforge3/include -arch arm64  -fPIC -DDARWIN_NO_CARBON -DFT_CONFIG_CONFIG_H="<ftconfig.h>" -DFT2_BUILD_LIBRARY -DFT_CONFIG_MODULES_H="<ftmodule.h>"  -o /private/var/folders/ql/btm7z5tx32ddpsky8z3bz4_r0000gn/T/pip-install-ywsmtpx0/matplotlib_094d7ad14fef499d8433f18c2b0d42de/build/freetype-2.6.1/objs/type1.lo /private/var/folders/ql/btm7z5tx32ddpsky8z3bz4_r0000gn/T/pip-install-ywsmtpx0/matplotlib_094d7ad14fef499d8433f18c2b0d42de/build/freetype-2.6.1/src/type1/type1.c
      libtool: compile:  clang -pedantic -ansi -I/private/var/folders/ql/btm7z5tx32ddpsky8z3bz4_r0000gn/T/pip-install-ywsmtpx0/matplotlib_094d7ad14fef499d8433f18c2b0d42de/build/freetype-2.6.1/src/type1 -I/private/var/folders/ql/btm7z5tx32ddpsky8z3bz4_r0000gn/T/pip-install-ywsmtpx0/matplotlib_094d7ad14fef499d8433f18c2b0d42de/build/freetype-2.6.1/objs -I./builds/unix -I/private/var/folders/ql/btm7z5tx32ddpsky8z3bz4_r0000gn/T/pip-install-ywsmtpx0/matplotlib_094d7ad14fef499d8433f18c2b0d42de/build/freetype-2.6.1/include -fvisibility=hidden -flto -c -Wall -fno-strict-overflow -Wsign-compare -Wunreachable-code -DNDEBUG -O2 -Wall -fPIC -O2 -isystem /Users/bakr/miniforge3/include -arch arm64 -fPIC -O2 -isystem /Users/bakr/miniforge3/include -arch arm64 -fPIC -DDARWIN_NO_CARBON "-DFT_CONFIG_CONFIG_H=<ftconfig.h>" -DFT2_BUILD_LIBRARY "-DFT_CONFIG_MODULES_H=<ftmodule.h>" /private/var/folders/ql/btm7z5tx32ddpsky8z3bz4_r0000gn/T/pip-install-ywsmtpx0/matplotlib_094d7ad14fef499d8433f18c2b0d42de/build/freetype-2.6.1/src/type1/type1.c -o /private/var/folders/ql/btm7z5tx32ddpsky8z3bz4_r0000gn/T/pip-install-ywsmtpx0/matplotlib_094d7ad14fef499d8433f18c2b0d42de/build/freetype-2.6.1/objs/type1.o
      ./builds/unix/libtool --mode=compile clang -pedantic -ansi -I/private/var/folders/ql/btm7z5tx32ddpsky8z3bz4_r0000gn/T/pip-install-ywsmtpx0/matplotlib_094d7ad14fef499d8433f18c2b0d42de/build/freetype-2.6.1/src/cff -I/private/var/folders/ql/btm7z5tx32ddpsky8z3bz4_r0000gn/T/pip-install-ywsmtpx0/matplotlib_094d7ad14fef499d8433f18c2b0d42de/build/freetype-2.6.1/objs -I./builds/unix -I/private/var/folders/ql/btm7z5tx32ddpsky8z3bz4_r0000gn/T/pip-install-ywsmtpx0/matplotlib_094d7ad14fef499d8433f18c2b0d42de/build/freetype-2.6.1/include -fvisibility=hidden -flto -c -Wall -fno-strict-overflow -Wsign-compare -Wunreachable-code -DNDEBUG -O2 -Wall -fPIC  -O2  -isystem /Users/bakr/miniforge3/include -arch arm64  -fPIC  -O2  -isystem /Users/bakr/miniforge3/include -arch arm64  -fPIC -DDARWIN_NO_CARBON -DFT_CONFIG_CONFIG_H="<ftconfig.h>" -DFT2_BUILD_LIBRARY -DFT_CONFIG_MODULES_H="<ftmodule.h>"  -o /private/var/folders/ql/btm7z5tx32ddpsky8z3bz4_r0000gn/T/pip-install-ywsmtpx0/matplotlib_094d7ad14fef499d8433f18c2b0d42de/build/freetype-2.6.1/objs/cff.lo /private/var/folders/ql/btm7z5tx32ddpsky8z3bz4_r0000gn/T/pip-install-ywsmtpx0/matplotlib_094d7ad14fef499d8433f18c2b0d42de/build/freetype-2.6.1/src/cff/cff.c
      libtool: compile:  clang -pedantic -ansi -I/private/var/folders/ql/btm7z5tx32ddpsky8z3bz4_r0000gn/T/pip-install-ywsmtpx0/matplotlib_094d7ad14fef499d8433f18c2b0d42de/build/freetype-2.6.1/src/cff -I/private/var/folders/ql/btm7z5tx32ddpsky8z3bz4_r0000gn/T/pip-install-ywsmtpx0/matplotlib_094d7ad14fef499d8433f18c2b0d42de/build/freetype-2.6.1/objs -I./builds/unix -I/private/var/folders/ql/btm7z5tx32ddpsky8z3bz4_r0000gn/T/pip-install-ywsmtpx0/matplotlib_094d7ad14fef499d8433f18c2b0d42de/build/freetype-2.6.1/include -fvisibility=hidden -flto -c -Wall -fno-strict-overflow -Wsign-compare -Wunreachable-code -DNDEBUG -O2 -Wall -fPIC -O2 -isystem /Users/bakr/miniforge3/include -arch arm64 -fPIC -O2 -isystem /Users/bakr/miniforge3/include -arch arm64 -fPIC -DDARWIN_NO_CARBON "-DFT_CONFIG_CONFIG_H=<ftconfig.h>" -DFT2_BUILD_LIBRARY "-DFT_CONFIG_MODULES_H=<ftmodule.h>" /private/var/folders/ql/btm7z5tx32ddpsky8z3bz4_r0000gn/T/pip-install-ywsmtpx0/matplotlib_094d7ad14fef499d8433f18c2b0d42de/build/freetype-2.6.1/src/cff/cff.c -o /private/var/folders/ql/btm7z5tx32ddpsky8z3bz4_r0000gn/T/pip-install-ywsmtpx0/matplotlib_094d7ad14fef499d8433f18c2b0d42de/build/freetype-2.6.1/objs/cff.o
      ./builds/unix/libtool --mode=compile clang -pedantic -ansi -I/private/var/folders/ql/btm7z5tx32ddpsky8z3bz4_r0000gn/T/pip-install-ywsmtpx0/matplotlib_094d7ad14fef499d8433f18c2b0d42de/build/freetype-2.6.1/src/cid -I/private/var/folders/ql/btm7z5tx32ddpsky8z3bz4_r0000gn/T/pip-install-ywsmtpx0/matplotlib_094d7ad14fef499d8433f18c2b0d42de/build/freetype-2.6.1/objs -I./builds/unix -I/private/var/folders/ql/btm7z5tx32ddpsky8z3bz4_r0000gn/T/pip-install-ywsmtpx0/matplotlib_094d7ad14fef499d8433f18c2b0d42de/build/freetype-2.6.1/include -fvisibility=hidden -flto -c -Wall -fno-strict-overflow -Wsign-compare -Wunreachable-code -DNDEBUG -O2 -Wall -fPIC  -O2  -isystem /Users/bakr/miniforge3/include -arch arm64  -fPIC  -O2  -isystem /Users/bakr/miniforge3/include -arch arm64  -fPIC -DDARWIN_NO_CARBON -DFT_CONFIG_CONFIG_H="<ftconfig.h>" -DFT2_BUILD_LIBRARY -DFT_CONFIG_MODULES_H="<ftmodule.h>"  -o /private/var/folders/ql/btm7z5tx32ddpsky8z3bz4_r0000gn/T/pip-install-ywsmtpx0/matplotlib_094d7ad14fef499d8433f18c2b0d42de/build/freetype-2.6.1/objs/type1cid.lo /private/var/folders/ql/btm7z5tx32ddpsky8z3bz4_r0000gn/T/pip-install-ywsmtpx0/matplotlib_094d7ad14fef499d8433f18c2b0d42de/build/freetype-2.6.1/src/cid/type1cid.c
      libtool: compile:  clang -pedantic -ansi -I/private/var/folders/ql/btm7z5tx32ddpsky8z3bz4_r0000gn/T/pip-install-ywsmtpx0/matplotlib_094d7ad14fef499d8433f18c2b0d42de/build/freetype-2.6.1/src/cid -I/private/var/folders/ql/btm7z5tx32ddpsky8z3bz4_r0000gn/T/pip-install-ywsmtpx0/matplotlib_094d7ad14fef499d8433f18c2b0d42de/build/freetype-2.6.1/objs -I./builds/unix -I/private/var/folders/ql/btm7z5tx32ddpsky8z3bz4_r0000gn/T/pip-install-ywsmtpx0/matplotlib_094d7ad14fef499d8433f18c2b0d42de/build/freetype-2.6.1/include -fvisibility=hidden -flto -c -Wall -fno-strict-overflow -Wsign-compare -Wunreachable-code -DNDEBUG -O2 -Wall -fPIC -O2 -isystem /Users/bakr/miniforge3/include -arch arm64 -fPIC -O2 -isystem /Users/bakr/miniforge3/include -arch arm64 -fPIC -DDARWIN_NO_CARBON "-DFT_CONFIG_CONFIG_H=<ftconfig.h>" -DFT2_BUILD_LIBRARY "-DFT_CONFIG_MODULES_H=<ftmodule.h>" /private/var/folders/ql/btm7z5tx32ddpsky8z3bz4_r0000gn/T/pip-install-ywsmtpx0/matplotlib_094d7ad14fef499d8433f18c2b0d42de/build/freetype-2.6.1/src/cid/type1cid.c -o /private/var/folders/ql/btm7z5tx32ddpsky8z3bz4_r0000gn/T/pip-install-ywsmtpx0/matplotlib_094d7ad14fef499d8433f18c2b0d42de/build/freetype-2.6.1/objs/type1cid.o
      ./builds/unix/libtool --mode=compile clang -pedantic -ansi -I/private/var/folders/ql/btm7z5tx32ddpsky8z3bz4_r0000gn/T/pip-install-ywsmtpx0/matplotlib_094d7ad14fef499d8433f18c2b0d42de/build/freetype-2.6.1/src/pfr -I/private/var/folders/ql/btm7z5tx32ddpsky8z3bz4_r0000gn/T/pip-install-ywsmtpx0/matplotlib_094d7ad14fef499d8433f18c2b0d42de/build/freetype-2.6.1/objs -I./builds/unix -I/private/var/folders/ql/btm7z5tx32ddpsky8z3bz4_r0000gn/T/pip-install-ywsmtpx0/matplotlib_094d7ad14fef499d8433f18c2b0d42de/build/freetype-2.6.1/include -fvisibility=hidden -flto -c -Wall -fno-strict-overflow -Wsign-compare -Wunreachable-code -DNDEBUG -O2 -Wall -fPIC  -O2  -isystem /Users/bakr/miniforge3/include -arch arm64  -fPIC  -O2  -isystem /Users/bakr/miniforge3/include -arch arm64  -fPIC -DDARWIN_NO_CARBON -DFT_CONFIG_CONFIG_H="<ftconfig.h>" -DFT2_BUILD_LIBRARY -DFT_CONFIG_MODULES_H="<ftmodule.h>"  -o /private/var/folders/ql/btm7z5tx32ddpsky8z3bz4_r0000gn/T/pip-install-ywsmtpx0/matplotlib_094d7ad14fef499d8433f18c2b0d42de/build/freetype-2.6.1/objs/pfr.lo /private/var/folders/ql/btm7z5tx32ddpsky8z3bz4_r0000gn/T/pip-install-ywsmtpx0/matplotlib_094d7ad14fef499d8433f18c2b0d42de/build/freetype-2.6.1/src/pfr/pfr.c
      libtool: compile:  clang -pedantic -ansi -I/private/var/folders/ql/btm7z5tx32ddpsky8z3bz4_r0000gn/T/pip-install-ywsmtpx0/matplotlib_094d7ad14fef499d8433f18c2b0d42de/build/freetype-2.6.1/src/pfr -I/private/var/folders/ql/btm7z5tx32ddpsky8z3bz4_r0000gn/T/pip-install-ywsmtpx0/matplotlib_094d7ad14fef499d8433f18c2b0d42de/build/freetype-2.6.1/objs -I./builds/unix -I/private/var/folders/ql/btm7z5tx32ddpsky8z3bz4_r0000gn/T/pip-install-ywsmtpx0/matplotlib_094d7ad14fef499d8433f18c2b0d42de/build/freetype-2.6.1/include -fvisibility=hidden -flto -c -Wall -fno-strict-overflow -Wsign-compare -Wunreachable-code -DNDEBUG -O2 -Wall -fPIC -O2 -isystem /Users/bakr/miniforge3/include -arch arm64 -fPIC -O2 -isystem /Users/bakr/miniforge3/include -arch arm64 -fPIC -DDARWIN_NO_CARBON "-DFT_CONFIG_CONFIG_H=<ftconfig.h>" -DFT2_BUILD_LIBRARY "-DFT_CONFIG_MODULES_H=<ftmodule.h>" /private/var/folders/ql/btm7z5tx32ddpsky8z3bz4_r0000gn/T/pip-install-ywsmtpx0/matplotlib_094d7ad14fef499d8433f18c2b0d42de/build/freetype-2.6.1/src/pfr/pfr.c -o /private/var/folders/ql/btm7z5tx32ddpsky8z3bz4_r0000gn/T/pip-install-ywsmtpx0/matplotlib_094d7ad14fef499d8433f18c2b0d42de/build/freetype-2.6.1/objs/pfr.o
      ./builds/unix/libtool --mode=compile clang -pedantic -ansi -I/private/var/folders/ql/btm7z5tx32ddpsky8z3bz4_r0000gn/T/pip-install-ywsmtpx0/matplotlib_094d7ad14fef499d8433f18c2b0d42de/build/freetype-2.6.1/src/type42 -I/private/var/folders/ql/btm7z5tx32ddpsky8z3bz4_r0000gn/T/pip-install-ywsmtpx0/matplotlib_094d7ad14fef499d8433f18c2b0d42de/build/freetype-2.6.1/objs -I./builds/unix -I/private/var/folders/ql/btm7z5tx32ddpsky8z3bz4_r0000gn/T/pip-install-ywsmtpx0/matplotlib_094d7ad14fef499d8433f18c2b0d42de/build/freetype-2.6.1/include -fvisibility=hidden -flto -c -Wall -fno-strict-overflow -Wsign-compare -Wunreachable-code -DNDEBUG -O2 -Wall -fPIC  -O2  -isystem /Users/bakr/miniforge3/include -arch arm64  -fPIC  -O2  -isystem /Users/bakr/miniforge3/include -arch arm64  -fPIC -DDARWIN_NO_CARBON -DFT_CONFIG_CONFIG_H="<ftconfig.h>" -DFT2_BUILD_LIBRARY -DFT_CONFIG_MODULES_H="<ftmodule.h>"  -o /private/var/folders/ql/btm7z5tx32ddpsky8z3bz4_r0000gn/T/pip-install-ywsmtpx0/matplotlib_094d7ad14fef499d8433f18c2b0d42de/build/freetype-2.6.1/objs/type42.lo /private/var/folders/ql/btm7z5tx32ddpsky8z3bz4_r0000gn/T/pip-install-ywsmtpx0/matplotlib_094d7ad14fef499d8433f18c2b0d42de/build/freetype-2.6.1/src/type42/type42.c
      libtool: compile:  clang -pedantic -ansi -I/private/var/folders/ql/btm7z5tx32ddpsky8z3bz4_r0000gn/T/pip-install-ywsmtpx0/matplotlib_094d7ad14fef499d8433f18c2b0d42de/build/freetype-2.6.1/src/type42 -I/private/var/folders/ql/btm7z5tx32ddpsky8z3bz4_r0000gn/T/pip-install-ywsmtpx0/matplotlib_094d7ad14fef499d8433f18c2b0d42de/build/freetype-2.6.1/objs -I./builds/unix -I/private/var/folders/ql/btm7z5tx32ddpsky8z3bz4_r0000gn/T/pip-install-ywsmtpx0/matplotlib_094d7ad14fef499d8433f18c2b0d42de/build/freetype-2.6.1/include -fvisibility=hidden -flto -c -Wall -fno-strict-overflow -Wsign-compare -Wunreachable-code -DNDEBUG -O2 -Wall -fPIC -O2 -isystem /Users/bakr/miniforge3/include -arch arm64 -fPIC -O2 -isystem /Users/bakr/miniforge3/include -arch arm64 -fPIC -DDARWIN_NO_CARBON "-DFT_CONFIG_CONFIG_H=<ftconfig.h>" -DFT2_BUILD_LIBRARY "-DFT_CONFIG_MODULES_H=<ftmodule.h>" /private/var/folders/ql/btm7z5tx32ddpsky8z3bz4_r0000gn/T/pip-install-ywsmtpx0/matplotlib_094d7ad14fef499d8433f18c2b0d42de/build/freetype-2.6.1/src/type42/type42.c -o /private/var/folders/ql/btm7z5tx32ddpsky8z3bz4_r0000gn/T/pip-install-ywsmtpx0/matplotlib_094d7ad14fef499d8433f18c2b0d42de/build/freetype-2.6.1/objs/type42.o
      ./builds/unix/libtool --mode=compile clang -pedantic -ansi -I/private/var/folders/ql/btm7z5tx32ddpsky8z3bz4_r0000gn/T/pip-install-ywsmtpx0/matplotlib_094d7ad14fef499d8433f18c2b0d42de/build/freetype-2.6.1/src/winfonts -I/private/var/folders/ql/btm7z5tx32ddpsky8z3bz4_r0000gn/T/pip-install-ywsmtpx0/matplotlib_094d7ad14fef499d8433f18c2b0d42de/build/freetype-2.6.1/objs -I./builds/unix -I/private/var/folders/ql/btm7z5tx32ddpsky8z3bz4_r0000gn/T/pip-install-ywsmtpx0/matplotlib_094d7ad14fef499d8433f18c2b0d42de/build/freetype-2.6.1/include -fvisibility=hidden -flto -c -Wall -fno-strict-overflow -Wsign-compare -Wunreachable-code -DNDEBUG -O2 -Wall -fPIC  -O2  -isystem /Users/bakr/miniforge3/include -arch arm64  -fPIC  -O2  -isystem /Users/bakr/miniforge3/include -arch arm64  -fPIC -DDARWIN_NO_CARBON -DFT_CONFIG_CONFIG_H="<ftconfig.h>" -DFT2_BUILD_LIBRARY -DFT_CONFIG_MODULES_H="<ftmodule.h>"  -o /private/var/folders/ql/btm7z5tx32ddpsky8z3bz4_r0000gn/T/pip-install-ywsmtpx0/matplotlib_094d7ad14fef499d8433f18c2b0d42de/build/freetype-2.6.1/objs/winfnt.lo /private/var/folders/ql/btm7z5tx32ddpsky8z3bz4_r0000gn/T/pip-install-ywsmtpx0/matplotlib_094d7ad14fef499d8433f18c2b0d42de/build/freetype-2.6.1/src/winfonts/winfnt.c
      libtool: compile:  clang -pedantic -ansi -I/private/var/folders/ql/btm7z5tx32ddpsky8z3bz4_r0000gn/T/pip-install-ywsmtpx0/matplotlib_094d7ad14fef499d8433f18c2b0d42de/build/freetype-2.6.1/src/winfonts -I/private/var/folders/ql/btm7z5tx32ddpsky8z3bz4_r0000gn/T/pip-install-ywsmtpx0/matplotlib_094d7ad14fef499d8433f18c2b0d42de/build/freetype-2.6.1/objs -I./builds/unix -I/private/var/folders/ql/btm7z5tx32ddpsky8z3bz4_r0000gn/T/pip-install-ywsmtpx0/matplotlib_094d7ad14fef499d8433f18c2b0d42de/build/freetype-2.6.1/include -fvisibility=hidden -flto -c -Wall -fno-strict-overflow -Wsign-compare -Wunreachable-code -DNDEBUG -O2 -Wall -fPIC -O2 -isystem /Users/bakr/miniforge3/include -arch arm64 -fPIC -O2 -isystem /Users/bakr/miniforge3/include -arch arm64 -fPIC -DDARWIN_NO_CARBON "-DFT_CONFIG_CONFIG_H=<ftconfig.h>" -DFT2_BUILD_LIBRARY "-DFT_CONFIG_MODULES_H=<ftmodule.h>" /private/var/folders/ql/btm7z5tx32ddpsky8z3bz4_r0000gn/T/pip-install-ywsmtpx0/matplotlib_094d7ad14fef499d8433f18c2b0d42de/build/freetype-2.6.1/src/winfonts/winfnt.c -o /private/var/folders/ql/btm7z5tx32ddpsky8z3bz4_r0000gn/T/pip-install-ywsmtpx0/matplotlib_094d7ad14fef499d8433f18c2b0d42de/build/freetype-2.6.1/objs/winfnt.o
      ./builds/unix/libtool --mode=compile clang -pedantic -ansi -I/private/var/folders/ql/btm7z5tx32ddpsky8z3bz4_r0000gn/T/pip-install-ywsmtpx0/matplotlib_094d7ad14fef499d8433f18c2b0d42de/build/freetype-2.6.1/src/pcf -I/private/var/folders/ql/btm7z5tx32ddpsky8z3bz4_r0000gn/T/pip-install-ywsmtpx0/matplotlib_094d7ad14fef499d8433f18c2b0d42de/build/freetype-2.6.1/objs -I./builds/unix -I/private/var/folders/ql/btm7z5tx32ddpsky8z3bz4_r0000gn/T/pip-install-ywsmtpx0/matplotlib_094d7ad14fef499d8433f18c2b0d42de/build/freetype-2.6.1/include -fvisibility=hidden -flto -c -Wall -fno-strict-overflow -Wsign-compare -Wunreachable-code -DNDEBUG -O2 -Wall -fPIC  -O2  -isystem /Users/bakr/miniforge3/include -arch arm64  -fPIC  -O2  -isystem /Users/bakr/miniforge3/include -arch arm64  -fPIC -DDARWIN_NO_CARBON -DFT_CONFIG_CONFIG_H="<ftconfig.h>" -DFT2_BUILD_LIBRARY -DFT_CONFIG_MODULES_H="<ftmodule.h>"  -o /private/var/folders/ql/btm7z5tx32ddpsky8z3bz4_r0000gn/T/pip-install-ywsmtpx0/matplotlib_094d7ad14fef499d8433f18c2b0d42de/build/freetype-2.6.1/objs/pcf.lo /private/var/folders/ql/btm7z5tx32ddpsky8z3bz4_r0000gn/T/pip-install-ywsmtpx0/matplotlib_094d7ad14fef499d8433f18c2b0d42de/build/freetype-2.6.1/src/pcf/pcf.c
      libtool: compile:  clang -pedantic -ansi -I/private/var/folders/ql/btm7z5tx32ddpsky8z3bz4_r0000gn/T/pip-install-ywsmtpx0/matplotlib_094d7ad14fef499d8433f18c2b0d42de/build/freetype-2.6.1/src/pcf -I/private/var/folders/ql/btm7z5tx32ddpsky8z3bz4_r0000gn/T/pip-install-ywsmtpx0/matplotlib_094d7ad14fef499d8433f18c2b0d42de/build/freetype-2.6.1/objs -I./builds/unix -I/private/var/folders/ql/btm7z5tx32ddpsky8z3bz4_r0000gn/T/pip-install-ywsmtpx0/matplotlib_094d7ad14fef499d8433f18c2b0d42de/build/freetype-2.6.1/include -fvisibility=hidden -flto -c -Wall -fno-strict-overflow -Wsign-compare -Wunreachable-code -DNDEBUG -O2 -Wall -fPIC -O2 -isystem /Users/bakr/miniforge3/include -arch arm64 -fPIC -O2 -isystem /Users/bakr/miniforge3/include -arch arm64 -fPIC -DDARWIN_NO_CARBON "-DFT_CONFIG_CONFIG_H=<ftconfig.h>" -DFT2_BUILD_LIBRARY "-DFT_CONFIG_MODULES_H=<ftmodule.h>" /private/var/folders/ql/btm7z5tx32ddpsky8z3bz4_r0000gn/T/pip-install-ywsmtpx0/matplotlib_094d7ad14fef499d8433f18c2b0d42de/build/freetype-2.6.1/src/pcf/pcf.c -o /private/var/folders/ql/btm7z5tx32ddpsky8z3bz4_r0000gn/T/pip-install-ywsmtpx0/matplotlib_094d7ad14fef499d8433f18c2b0d42de/build/freetype-2.6.1/objs/pcf.o
      ./builds/unix/libtool --mode=compile clang -pedantic -ansi -I/private/var/folders/ql/btm7z5tx32ddpsky8z3bz4_r0000gn/T/pip-install-ywsmtpx0/matplotlib_094d7ad14fef499d8433f18c2b0d42de/build/freetype-2.6.1/src/bdf -I/private/var/folders/ql/btm7z5tx32ddpsky8z3bz4_r0000gn/T/pip-install-ywsmtpx0/matplotlib_094d7ad14fef499d8433f18c2b0d42de/build/freetype-2.6.1/objs -I./builds/unix -I/private/var/folders/ql/btm7z5tx32ddpsky8z3bz4_r0000gn/T/pip-install-ywsmtpx0/matplotlib_094d7ad14fef499d8433f18c2b0d42de/build/freetype-2.6.1/include -fvisibility=hidden -flto -c -Wall -fno-strict-overflow -Wsign-compare -Wunreachable-code -DNDEBUG -O2 -Wall -fPIC  -O2  -isystem /Users/bakr/miniforge3/include -arch arm64  -fPIC  -O2  -isystem /Users/bakr/miniforge3/include -arch arm64  -fPIC -DDARWIN_NO_CARBON -DFT_CONFIG_CONFIG_H="<ftconfig.h>" -DFT2_BUILD_LIBRARY -DFT_CONFIG_MODULES_H="<ftmodule.h>"  -o /private/var/folders/ql/btm7z5tx32ddpsky8z3bz4_r0000gn/T/pip-install-ywsmtpx0/matplotlib_094d7ad14fef499d8433f18c2b0d42de/build/freetype-2.6.1/objs/bdf.lo /private/var/folders/ql/btm7z5tx32ddpsky8z3bz4_r0000gn/T/pip-install-ywsmtpx0/matplotlib_094d7ad14fef499d8433f18c2b0d42de/build/freetype-2.6.1/src/bdf/bdf.c
      libtool: compile:  clang -pedantic -ansi -I/private/var/folders/ql/btm7z5tx32ddpsky8z3bz4_r0000gn/T/pip-install-ywsmtpx0/matplotlib_094d7ad14fef499d8433f18c2b0d42de/build/freetype-2.6.1/src/bdf -I/private/var/folders/ql/btm7z5tx32ddpsky8z3bz4_r0000gn/T/pip-install-ywsmtpx0/matplotlib_094d7ad14fef499d8433f18c2b0d42de/build/freetype-2.6.1/objs -I./builds/unix -I/private/var/folders/ql/btm7z5tx32ddpsky8z3bz4_r0000gn/T/pip-install-ywsmtpx0/matplotlib_094d7ad14fef499d8433f18c2b0d42de/build/freetype-2.6.1/include -fvisibility=hidden -flto -c -Wall -fno-strict-overflow -Wsign-compare -Wunreachable-code -DNDEBUG -O2 -Wall -fPIC -O2 -isystem /Users/bakr/miniforge3/include -arch arm64 -fPIC -O2 -isystem /Users/bakr/miniforge3/include -arch arm64 -fPIC -DDARWIN_NO_CARBON "-DFT_CONFIG_CONFIG_H=<ftconfig.h>" -DFT2_BUILD_LIBRARY "-DFT_CONFIG_MODULES_H=<ftmodule.h>" /private/var/folders/ql/btm7z5tx32ddpsky8z3bz4_r0000gn/T/pip-install-ywsmtpx0/matplotlib_094d7ad14fef499d8433f18c2b0d42de/build/freetype-2.6.1/src/bdf/bdf.c -o /private/var/folders/ql/btm7z5tx32ddpsky8z3bz4_r0000gn/T/pip-install-ywsmtpx0/matplotlib_094d7ad14fef499d8433f18c2b0d42de/build/freetype-2.6.1/objs/bdf.o
      ./builds/unix/libtool --mode=compile clang -pedantic -ansi -I/private/var/folders/ql/btm7z5tx32ddpsky8z3bz4_r0000gn/T/pip-install-ywsmtpx0/matplotlib_094d7ad14fef499d8433f18c2b0d42de/build/freetype-2.6.1/src/sfnt -I/private/var/folders/ql/btm7z5tx32ddpsky8z3bz4_r0000gn/T/pip-install-ywsmtpx0/matplotlib_094d7ad14fef499d8433f18c2b0d42de/build/freetype-2.6.1/objs -I./builds/unix -I/private/var/folders/ql/btm7z5tx32ddpsky8z3bz4_r0000gn/T/pip-install-ywsmtpx0/matplotlib_094d7ad14fef499d8433f18c2b0d42de/build/freetype-2.6.1/include -fvisibility=hidden -flto -c -Wall -fno-strict-overflow -Wsign-compare -Wunreachable-code -DNDEBUG -O2 -Wall -fPIC  -O2  -isystem /Users/bakr/miniforge3/include -arch arm64  -fPIC  -O2  -isystem /Users/bakr/miniforge3/include -arch arm64  -fPIC -DDARWIN_NO_CARBON -DFT_CONFIG_CONFIG_H="<ftconfig.h>" -DFT2_BUILD_LIBRARY -DFT_CONFIG_MODULES_H="<ftmodule.h>"  -o /private/var/folders/ql/btm7z5tx32ddpsky8z3bz4_r0000gn/T/pip-install-ywsmtpx0/matplotlib_094d7ad14fef499d8433f18c2b0d42de/build/freetype-2.6.1/objs/sfnt.lo /private/var/folders/ql/btm7z5tx32ddpsky8z3bz4_r0000gn/T/pip-install-ywsmtpx0/matplotlib_094d7ad14fef499d8433f18c2b0d42de/build/freetype-2.6.1/src/sfnt/sfnt.c
      libtool: compile:  clang -pedantic -ansi -I/private/var/folders/ql/btm7z5tx32ddpsky8z3bz4_r0000gn/T/pip-install-ywsmtpx0/matplotlib_094d7ad14fef499d8433f18c2b0d42de/build/freetype-2.6.1/src/sfnt -I/private/var/folders/ql/btm7z5tx32ddpsky8z3bz4_r0000gn/T/pip-install-ywsmtpx0/matplotlib_094d7ad14fef499d8433f18c2b0d42de/build/freetype-2.6.1/objs -I./builds/unix -I/private/var/folders/ql/btm7z5tx32ddpsky8z3bz4_r0000gn/T/pip-install-ywsmtpx0/matplotlib_094d7ad14fef499d8433f18c2b0d42de/build/freetype-2.6.1/include -fvisibility=hidden -flto -c -Wall -fno-strict-overflow -Wsign-compare -Wunreachable-code -DNDEBUG -O2 -Wall -fPIC -O2 -isystem /Users/bakr/miniforge3/include -arch arm64 -fPIC -O2 -isystem /Users/bakr/miniforge3/include -arch arm64 -fPIC -DDARWIN_NO_CARBON "-DFT_CONFIG_CONFIG_H=<ftconfig.h>" -DFT2_BUILD_LIBRARY "-DFT_CONFIG_MODULES_H=<ftmodule.h>" /private/var/folders/ql/btm7z5tx32ddpsky8z3bz4_r0000gn/T/pip-install-ywsmtpx0/matplotlib_094d7ad14fef499d8433f18c2b0d42de/build/freetype-2.6.1/src/sfnt/sfnt.c -o /private/var/folders/ql/btm7z5tx32ddpsky8z3bz4_r0000gn/T/pip-install-ywsmtpx0/matplotlib_094d7ad14fef499d8433f18c2b0d42de/build/freetype-2.6.1/objs/sfnt.o
      ./builds/unix/libtool --mode=compile clang -pedantic -ansi -I/private/var/folders/ql/btm7z5tx32ddpsky8z3bz4_r0000gn/T/pip-install-ywsmtpx0/matplotlib_094d7ad14fef499d8433f18c2b0d42de/build/freetype-2.6.1/src/autofit -I/private/var/folders/ql/btm7z5tx32ddpsky8z3bz4_r0000gn/T/pip-install-ywsmtpx0/matplotlib_094d7ad14fef499d8433f18c2b0d42de/build/freetype-2.6.1/objs -I./builds/unix -I/private/var/folders/ql/btm7z5tx32ddpsky8z3bz4_r0000gn/T/pip-install-ywsmtpx0/matplotlib_094d7ad14fef499d8433f18c2b0d42de/build/freetype-2.6.1/include -fvisibility=hidden -flto -c -Wall -fno-strict-overflow -Wsign-compare -Wunreachable-code -DNDEBUG -O2 -Wall -fPIC  -O2  -isystem /Users/bakr/miniforge3/include -arch arm64  -fPIC  -O2  -isystem /Users/bakr/miniforge3/include -arch arm64  -fPIC -DDARWIN_NO_CARBON -DFT_CONFIG_CONFIG_H="<ftconfig.h>" -DFT2_BUILD_LIBRARY -DFT_CONFIG_MODULES_H="<ftmodule.h>"  -o /private/var/folders/ql/btm7z5tx32ddpsky8z3bz4_r0000gn/T/pip-install-ywsmtpx0/matplotlib_094d7ad14fef499d8433f18c2b0d42de/build/freetype-2.6.1/objs/autofit.lo /private/var/folders/ql/btm7z5tx32ddpsky8z3bz4_r0000gn/T/pip-install-ywsmtpx0/matplotlib_094d7ad14fef499d8433f18c2b0d42de/build/freetype-2.6.1/src/autofit/autofit.c
      libtool: compile:  clang -pedantic -ansi -I/private/var/folders/ql/btm7z5tx32ddpsky8z3bz4_r0000gn/T/pip-install-ywsmtpx0/matplotlib_094d7ad14fef499d8433f18c2b0d42de/build/freetype-2.6.1/src/autofit -I/private/var/folders/ql/btm7z5tx32ddpsky8z3bz4_r0000gn/T/pip-install-ywsmtpx0/matplotlib_094d7ad14fef499d8433f18c2b0d42de/build/freetype-2.6.1/objs -I./builds/unix -I/private/var/folders/ql/btm7z5tx32ddpsky8z3bz4_r0000gn/T/pip-install-ywsmtpx0/matplotlib_094d7ad14fef499d8433f18c2b0d42de/build/freetype-2.6.1/include -fvisibility=hidden -flto -c -Wall -fno-strict-overflow -Wsign-compare -Wunreachable-code -DNDEBUG -O2 -Wall -fPIC -O2 -isystem /Users/bakr/miniforge3/include -arch arm64 -fPIC -O2 -isystem /Users/bakr/miniforge3/include -arch arm64 -fPIC -DDARWIN_NO_CARBON "-DFT_CONFIG_CONFIG_H=<ftconfig.h>" -DFT2_BUILD_LIBRARY "-DFT_CONFIG_MODULES_H=<ftmodule.h>" /private/var/folders/ql/btm7z5tx32ddpsky8z3bz4_r0000gn/T/pip-install-ywsmtpx0/matplotlib_094d7ad14fef499d8433f18c2b0d42de/build/freetype-2.6.1/src/autofit/autofit.c -o /private/var/folders/ql/btm7z5tx32ddpsky8z3bz4_r0000gn/T/pip-install-ywsmtpx0/matplotlib_094d7ad14fef499d8433f18c2b0d42de/build/freetype-2.6.1/objs/autofit.o
      ./builds/unix/libtool --mode=compile clang -pedantic -ansi -I/private/var/folders/ql/btm7z5tx32ddpsky8z3bz4_r0000gn/T/pip-install-ywsmtpx0/matplotlib_094d7ad14fef499d8433f18c2b0d42de/build/freetype-2.6.1/src/pshinter -I/private/var/folders/ql/btm7z5tx32ddpsky8z3bz4_r0000gn/T/pip-install-ywsmtpx0/matplotlib_094d7ad14fef499d8433f18c2b0d42de/build/freetype-2.6.1/objs -I./builds/unix -I/private/var/folders/ql/btm7z5tx32ddpsky8z3bz4_r0000gn/T/pip-install-ywsmtpx0/matplotlib_094d7ad14fef499d8433f18c2b0d42de/build/freetype-2.6.1/include -fvisibility=hidden -flto -c -Wall -fno-strict-overflow -Wsign-compare -Wunreachable-code -DNDEBUG -O2 -Wall -fPIC  -O2  -isystem /Users/bakr/miniforge3/include -arch arm64  -fPIC  -O2  -isystem /Users/bakr/miniforge3/include -arch arm64  -fPIC -DDARWIN_NO_CARBON -DFT_CONFIG_CONFIG_H="<ftconfig.h>" -DFT2_BUILD_LIBRARY -DFT_CONFIG_MODULES_H="<ftmodule.h>"  -o /private/var/folders/ql/btm7z5tx32ddpsky8z3bz4_r0000gn/T/pip-install-ywsmtpx0/matplotlib_094d7ad14fef499d8433f18c2b0d42de/build/freetype-2.6.1/objs/pshinter.lo /private/var/folders/ql/btm7z5tx32ddpsky8z3bz4_r0000gn/T/pip-install-ywsmtpx0/matplotlib_094d7ad14fef499d8433f18c2b0d42de/build/freetype-2.6.1/src/pshinter/pshinter.c
      libtool: compile:  clang -pedantic -ansi -I/private/var/folders/ql/btm7z5tx32ddpsky8z3bz4_r0000gn/T/pip-install-ywsmtpx0/matplotlib_094d7ad14fef499d8433f18c2b0d42de/build/freetype-2.6.1/src/pshinter -I/private/var/folders/ql/btm7z5tx32ddpsky8z3bz4_r0000gn/T/pip-install-ywsmtpx0/matplotlib_094d7ad14fef499d8433f18c2b0d42de/build/freetype-2.6.1/objs -I./builds/unix -I/private/var/folders/ql/btm7z5tx32ddpsky8z3bz4_r0000gn/T/pip-install-ywsmtpx0/matplotlib_094d7ad14fef499d8433f18c2b0d42de/build/freetype-2.6.1/include -fvisibility=hidden -flto -c -Wall -fno-strict-overflow -Wsign-compare -Wunreachable-code -DNDEBUG -O2 -Wall -fPIC -O2 -isystem /Users/bakr/miniforge3/include -arch arm64 -fPIC -O2 -isystem /Users/bakr/miniforge3/include -arch arm64 -fPIC -DDARWIN_NO_CARBON "-DFT_CONFIG_CONFIG_H=<ftconfig.h>" -DFT2_BUILD_LIBRARY "-DFT_CONFIG_MODULES_H=<ftmodule.h>" /private/var/folders/ql/btm7z5tx32ddpsky8z3bz4_r0000gn/T/pip-install-ywsmtpx0/matplotlib_094d7ad14fef499d8433f18c2b0d42de/build/freetype-2.6.1/src/pshinter/pshinter.c -o /private/var/folders/ql/btm7z5tx32ddpsky8z3bz4_r0000gn/T/pip-install-ywsmtpx0/matplotlib_094d7ad14fef499d8433f18c2b0d42de/build/freetype-2.6.1/objs/pshinter.o
      ./builds/unix/libtool --mode=compile clang -pedantic -ansi -I/private/var/folders/ql/btm7z5tx32ddpsky8z3bz4_r0000gn/T/pip-install-ywsmtpx0/matplotlib_094d7ad14fef499d8433f18c2b0d42de/build/freetype-2.6.1/src/raster -I/private/var/folders/ql/btm7z5tx32ddpsky8z3bz4_r0000gn/T/pip-install-ywsmtpx0/matplotlib_094d7ad14fef499d8433f18c2b0d42de/build/freetype-2.6.1/objs -I./builds/unix -I/private/var/folders/ql/btm7z5tx32ddpsky8z3bz4_r0000gn/T/pip-install-ywsmtpx0/matplotlib_094d7ad14fef499d8433f18c2b0d42de/build/freetype-2.6.1/include -fvisibility=hidden -flto -c -Wall -fno-strict-overflow -Wsign-compare -Wunreachable-code -DNDEBUG -O2 -Wall -fPIC  -O2  -isystem /Users/bakr/miniforge3/include -arch arm64  -fPIC  -O2  -isystem /Users/bakr/miniforge3/include -arch arm64  -fPIC -DDARWIN_NO_CARBON -DFT_CONFIG_CONFIG_H="<ftconfig.h>" -DFT2_BUILD_LIBRARY -DFT_CONFIG_MODULES_H="<ftmodule.h>"  -o /private/var/folders/ql/btm7z5tx32ddpsky8z3bz4_r0000gn/T/pip-install-ywsmtpx0/matplotlib_094d7ad14fef499d8433f18c2b0d42de/build/freetype-2.6.1/objs/raster.lo /private/var/folders/ql/btm7z5tx32ddpsky8z3bz4_r0000gn/T/pip-install-ywsmtpx0/matplotlib_094d7ad14fef499d8433f18c2b0d42de/build/freetype-2.6.1/src/raster/raster.c
      libtool: compile:  clang -pedantic -ansi -I/private/var/folders/ql/btm7z5tx32ddpsky8z3bz4_r0000gn/T/pip-install-ywsmtpx0/matplotlib_094d7ad14fef499d8433f18c2b0d42de/build/freetype-2.6.1/src/raster -I/private/var/folders/ql/btm7z5tx32ddpsky8z3bz4_r0000gn/T/pip-install-ywsmtpx0/matplotlib_094d7ad14fef499d8433f18c2b0d42de/build/freetype-2.6.1/objs -I./builds/unix -I/private/var/folders/ql/btm7z5tx32ddpsky8z3bz4_r0000gn/T/pip-install-ywsmtpx0/matplotlib_094d7ad14fef499d8433f18c2b0d42de/build/freetype-2.6.1/include -fvisibility=hidden -flto -c -Wall -fno-strict-overflow -Wsign-compare -Wunreachable-code -DNDEBUG -O2 -Wall -fPIC -O2 -isystem /Users/bakr/miniforge3/include -arch arm64 -fPIC -O2 -isystem /Users/bakr/miniforge3/include -arch arm64 -fPIC -DDARWIN_NO_CARBON "-DFT_CONFIG_CONFIG_H=<ftconfig.h>" -DFT2_BUILD_LIBRARY "-DFT_CONFIG_MODULES_H=<ftmodule.h>" /private/var/folders/ql/btm7z5tx32ddpsky8z3bz4_r0000gn/T/pip-install-ywsmtpx0/matplotlib_094d7ad14fef499d8433f18c2b0d42de/build/freetype-2.6.1/src/raster/raster.c -o /private/var/folders/ql/btm7z5tx32ddpsky8z3bz4_r0000gn/T/pip-install-ywsmtpx0/matplotlib_094d7ad14fef499d8433f18c2b0d42de/build/freetype-2.6.1/objs/raster.o
      ./builds/unix/libtool --mode=compile clang -pedantic -ansi -I/private/var/folders/ql/btm7z5tx32ddpsky8z3bz4_r0000gn/T/pip-install-ywsmtpx0/matplotlib_094d7ad14fef499d8433f18c2b0d42de/build/freetype-2.6.1/src/smooth -I/private/var/folders/ql/btm7z5tx32ddpsky8z3bz4_r0000gn/T/pip-install-ywsmtpx0/matplotlib_094d7ad14fef499d8433f18c2b0d42de/build/freetype-2.6.1/objs -I./builds/unix -I/private/var/folders/ql/btm7z5tx32ddpsky8z3bz4_r0000gn/T/pip-install-ywsmtpx0/matplotlib_094d7ad14fef499d8433f18c2b0d42de/build/freetype-2.6.1/include -fvisibility=hidden -flto -c -Wall -fno-strict-overflow -Wsign-compare -Wunreachable-code -DNDEBUG -O2 -Wall -fPIC  -O2  -isystem /Users/bakr/miniforge3/include -arch arm64  -fPIC  -O2  -isystem /Users/bakr/miniforge3/include -arch arm64  -fPIC -DDARWIN_NO_CARBON -DFT_CONFIG_CONFIG_H="<ftconfig.h>" -DFT2_BUILD_LIBRARY -DFT_CONFIG_MODULES_H="<ftmodule.h>"  -o /private/var/folders/ql/btm7z5tx32ddpsky8z3bz4_r0000gn/T/pip-install-ywsmtpx0/matplotlib_094d7ad14fef499d8433f18c2b0d42de/build/freetype-2.6.1/objs/smooth.lo /private/var/folders/ql/btm7z5tx32ddpsky8z3bz4_r0000gn/T/pip-install-ywsmtpx0/matplotlib_094d7ad14fef499d8433f18c2b0d42de/build/freetype-2.6.1/src/smooth/smooth.c
      libtool: compile:  clang -pedantic -ansi -I/private/var/folders/ql/btm7z5tx32ddpsky8z3bz4_r0000gn/T/pip-install-ywsmtpx0/matplotlib_094d7ad14fef499d8433f18c2b0d42de/build/freetype-2.6.1/src/smooth -I/private/var/folders/ql/btm7z5tx32ddpsky8z3bz4_r0000gn/T/pip-install-ywsmtpx0/matplotlib_094d7ad14fef499d8433f18c2b0d42de/build/freetype-2.6.1/objs -I./builds/unix -I/private/var/folders/ql/btm7z5tx32ddpsky8z3bz4_r0000gn/T/pip-install-ywsmtpx0/matplotlib_094d7ad14fef499d8433f18c2b0d42de/build/freetype-2.6.1/include -fvisibility=hidden -flto -c -Wall -fno-strict-overflow -Wsign-compare -Wunreachable-code -DNDEBUG -O2 -Wall -fPIC -O2 -isystem /Users/bakr/miniforge3/include -arch arm64 -fPIC -O2 -isystem /Users/bakr/miniforge3/include -arch arm64 -fPIC -DDARWIN_NO_CARBON "-DFT_CONFIG_CONFIG_H=<ftconfig.h>" -DFT2_BUILD_LIBRARY "-DFT_CONFIG_MODULES_H=<ftmodule.h>" /private/var/folders/ql/btm7z5tx32ddpsky8z3bz4_r0000gn/T/pip-install-ywsmtpx0/matplotlib_094d7ad14fef499d8433f18c2b0d42de/build/freetype-2.6.1/src/smooth/smooth.c -o /private/var/folders/ql/btm7z5tx32ddpsky8z3bz4_r0000gn/T/pip-install-ywsmtpx0/matplotlib_094d7ad14fef499d8433f18c2b0d42de/build/freetype-2.6.1/objs/smooth.o
      ./builds/unix/libtool --mode=compile clang -pedantic -ansi -I/private/var/folders/ql/btm7z5tx32ddpsky8z3bz4_r0000gn/T/pip-install-ywsmtpx0/matplotlib_094d7ad14fef499d8433f18c2b0d42de/build/freetype-2.6.1/src/cache -I/private/var/folders/ql/btm7z5tx32ddpsky8z3bz4_r0000gn/T/pip-install-ywsmtpx0/matplotlib_094d7ad14fef499d8433f18c2b0d42de/build/freetype-2.6.1/objs -I./builds/unix -I/private/var/folders/ql/btm7z5tx32ddpsky8z3bz4_r0000gn/T/pip-install-ywsmtpx0/matplotlib_094d7ad14fef499d8433f18c2b0d42de/build/freetype-2.6.1/include -fvisibility=hidden -flto -c -Wall -fno-strict-overflow -Wsign-compare -Wunreachable-code -DNDEBUG -O2 -Wall -fPIC  -O2  -isystem /Users/bakr/miniforge3/include -arch arm64  -fPIC  -O2  -isystem /Users/bakr/miniforge3/include -arch arm64  -fPIC -DDARWIN_NO_CARBON -DFT_CONFIG_CONFIG_H="<ftconfig.h>" -DFT2_BUILD_LIBRARY -DFT_CONFIG_MODULES_H="<ftmodule.h>"  -o /private/var/folders/ql/btm7z5tx32ddpsky8z3bz4_r0000gn/T/pip-install-ywsmtpx0/matplotlib_094d7ad14fef499d8433f18c2b0d42de/build/freetype-2.6.1/objs/ftcache.lo /private/var/folders/ql/btm7z5tx32ddpsky8z3bz4_r0000gn/T/pip-install-ywsmtpx0/matplotlib_094d7ad14fef499d8433f18c2b0d42de/build/freetype-2.6.1/src/cache/ftcache.c
      libtool: compile:  clang -pedantic -ansi -I/private/var/folders/ql/btm7z5tx32ddpsky8z3bz4_r0000gn/T/pip-install-ywsmtpx0/matplotlib_094d7ad14fef499d8433f18c2b0d42de/build/freetype-2.6.1/src/cache -I/private/var/folders/ql/btm7z5tx32ddpsky8z3bz4_r0000gn/T/pip-install-ywsmtpx0/matplotlib_094d7ad14fef499d8433f18c2b0d42de/build/freetype-2.6.1/objs -I./builds/unix -I/private/var/folders/ql/btm7z5tx32ddpsky8z3bz4_r0000gn/T/pip-install-ywsmtpx0/matplotlib_094d7ad14fef499d8433f18c2b0d42de/build/freetype-2.6.1/include -fvisibility=hidden -flto -c -Wall -fno-strict-overflow -Wsign-compare -Wunreachable-code -DNDEBUG -O2 -Wall -fPIC -O2 -isystem /Users/bakr/miniforge3/include -arch arm64 -fPIC -O2 -isystem /Users/bakr/miniforge3/include -arch arm64 -fPIC -DDARWIN_NO_CARBON "-DFT_CONFIG_CONFIG_H=<ftconfig.h>" -DFT2_BUILD_LIBRARY "-DFT_CONFIG_MODULES_H=<ftmodule.h>" /private/var/folders/ql/btm7z5tx32ddpsky8z3bz4_r0000gn/T/pip-install-ywsmtpx0/matplotlib_094d7ad14fef499d8433f18c2b0d42de/build/freetype-2.6.1/src/cache/ftcache.c -o /private/var/folders/ql/btm7z5tx32ddpsky8z3bz4_r0000gn/T/pip-install-ywsmtpx0/matplotlib_094d7ad14fef499d8433f18c2b0d42de/build/freetype-2.6.1/objs/ftcache.o
      ./builds/unix/libtool --mode=compile clang -pedantic -ansi -I/private/var/folders/ql/btm7z5tx32ddpsky8z3bz4_r0000gn/T/pip-install-ywsmtpx0/matplotlib_094d7ad14fef499d8433f18c2b0d42de/build/freetype-2.6.1/objs -I./builds/unix -I/private/var/folders/ql/btm7z5tx32ddpsky8z3bz4_r0000gn/T/pip-install-ywsmtpx0/matplotlib_094d7ad14fef499d8433f18c2b0d42de/build/freetype-2.6.1/include -fvisibility=hidden -flto -c -Wall -fno-strict-overflow -Wsign-compare -Wunreachable-code -DNDEBUG -O2 -Wall -fPIC  -O2  -isystem /Users/bakr/miniforge3/include -arch arm64  -fPIC  -O2  -isystem /Users/bakr/miniforge3/include -arch arm64  -fPIC -DDARWIN_NO_CARBON -DFT_CONFIG_CONFIG_H="<ftconfig.h>" -DFT2_BUILD_LIBRARY -DFT_CONFIG_MODULES_H="<ftmodule.h>"  -o /private/var/folders/ql/btm7z5tx32ddpsky8z3bz4_r0000gn/T/pip-install-ywsmtpx0/matplotlib_094d7ad14fef499d8433f18c2b0d42de/build/freetype-2.6.1/objs/ftgzip.lo /private/var/folders/ql/btm7z5tx32ddpsky8z3bz4_r0000gn/T/pip-install-ywsmtpx0/matplotlib_094d7ad14fef499d8433f18c2b0d42de/build/freetype-2.6.1/src/gzip/ftgzip.c
      libtool: compile:  clang -pedantic -ansi -I/private/var/folders/ql/btm7z5tx32ddpsky8z3bz4_r0000gn/T/pip-install-ywsmtpx0/matplotlib_094d7ad14fef499d8433f18c2b0d42de/build/freetype-2.6.1/objs -I./builds/unix -I/private/var/folders/ql/btm7z5tx32ddpsky8z3bz4_r0000gn/T/pip-install-ywsmtpx0/matplotlib_094d7ad14fef499d8433f18c2b0d42de/build/freetype-2.6.1/include -fvisibility=hidden -flto -c -Wall -fno-strict-overflow -Wsign-compare -Wunreachable-code -DNDEBUG -O2 -Wall -fPIC -O2 -isystem /Users/bakr/miniforge3/include -arch arm64 -fPIC -O2 -isystem /Users/bakr/miniforge3/include -arch arm64 -fPIC -DDARWIN_NO_CARBON "-DFT_CONFIG_CONFIG_H=<ftconfig.h>" -DFT2_BUILD_LIBRARY "-DFT_CONFIG_MODULES_H=<ftmodule.h>" /private/var/folders/ql/btm7z5tx32ddpsky8z3bz4_r0000gn/T/pip-install-ywsmtpx0/matplotlib_094d7ad14fef499d8433f18c2b0d42de/build/freetype-2.6.1/src/gzip/ftgzip.c -o /private/var/folders/ql/btm7z5tx32ddpsky8z3bz4_r0000gn/T/pip-install-ywsmtpx0/matplotlib_094d7ad14fef499d8433f18c2b0d42de/build/freetype-2.6.1/objs/ftgzip.o
      In file included from /private/var/folders/ql/btm7z5tx32ddpsky8z3bz4_r0000gn/T/pip-install-ywsmtpx0/matplotlib_094d7ad14fef499d8433f18c2b0d42de/build/freetype-2.6.1/src/gzip/ftgzip.c:65:
      In file included from /private/var/folders/ql/btm7z5tx32ddpsky8z3bz4_r0000gn/T/pip-install-ywsmtpx0/matplotlib_094d7ad14fef499d8433f18c2b0d42de/build/freetype-2.6.1/src/gzip/zlib.h:34:
      /private/var/folders/ql/btm7z5tx32ddpsky8z3bz4_r0000gn/T/pip-install-ywsmtpx0/matplotlib_094d7ad14fef499d8433f18c2b0d42de/build/freetype-2.6.1/src/gzip/zconf.h:228:12: error: unknown type name 'Byte'
        228 |    typedef Byte  FAR Bytef;
            |            ^
      In file included from /private/var/folders/ql/btm7z5tx32ddpsky8z3bz4_r0000gn/T/pip-install-ywsmtpx0/matplotlib_094d7ad14fef499d8433f18c2b0d42de/build/freetype-2.6.1/src/gzip/ftgzip.c:83:
      /private/var/folders/ql/btm7z5tx32ddpsky8z3bz4_r0000gn/T/pip-install-ywsmtpx0/matplotlib_094d7ad14fef499d8433f18c2b0d42de/build/freetype-2.6.1/src/gzip/inftrees.h:22:7: error: unknown type name 'Byte'
         22 |       Byte Exop;        /* number of extra bits or operation */
            |       ^
      /private/var/folders/ql/btm7z5tx32ddpsky8z3bz4_r0000gn/T/pip-install-ywsmtpx0/matplotlib_094d7ad14fef499d8433f18c2b0d42de/build/freetype-2.6.1/src/gzip/inftrees.h:23:7: error: unknown type name 'Byte'
         23 |       Byte Bits;        /* number of bits in this code or subcode */
            |       ^
      In file included from /private/var/folders/ql/btm7z5tx32ddpsky8z3bz4_r0000gn/T/pip-install-ywsmtpx0/matplotlib_094d7ad14fef499d8433f18c2b0d42de/build/freetype-2.6.1/src/gzip/ftgzip.c:91:
      /private/var/folders/ql/btm7z5tx32ddpsky8z3bz4_r0000gn/T/pip-install-ywsmtpx0/matplotlib_094d7ad14fef499d8433f18c2b0d42de/build/freetype-2.6.1/src/gzip/inftrees.c:247:21: error: use of undeclared identifier 'Byte'
        247 |           r.bits = (Byte)l;     /* bits to dump before this table */
            |                     ^
      /private/var/folders/ql/btm7z5tx32ddpsky8z3bz4_r0000gn/T/pip-install-ywsmtpx0/matplotlib_094d7ad14fef499d8433f18c2b0d42de/build/freetype-2.6.1/src/gzip/inftrees.c:248:21: error: use of undeclared identifier 'Byte'
        248 |           r.exop = (Byte)j;     /* bits in this table */
            |                     ^
      /private/var/folders/ql/btm7z5tx32ddpsky8z3bz4_r0000gn/T/pip-install-ywsmtpx0/matplotlib_094d7ad14fef499d8433f18c2b0d42de/build/freetype-2.6.1/src/gzip/inftrees.c:258:17: error: use of undeclared identifier 'Byte'
        258 |       r.bits = (Byte)(k - w);
            |                 ^
      /private/var/folders/ql/btm7z5tx32ddpsky8z3bz4_r0000gn/T/pip-install-ywsmtpx0/matplotlib_094d7ad14fef499d8433f18c2b0d42de/build/freetype-2.6.1/src/gzip/inftrees.c:263:19: error: use of undeclared identifier 'Byte'
        263 |         r.exop = (Byte)(*p < 256 ? 0 : 32 + 64);     /* 256 is end-of-block */
            |                   ^
      /private/var/folders/ql/btm7z5tx32ddpsky8z3bz4_r0000gn/T/pip-install-ywsmtpx0/matplotlib_094d7ad14fef499d8433f18c2b0d42de/build/freetype-2.6.1/src/gzip/inftrees.c:268:19: error: use of undeclared identifier 'Byte'
        268 |         r.exop = (Byte)(e[*p - s] + 16 + 64);/* non-simple--look up in lists */
            |                   ^
      In file included from /private/var/folders/ql/btm7z5tx32ddpsky8z3bz4_r0000gn/T/pip-install-ywsmtpx0/matplotlib_094d7ad14fef499d8433f18c2b0d42de/build/freetype-2.6.1/src/gzip/ftgzip.c:93:
      /private/var/folders/ql/btm7z5tx32ddpsky8z3bz4_r0000gn/T/pip-install-ywsmtpx0/matplotlib_094d7ad14fef499d8433f18c2b0d42de/build/freetype-2.6.1/src/gzip/infcodes.c:50:3: error: unknown type name 'Byte'
         50 |   Byte lbits;           /* ltree bits decoded per branch */
            |   ^
      /private/var/folders/ql/btm7z5tx32ddpsky8z3bz4_r0000gn/T/pip-install-ywsmtpx0/matplotlib_094d7ad14fef499d8433f18c2b0d42de/build/freetype-2.6.1/src/gzip/infcodes.c:51:3: error: unknown type name 'Byte'
         51 |   Byte dbits;           /* dtree bits decoder per branch */
            |   ^
      /private/var/folders/ql/btm7z5tx32ddpsky8z3bz4_r0000gn/T/pip-install-ywsmtpx0/matplotlib_094d7ad14fef499d8433f18c2b0d42de/build/freetype-2.6.1/src/gzip/infcodes.c:70:17: error: use of undeclared identifier 'Byte'
         70 |     c->lbits = (Byte)bl;
            |                 ^
      /private/var/folders/ql/btm7z5tx32ddpsky8z3bz4_r0000gn/T/pip-install-ywsmtpx0/matplotlib_094d7ad14fef499d8433f18c2b0d42de/build/freetype-2.6.1/src/gzip/infcodes.c:71:17: error: use of undeclared identifier 'Byte'
         71 |     c->dbits = (Byte)bd;
            |                 ^
      /private/var/folders/ql/btm7z5tx32ddpsky8z3bz4_r0000gn/T/pip-install-ywsmtpx0/matplotlib_094d7ad14fef499d8433f18c2b0d42de/build/freetype-2.6.1/src/gzip/infcodes.c:204:9: error: use of undeclared identifier 'Byte'
        204 |         OUTBYTE(*f++)
            |         ^
      /private/var/folders/ql/btm7z5tx32ddpsky8z3bz4_r0000gn/T/pip-install-ywsmtpx0/matplotlib_094d7ad14fef499d8433f18c2b0d42de/build/freetype-2.6.1/src/gzip/infutil.h:83:27: note: expanded from macro 'OUTBYTE'
         83 | #define OUTBYTE(a) {*q++=(Byte)(a);m--;}
            |                           ^
      In file included from /private/var/folders/ql/btm7z5tx32ddpsky8z3bz4_r0000gn/T/pip-install-ywsmtpx0/matplotlib_094d7ad14fef499d8433f18c2b0d42de/build/freetype-2.6.1/src/gzip/ftgzip.c:93:
      /private/var/folders/ql/btm7z5tx32ddpsky8z3bz4_r0000gn/T/pip-install-ywsmtpx0/matplotlib_094d7ad14fef499d8433f18c2b0d42de/build/freetype-2.6.1/src/gzip/infcodes.c:213:7: error: use of undeclared identifier 'Byte'
        213 |       OUTBYTE(c->sub.lit)
            |       ^
      /private/var/folders/ql/btm7z5tx32ddpsky8z3bz4_r0000gn/T/pip-install-ywsmtpx0/matplotlib_094d7ad14fef499d8433f18c2b0d42de/build/freetype-2.6.1/src/gzip/infutil.h:83:27: note: expanded from macro 'OUTBYTE'
         83 | #define OUTBYTE(a) {*q++=(Byte)(a);m--;}
            |                           ^
      /private/var/folders/ql/btm7z5tx32ddpsky8z3bz4_r0000gn/T/pip-install-ywsmtpx0/matplotlib_094d7ad14fef499d8433f18c2b0d42de/build/freetype-2.6.1/src/gzip/ftgzip.c:305:23: warning: incompatible pointer types assigning to 'Bytef *' (aka 'int *') from 'FT_Byte[4096]' (aka 'unsigned char[4096]') [-Wincompatible-pointer-types]
        305 |     zstream->next_in  = zip->buffer;
            |                       ^ ~~~~~~~~~~~
      /private/var/folders/ql/btm7z5tx32ddpsky8z3bz4_r0000gn/T/pip-install-ywsmtpx0/matplotlib_094d7ad14fef499d8433f18c2b0d42de/build/freetype-2.6.1/src/gzip/ftgzip.c:354:26: warning: incompatible pointer types assigning to 'Bytef *' (aka 'int *') from 'FT_Byte[4096]' (aka 'unsigned char[4096]') [-Wincompatible-pointer-types]
        354 |       zstream->next_in   = zip->input;
            |                          ^ ~~~~~~~~~~
      /private/var/folders/ql/btm7z5tx32ddpsky8z3bz4_r0000gn/T/pip-install-ywsmtpx0/matplotlib_094d7ad14fef499d8433f18c2b0d42de/build/freetype-2.6.1/src/gzip/ftgzip.c:356:26: warning: incompatible pointer types assigning to 'Bytef *' (aka 'int *') from 'FT_Byte[4096]' (aka 'unsigned char[4096]') [-Wincompatible-pointer-types]
        356 |       zstream->next_out  = zip->buffer;
            |                          ^ ~~~~~~~~~~~
      /private/var/folders/ql/btm7z5tx32ddpsky8z3bz4_r0000gn/T/pip-install-ywsmtpx0/matplotlib_094d7ad14fef499d8433f18c2b0d42de/build/freetype-2.6.1/src/gzip/ftgzip.c:401:23: warning: incompatible pointer types assigning to 'Bytef *' (aka 'int *') from 'FT_Byte[4096]' (aka 'unsigned char[4096]') [-Wincompatible-pointer-types]
        401 |     zstream->next_in  = zip->input;
            |                       ^ ~~~~~~~~~~
      /private/var/folders/ql/btm7z5tx32ddpsky8z3bz4_r0000gn/T/pip-install-ywsmtpx0/matplotlib_094d7ad14fef499d8433f18c2b0d42de/build/freetype-2.6.1/src/gzip/ftgzip.c:416:24: warning: incompatible pointer types assigning to 'Bytef *' (aka 'int *') from 'FT_Byte *' (aka 'unsigned char *') [-Wincompatible-pointer-types]
        416 |     zstream->next_out  = zip->cursor;
            |                        ^ ~~~~~~~~~~~
      /private/var/folders/ql/btm7z5tx32ddpsky8z3bz4_r0000gn/T/pip-install-ywsmtpx0/matplotlib_094d7ad14fef499d8433f18c2b0d42de/build/freetype-2.6.1/src/gzip/ftgzip.c:435:20: warning: incompatible pointer types assigning to 'FT_Byte *' (aka 'unsigned char *') from 'Bytef *' (aka 'int *') [-Wincompatible-pointer-types]
        435 |         zip->limit = zstream->next_out;
            |                    ^ ~~~~~~~~~~~~~~~~~
      /private/var/folders/ql/btm7z5tx32ddpsky8z3bz4_r0000gn/T/pip-install-ywsmtpx0/matplotlib_094d7ad14fef499d8433f18c2b0d42de/build/freetype-2.6.1/src/gzip/ftgzip.c:730:22: warning: incompatible pointer types assigning to 'Bytef *' (aka 'int *') from 'FT_Byte *' (aka 'unsigned char *') [-Wincompatible-pointer-types]
        730 |     stream.next_out  = output;
            |                      ^ ~~~~~~
      7 warnings and 14 errors generated.
      make: *** [/private/var/folders/ql/btm7z5tx32ddpsky8z3bz4_r0000gn/T/pip-install-ywsmtpx0/matplotlib_094d7ad14fef499d8433f18c2b0d42de/build/freetype-2.6.1/objs/ftgzip.lo] Error 1
      Extracting /project/freetype/freetype2/2.6.1/freetype-2.6.1.tar.gz
      Building freetype in build/freetype-2.6.1
      Traceback (most recent call last):
        File "/Users/bakr/miniforge3/lib/python3.12/site-packages/pip/_vendor/pyproject_hooks/_in_process/_in_process.py", line 389, in <module>
          main()
        File "/Users/bakr/miniforge3/lib/python3.12/site-packages/pip/_vendor/pyproject_hooks/_in_process/_in_process.py", line 373, in main
          json_out["return_val"] = hook(**hook_input["kwargs"])
                                   ^^^^^^^^^^^^^^^^^^^^^^^^^^^^
        File "/Users/bakr/miniforge3/lib/python3.12/site-packages/pip/_vendor/pyproject_hooks/_in_process/_in_process.py", line 280, in build_wheel
          return _build_backend().build_wheel(
                 ^^^^^^^^^^^^^^^^^^^^^^^^^^^^^
        File "/private/var/folders/ql/btm7z5tx32ddpsky8z3bz4_r0000gn/T/pip-build-env-_0cwmqy0/overlay/lib/python3.12/site-packages/setuptools/build_meta.py", line 435, in build_wheel
          return _build(['bdist_wheel', '--dist-info-dir', str(metadata_directory)])
                 ^^^^^^^^^^^^^^^^^^^^^^^^^^^^^^^^^^^^^^^^^^^^^^^^^^^^^^^^^^^^^^^^^^^
        File "/private/var/folders/ql/btm7z5tx32ddpsky8z3bz4_r0000gn/T/pip-build-env-_0cwmqy0/overlay/lib/python3.12/site-packages/setuptools/build_meta.py", line 423, in _build
          return self._build_with_temp_dir(
                 ^^^^^^^^^^^^^^^^^^^^^^^^^^
        File "/private/var/folders/ql/btm7z5tx32ddpsky8z3bz4_r0000gn/T/pip-build-env-_0cwmqy0/overlay/lib/python3.12/site-packages/setuptools/build_meta.py", line 404, in _build_with_temp_dir
          self.run_setup()
        File "/private/var/folders/ql/btm7z5tx32ddpsky8z3bz4_r0000gn/T/pip-build-env-_0cwmqy0/overlay/lib/python3.12/site-packages/setuptools/build_meta.py", line 317, in run_setup
          exec(code, locals())
        File "<string>", line 270, in <module>
        File "/private/var/folders/ql/btm7z5tx32ddpsky8z3bz4_r0000gn/T/pip-build-env-_0cwmqy0/overlay/lib/python3.12/site-packages/setuptools/__init__.py", line 115, in setup
          return distutils.core.setup(**attrs)
                 ^^^^^^^^^^^^^^^^^^^^^^^^^^^^^
        File "/private/var/folders/ql/btm7z5tx32ddpsky8z3bz4_r0000gn/T/pip-build-env-_0cwmqy0/overlay/lib/python3.12/site-packages/setuptools/_distutils/core.py", line 186, in setup
          return run_commands(dist)
                 ^^^^^^^^^^^^^^^^^^
        File "/private/var/folders/ql/btm7z5tx32ddpsky8z3bz4_r0000gn/T/pip-build-env-_0cwmqy0/overlay/lib/python3.12/site-packages/setuptools/_distutils/core.py", line 202, in run_commands
          dist.run_commands()
        File "/private/var/folders/ql/btm7z5tx32ddpsky8z3bz4_r0000gn/T/pip-build-env-_0cwmqy0/overlay/lib/python3.12/site-packages/setuptools/_distutils/dist.py", line 1002, in run_commands
          self.run_command(cmd)
        File "/private/var/folders/ql/btm7z5tx32ddpsky8z3bz4_r0000gn/T/pip-build-env-_0cwmqy0/overlay/lib/python3.12/site-packages/setuptools/dist.py", line 1102, in run_command
          super().run_command(command)
        File "/private/var/folders/ql/btm7z5tx32ddpsky8z3bz4_r0000gn/T/pip-build-env-_0cwmqy0/overlay/lib/python3.12/site-packages/setuptools/_distutils/dist.py", line 1021, in run_command
          cmd_obj.run()
        File "/private/var/folders/ql/btm7z5tx32ddpsky8z3bz4_r0000gn/T/pip-build-env-_0cwmqy0/overlay/lib/python3.12/site-packages/setuptools/command/bdist_wheel.py", line 370, in run
          self.run_command("build")
        File "/private/var/folders/ql/btm7z5tx32ddpsky8z3bz4_r0000gn/T/pip-build-env-_0cwmqy0/overlay/lib/python3.12/site-packages/setuptools/_distutils/cmd.py", line 357, in run_command
          self.distribution.run_command(command)
        File "/private/var/folders/ql/btm7z5tx32ddpsky8z3bz4_r0000gn/T/pip-build-env-_0cwmqy0/overlay/lib/python3.12/site-packages/setuptools/dist.py", line 1102, in run_command
          super().run_command(command)
        File "/private/var/folders/ql/btm7z5tx32ddpsky8z3bz4_r0000gn/T/pip-build-env-_0cwmqy0/overlay/lib/python3.12/site-packages/setuptools/_distutils/dist.py", line 1021, in run_command
          cmd_obj.run()
        File "/private/var/folders/ql/btm7z5tx32ddpsky8z3bz4_r0000gn/T/pip-build-env-_0cwmqy0/overlay/lib/python3.12/site-packages/setuptools/_distutils/command/build.py", line 135, in run
          self.run_command(cmd_name)
        File "/private/var/folders/ql/btm7z5tx32ddpsky8z3bz4_r0000gn/T/pip-build-env-_0cwmqy0/overlay/lib/python3.12/site-packages/setuptools/_distutils/cmd.py", line 357, in run_command
          self.distribution.run_command(command)
        File "/private/var/folders/ql/btm7z5tx32ddpsky8z3bz4_r0000gn/T/pip-build-env-_0cwmqy0/overlay/lib/python3.12/site-packages/setuptools/dist.py", line 1102, in run_command
          super().run_command(command)
        File "/private/var/folders/ql/btm7z5tx32ddpsky8z3bz4_r0000gn/T/pip-build-env-_0cwmqy0/overlay/lib/python3.12/site-packages/setuptools/_distutils/dist.py", line 1021, in run_command
          cmd_obj.run()
        File "/private/var/folders/ql/btm7z5tx32ddpsky8z3bz4_r0000gn/T/pip-build-env-_0cwmqy0/overlay/lib/python3.12/site-packages/setuptools/command/build_ext.py", line 96, in run
          _build_ext.run(self)
        File "/private/var/folders/ql/btm7z5tx32ddpsky8z3bz4_r0000gn/T/pip-build-env-_0cwmqy0/overlay/lib/python3.12/site-packages/setuptools/_distutils/command/build_ext.py", line 368, in run
          self.build_extensions()
        File "<string>", line 183, in build_extensions
        File "/private/var/folders/ql/btm7z5tx32ddpsky8z3bz4_r0000gn/T/pip-install-ywsmtpx0/matplotlib_094d7ad14fef499d8433f18c2b0d42de/setupext.py", line 669, in do_custom_build
          subprocess.check_call([make], env=env, cwd=src_path)
        File "/Users/bakr/miniforge3/lib/python3.12/subprocess.py", line 413, in check_call
          raise CalledProcessError(retcode, cmd)
      subprocess.CalledProcessError: Command '['make']' returned non-zero exit status 2.
      [end of output]
  
  note: This error originates from a subprocess, and is likely not a problem with pip.
  ERROR: Failed building wheel for matplotlib
ERROR: Failed to build installable wheels for some pyproject.toml based projects (matplotlib)

2025-09-23 11:13:04,798 - INFO - Installing seaborn==0.12.0
2025-09-23 11:13:05,053 - INFO - ✅ seaborn installed successfully
2025-09-23 11:13:05,053 - INFO - Step 2: Verifying installation...
2025-09-23 11:13:05,053 - INFO - 🔍 Verifying CodeT5 installation...
2025-09-23 11:13:05,053 - ERROR - ❌ transformers import failed: No module named 'transformers'
2025-09-23 11:13:05,053 - ERROR - ❌ torch import failed: No module named 'torch'
2025-09-23 11:13:05,053 - ERROR - ❌ datasets import failed: No module named 'datasets'
2025-09-23 11:13:05,053 - ERROR - ❌ accelerate import failed: No module named 'accelerate'
2025-09-23 11:13:05,053 - ERROR - ❌ evaluate import failed: No module named 'evaluate'
2025-09-23 11:13:05,053 - ERROR - ❌ wandb import failed: No module named 'wandb'
2025-09-23 11:13:05,054 - ERROR - ❌ numpy import failed: No module named 'numpy'
2025-09-23 11:13:05,054 - ERROR - ❌ pandas import failed: No module named 'pandas'
2025-09-23 11:13:05,054 - ERROR - ❌ sklearn import failed: No module named 'sklearn'
2025-09-23 11:13:05,054 - ERROR - ❌ tqdm import failed: No module named 'tqdm'
2025-09-23 11:13:05,054 - ERROR - ❌ matplotlib import failed: No module named 'matplotlib'
2025-09-23 11:13:05,054 - ERROR - ❌ seaborn import failed: No module named 'seaborn'
2025-09-23 11:13:05,054 - INFO - Step 3: Testing CodeT5 model...
2025-09-23 11:13:05,054 - INFO - 🧪 Testing CodeT5 model...
2025-09-23 11:13:05,054 - ERROR - ❌ CodeT5 model test failed: No module named 'transformers'
2025-09-23 11:13:05,054 - INFO - Step 4: Creating output directories...
2025-09-23 11:13:05,054 - INFO - 📁 Creating output directories...
2025-09-23 11:13:05,054 - INFO - ✅ Created directory: ./codet5-vulnerability-model
2025-09-23 11:13:05,054 - INFO - ✅ Created directory: ./codet5-vulnerability-model/checkpoints
2025-09-23 11:13:05,054 - INFO - ✅ Created directory: ./codet5-vulnerability-model/logs
2025-09-23 11:13:05,054 - INFO - ✅ Created directory: ./codet5-vulnerability-model/generated_variants
2025-09-23 11:13:05,054 - INFO - ✅ Created directory: ./codet5-vulnerability-model/evaluation_results
2025-09-23 11:13:05,054 - INFO - ✅ Created directory: ./data/codet5_training
2025-09-23 11:13:05,054 - INFO - ✅ Created directory: ./data/codet5_validation
2025-09-23 11:13:05,054 - INFO - ✅ Created directory: ./data/codet5_test
